CSV Report,2023-08-04_RNA_melting_VS.csv
Worksheet Type,Thermal

METHOD
X mode,nm
Y mode,Abs
Collect mode,Wavelength
Wavelengths (nm),260.00,400.00
Averaging Time (s),.1
Spectral Bandwidth (nm),2
Detector module,Multicell Peltier UV-Vis
Zero,Off
Experiment Zones,1

Temperature Collection
Start (°C),90.0
Return (°C),21.0

Derivative
Lower limit (°C),-5
Upper limit (°C),110

Number of stages,4
Stage,Collect data,Data Interval (°C),Rate (°C/min),End (°C),Hold (min)
Stage 1,Yes,1.0,1.0,21.0,2.00
Stage 2,Yes,1.0,1.0,90.0,2.00
Stage 3,Yes,1.0,1.0,21.0,2.00
Stage 4,Yes,1.0,1.0,90.0,0.00

SAMPLES
Name,5 mM CaCl2_260.00nm_90.0-21.0C,,5 mM CaCl2_260.00nm_21.0-90.0C,,5 mM CaCl2_260.00nm_90.0-21.0C_R1,,5 mM CaCl2_260.00nm_21.0-90.0C_R1,,10 mM MgCl2_260.00nm_90.0-21.0C,,10 mM MgCl2_260.00nm_21.0-90.0C,,10 mM MgCl2_260.00nm_90.0-21.0C_R1,,10 mM MgCl2_260.00nm_21.0-90.0C_R1,,25 mM CaCl2_260.00nm_90.0-21.0C,,25 mM CaCl2_260.00nm_21.0-90.0C,,25 mM CaCl2_260.00nm_90.0-21.0C_R1,,25 mM CaCl2_260.00nm_21.0-90.0C_R1,,25 mM MgCl2_260.00nm_90.0-21.0C,,25 mM MgCl2_260.00nm_21.0-90.0C,,25 mM MgCl2_260.00nm_90.0-21.0C_R1,,25 mM MgCl2_260.00nm_21.0-90.0C_R1,,5 mM CaCl2_400.00nm_90.0-21.0C,,5 mM CaCl2_400.00nm_21.0-90.0C,,5 mM CaCl2_400.00nm_90.0-21.0C_R1,,5 mM CaCl2_400.00nm_21.0-90.0C_R1,,10 mM MgCl2_400.00nm_90.0-21.0C,,10 mM MgCl2_400.00nm_21.0-90.0C,,10 mM MgCl2_400.00nm_90.0-21.0C_R1,,10 mM MgCl2_400.00nm_21.0-90.0C_R1,,25 mM CaCl2_400.00nm_90.0-21.0C,,25 mM CaCl2_400.00nm_21.0-90.0C,,25 mM CaCl2_400.00nm_90.0-21.0C_R1,,25 mM CaCl2_400.00nm_21.0-90.0C_R1,,25 mM MgCl2_400.00nm_90.0-21.0C,,25 mM MgCl2_400.00nm_21.0-90.0C,,25 mM MgCl2_400.00nm_90.0-21.0C_R1,,25 mM MgCl2_400.00nm_21.0-90.0C_R1,
Collection Time,2023-08-24 11:07:31 (+02:00),,2023-08-24 11:07:31 (+02:00),,2023-08-24 11:07:31 (+02:00),,2023-08-24 11:07:31 (+02:00),,2023-08-24 11:07:31 (+02:00),,2023-08-24 11:07:31 (+02:00),,2023-08-24 11:07:31 (+02:00),,2023-08-24 11:07:31 (+02:00),,2023-08-24 11:07:31 (+02:00),,2023-08-24 11:07:31 (+02:00),,2023-08-24 11:07:31 (+02:00),,2023-08-24 11:07:31 (+02:00),,2023-08-24 11:07:31 (+02:00),,2023-08-24 11:07:31 (+02:00),,2023-08-24 11:07:31 (+02:00),,2023-08-24 11:07:31 (+02:00),,2023-08-24 11:07:31 (+02:00),,2023-08-24 11:07:31 (+02:00),,2023-08-24 11:07:31 (+02:00),,2023-08-24 11:07:31 (+02:00),,2023-08-24 11:07:31 (+02:00),,2023-08-24 11:07:31 (+02:00),,2023-08-24 11:07:31 (+02:00),,2023-08-24 11:07:31 (+02:00),,2023-08-24 11:07:31 (+02:00),,2023-08-24 11:07:31 (+02:00),,2023-08-24 11:07:31 (+02:00),,2023-08-24 11:07:31 (+02:00),,2023-08-24 11:07:31 (+02:00),,2023-08-24 11:07:31 (+02:00),,2023-08-24 11:07:31 (+02:00),,2023-08-24 11:07:31 (+02:00),
Cell Number,Cell 4,,Cell 4,,Cell 4,,Cell 4,,Cell 5,,Cell 5,,Cell 5,,Cell 5,,Cell 6,,Cell 6,,Cell 6,,Cell 6,,Cell 7,,Cell 7,,Cell 7,,Cell 7,,Cell 4,,Cell 4,,Cell 4,,Cell 4,,Cell 5,,Cell 5,,Cell 5,,Cell 5,,Cell 6,,Cell 6,,Cell 6,,Cell 6,,Cell 7,,Cell 7,,Cell 7,,Cell 7,
Module Serial Number,MY2226ZC01,,MY2226ZC01,,MY2226ZC01,,MY2226ZC01,,MY2226ZC01,,MY2226ZC01,,MY2226ZC01,,MY2226ZC01,,MY2226ZC01,,MY2226ZC01,,MY2226ZC01,,MY2226ZC01,,MY2226ZC01,,MY2226ZC01,,MY2226ZC01,,MY2226ZC01,,MY2226ZC01,,MY2226ZC01,,MY2226ZC01,,MY2226ZC01,,MY2226ZC01,,MY2226ZC01,,MY2226ZC01,,MY2226ZC01,,MY2226ZC01,,MY2226ZC01,,MY2226ZC01,,MY2226ZC01,,MY2226ZC01,,MY2226ZC01,,MY2226ZC01,,MY2226ZC01,
Instrument Serial Number,MY2228ZA03,,MY2228ZA03,,MY2228ZA03,,MY2228ZA03,,MY2228ZA03,,MY2228ZA03,,MY2228ZA03,,MY2228ZA03,,MY2228ZA03,,MY2228ZA03,,MY2228ZA03,,MY2228ZA03,,MY2228ZA03,,MY2228ZA03,,MY2228ZA03,,MY2228ZA03,,MY2228ZA03,,MY2228ZA03,,MY2228ZA03,,MY2228ZA03,,MY2228ZA03,,MY2228ZA03,,MY2228ZA03,,MY2228ZA03,,MY2228ZA03,,MY2228ZA03,,MY2228ZA03,,MY2228ZA03,,MY2228ZA03,,MY2228ZA03,,MY2228ZA03,,MY2228ZA03,
Instrument Name,MY2228ZA03,,MY2228ZA03,,MY2228ZA03,,MY2228ZA03,,MY2228ZA03,,MY2228ZA03,,MY2228ZA03,,MY2228ZA03,,MY2228ZA03,,MY2228ZA03,,MY2228ZA03,,MY2228ZA03,,MY2228ZA03,,MY2228ZA03,,MY2228ZA03,,MY2228ZA03,,MY2228ZA03,,MY2228ZA03,,MY2228ZA03,,MY2228ZA03,,MY2228ZA03,,MY2228ZA03,,MY2228ZA03,,MY2228ZA03,,MY2228ZA03,,MY2228ZA03,,MY2228ZA03,,MY2228ZA03,,MY2228ZA03,,MY2228ZA03,,MY2228ZA03,,MY2228ZA03,
,Temperature (°C),Abs,Temperature (°C),Abs,Temperature (°C),Abs,Temperature (°C),Abs,Temperature (°C),Abs,Temperature (°C),Abs,Temperature (°C),Abs,Temperature (°C),Abs,Temperature (°C),Abs,Temperature (°C),Abs,Temperature (°C),Abs,Temperature (°C),Abs,Temperature (°C),Abs,Temperature (°C),Abs,Temperature (°C),Abs,Temperature (°C),Abs,Temperature (°C),Abs,Temperature (°C),Abs,Temperature (°C),Abs,Temperature (°C),Abs,Temperature (°C),Abs,Temperature (°C),Abs,Temperature (°C),Abs,Temperature (°C),Abs,Temperature (°C),Abs,Temperature (°C),Abs,Temperature (°C),Abs,Temperature (°C),Abs,Temperature (°C),Abs,Temperature (°C),Abs,Temperature (°C),Abs,Temperature (°C),Abs
,90,0.292256054021894,21,0.247414670583417,90,0.304855327539944,21,0.258927184558219,90,0.270954471583153,21,0.224871066890195,90,0.2806420969282,21,0.232844302053073,90,0.253642086415088,21,0.236264927856092,90,0.289356037388826,21,0.254108715774444,90,0.309669766768292,21,0.265795339946095,90,0.324484522067755,21,0.279824714227935,90,0.0242937879208425,21,0.0235031288542143,90,0.0241288164708028,21,0.0236003797036783,90,0.00465341774943195,21,0.00427253441200161,90,0.0047917342970864,21,0.00435457962694497,90,0.0420591503483266,21,0.0122583542711923,90,0.00628982565398624,21,0.00600047494273137,90,0.0246954125891293,21,0.0239737795576378,90,0.0246733106087397,21,0.0239434635020917
,89,0.292759728532607,22,0.247478854999619,89,0.305258440137858,22,0.258933124881961,89,0.271598206970895,22,0.22493557041622,89,0.281167465938329,22,0.232877984821036,89,0.257851437871556,22,0.236359425357916,89,0.290400961239522,22,0.254135174832989,89,0.310009410470751,22,0.265946394265299,89,0.325233902253072,22,0.279854911250401,89,0.0242801175603514,22,0.0235667621140827,89,0.0241397555968651,22,0.0235815036611259,89,0.00468895600397829,22,0.00428338652742734,89,0.00479153499873276,22,0.00435952125023208,89,0.036492377206768,22,0.0123114275575912,89,0.00624012771027123,22,0.00598641063516483,89,0.0247032515504883,22,0.0240374093267279,89,0.0246878977327763,22,0.0239551202533958
,88,0.292950101114482,23,0.24756559572594,88,0.30524765293716,23,0.259192377110973,88,0.271860289197707,23,0.225121604524366,88,0.281208750128726,23,0.233077752822579,88,0.260468923489719,23,0.236374707027303,88,0.291044497183219,23,0.254343894946372,88,0.310457107268321,23,0.266046596963596,88,0.325536565653663,23,0.280076117762509,88,0.0242739740259325,23,0.0235647649423402,88,0.0241156329887891,23,0.0235914970451108,88,0.00469146043436104,23,0.00432087803683264,88,0.004766682767395,23,0.00436783303054203,88,0.0321772401265845,23,0.0123057240957202,88,0.00615525618209994,23,0.00598215818167778,88,0.0246928418854136,23,0.0240289525902199,88,0.0246729343630623,23,0.0239614565363979
,87,0.293034553793249,24,0.247867665967295,87,0.305057165138658,24,0.259702126602039,87,0.271595641319435,24,0.225466554191272,87,0.280940982969103,24,0.233543560614554,87,0.262296034973951,24,0.236760422623055,87,0.29138807417686,24,0.254844713942921,87,0.310812950548301,24,0.266334289275907,87,0.325411265507671,24,0.280564297105619,87,0.0242474495126766,24,0.0235286727071455,87,0.0240674681730815,24,0.0235492252815241,87,0.0046815495173788,24,0.00434018432427268,87,0.0047567165327661,24,0.00440461575996451,87,0.0288576988476477,24,0.0123105601415013,87,0.00608868317275651,24,0.00594087819432488,87,0.024710371090943,24,0.0239815660436105,87,0.0246417983660819,24,0.0239309194100685
,86,0.292972454784653,25,0.248364599701273,86,0.304760069778766,25,0.260289975592709,86,0.271155214824923,25,0.225888684776241,86,0.28045951748273,25,0.233986544184821,86,0.264177267114011,25,0.237898404461997,86,0.2913275507986,25,0.255593675885848,86,0.310489005663571,25,0.266886933598874,86,0.32508098231917,25,0.281102927965826,86,0.0242117054293476,25,0.0235364431493575,86,0.0240543283940265,25,0.0235661301601919,86,0.00466625747799902,25,0.00434974379114465,86,0.00475460072083517,25,0.00441750862341529,86,0.0262069311942523,25,0.0124777711983512,86,0.0060372028841102,25,0.00594560623476869,86,0.0247133516647724,25,0.0239851030908819,86,0.0246377604029982,25,0.0239265189954936
,85,0.292921325889985,26,0.248761198742716,85,0.304414657738115,26,0.260827630736722,85,0.270725530013048,26,0.226294006957584,85,0.279857126844702,26,0.234428591607447,85,0.265467163997542,26,0.238524225670546,85,0.291224550570702,26,0.256307034595296,85,0.310158424414752,26,0.267203386237831,85,0.324610045864974,26,0.281536734364475,85,0.0242193752165,26,0.0235398066824882,85,0.0240673693799808,26,0.023587112793426,85,0.00466941588382981,26,0.00436495006112006,85,0.0047502841635969,26,0.00441140368731968,85,0.024263994583678,26,0.0125505365804393,85,0.00600341281812755,26,0.00597259609778789,85,0.0247087168862876,26,0.0239913637531473,85,0.024627703319889,26,0.0239399493356721
,84,0.292544451513169,27,0.249216489954759,84,0.304020096469008,27,0.261311462721457,84,0.270091195363076,27,0.226629654583308,84,0.279271616609386,27,0.234819778089831,84,0.26566544182422,27,0.238793604972928,84,0.291129966614946,27,0.256868239694012,84,0.309997014446271,27,0.267411821959703,84,0.324056147120021,27,0.281967085579667,84,0.0242349472092351,27,0.0235459455117618,84,0.0240591425668516,27,0.0235931156305413,84,0.00468216878260873,27,0.00435540945484341,84,0.00475255629227526,27,0.00441467176083671,84,0.0224664849680216,27,0.0125197228845296,84,0.00596672569083862,27,0.00596722068161647,84,0.0247056022425846,27,0.0239739788923265,84,0.0246328419399786,27,0.0239228755077989
,83,0.29207480944153,28,0.249578924964756,83,0.303570286555233,28,0.261769090708688,83,0.269499596238467,28,0.226926401487306,83,0.278693756138537,28,0.235231106913862,83,0.266153271282247,28,0.238856640571763,83,0.291023820455384,28,0.25732912107765,83,0.309362948238132,28,0.267764686414629,83,0.323558793675744,28,0.28249848246556,83,0.0242179766690324,28,0.0235501528209147,83,0.0240375313127562,28,0.0235820958771229,83,0.0046746574499514,28,0.00434694636527672,83,0.00474532242732131,28,0.00441159751327288,83,0.0212408201293307,28,0.0124402693933475,83,0.00594353103177302,28,0.00595512310579449,83,0.0247056595655349,28,0.0239772353723168,83,0.0246277137407677,28,0.0239131183653045
,82,0.291621375444562,29,0.24997719946886,82,0.303178671960747,29,0.262284791279136,82,0.268897768993319,29,0.227302253875483,82,0.278131805325373,29,0.235705419341136,82,0.266823573295958,29,0.239156736630677,82,0.290889198467528,29,0.257888276427713,82,0.308614110314156,29,0.268287734779153,82,0.3230550923605,29,0.283068688936604,82,0.0242139821493876,29,0.0235412890776738,82,0.0240206553738016,29,0.0235853013933029,82,0.00465633636680655,29,0.00436892163505328,82,0.00475712750744335,29,0.0044378019148493,82,0.0203508702771247,29,0.0124382271533804,82,0.00595985132813416,29,0.00596336839659033,82,0.0246937785575966,29,0.0239780029575555,82,0.0246161788660859,29,0.0239324355773462
,81,0.291192975502839,30,0.250515930051306,81,0.302732174309319,30,0.262895054562466,81,0.268251972196702,30,0.227729546635136,81,0.277479658665425,30,0.236196595475485,81,0.267217728055161,30,0.239851838322515,81,0.290731331249129,30,0.258596522828805,81,0.308009761559135,30,0.268663626867821,81,0.322479315204989,30,0.283596175909477,81,0.0241572712307396,30,0.0235759312391228,81,0.0240455989532064,30,0.0235827798950325,81,0.00464646843017133,30,0.00440183264046901,81,0.00475118747605017,30,0.00446274509913701,81,0.0196101695144976,30,0.012544345106914,81,0.00596213505294492,30,0.005941960763229,81,0.0246702167348212,30,0.0240037539597755,81,0.0246246418585698,30,0.0239453837988877
,80,0.290816126314983,31,0.250999152426404,80,0.302297706726269,31,0.263441068194726,80,0.267568739326676,31,0.228141469458495,80,0.276779597990431,31,0.236674680686711,80,0.267461531207783,31,0.240295930661299,80,0.290511062062303,31,0.259314005599971,80,0.307362223623744,31,0.269039904866954,80,0.321864732108639,31,0.284148049850069,80,0.0241740157750134,31,0.0236016561689201,80,0.0240597032023878,31,0.0235785427124946,80,0.00465294655001853,31,0.00441176550134978,80,0.00474298798921907,31,0.00443667883588255,80,0.019065264109059,31,0.0125696762601674,80,0.00596490699917325,31,0.00593193475262599,80,0.0246888887190337,31,0.0240243683178753,80,0.0246396798683515,31,0.0239417842434213
,79,0.290275125813134,32,0.251385893388231,79,0.301841305514438,32,0.26396394600291,79,0.266774801983988,32,0.228519086108045,79,0.275990747355952,32,0.237168749097818,79,0.267462936389671,32,0.240514555575337,79,0.290246873725925,32,0.259989678020579,79,0.306574405671379,32,0.269491560885032,79,0.321177647945712,32,0.284775936034337,79,0.0241827597253608,32,0.0235757443979716,79,0.0240486894676823,32,0.02357628246055,79,0.00464053601774664,32,0.00438746074641196,79,0.00473866305468808,32,0.00444439499266892,79,0.0186567471237239,32,0.0125339708341722,79,0.00595975542952945,32,0.00594364237841114,79,0.0246940616831139,32,0.0239934974409477,79,0.0246395811287338,32,0.0239304791558655
,78,0.289773004520561,33,0.251901541516213,78,0.301323826481172,33,0.264541366532578,78,0.265941844732762,33,0.228946128109,78,0.275140704098518,33,0.237667080324447,78,0.267314818558494,33,0.241187124217371,78,0.290014152830441,33,0.260653774215228,78,0.305783828153096,33,0.269923138937814,78,0.320437540024124,33,0.285355255944078,78,0.0241385972103221,33,0.0235666031674574,78,0.0240259489372319,33,0.0235812664546893,78,0.00462653208520309,33,0.00439194422872901,78,0.00474110392573913,33,0.00446294696856457,78,0.01832552298247,33,0.012628382651862,78,0.00596182943327904,33,0.0059435601859634,78,0.0246804558313287,33,0.0239857620050169,78,0.0246241628110899,33,0.0239375131186625
,77,0.289152999326746,34,0.2524001733516,77,0.300701135892029,34,0.265107357834028,77,0.265013450600365,34,0.229419359945411,77,0.274272756432606,34,0.238162217488054,77,0.267069828554543,34,0.24178075166484,77,0.289697269981988,34,0.261406489283191,77,0.304855840132366,34,0.270447732256456,77,0.319645407905722,34,0.285994954984902,77,0.0241535283767608,34,0.0235691986085726,77,0.0240562202961427,34,0.0236105126695524,77,0.00462481389934736,34,0.00442078571970008,77,0.00473903490399748,34,0.00446442004253526,77,0.0180785866146449,34,0.012708536070156,77,0.00598533756912585,34,0.00597185140050706,77,0.0246749393528671,34,0.0240133181524849,77,0.0246429776404139,34,0.0239728647150981
,76,0.288414084430219,35,0.25284248057814,76,0.300007844109925,35,0.265655351904426,76,0.263997081638623,35,0.229867477143953,76,0.273359145153371,35,0.23864999304594,76,0.266641117637197,35,0.242129791953777,76,0.289287442266928,35,0.262048618504893,76,0.30383904201345,35,0.270921694182986,76,0.318872832625739,35,0.286610786049935,76,0.0241436729320166,35,0.0235786015482947,76,0.0240351371726022,35,0.0235954348010585,76,0.00463712425934758,35,0.00442334826883045,76,0.00473731360780719,35,0.00445002633358752,76,0.0178627522369003,35,0.0127436757014353,76,0.00595173163885692,35,0.00595842682852164,76,0.0246618152114106,35,0.0240293072369723,76,0.0246227849683702,35,0.0239737980816005
,75,0.28775226417424,36,0.253402140826385,75,0.29931427902428,36,0.26625621221867,75,0.262974529082086,36,0.230318168772444,75,0.272281009607546,36,0.239127698780182,75,0.266361115904549,36,0.24259361428941,75,0.288852406968811,36,0.26273977204294,75,0.302961088189019,36,0.271355051641415,75,0.31812677283783,36,0.287235105706588,75,0.0241437794697606,36,0.023599154873963,75,0.0239972466487374,36,0.0236381647178583,75,0.00464570804102017,36,0.00442644071378305,75,0.00474616695110493,36,0.00444036673368136,75,0.0176917550786903,36,0.0127964726165514,75,0.00592902694767153,36,0.00598152139385586,75,0.0246619533827001,36,0.0240242558260769,75,0.0245989838991651,36,0.0240003148962372
,74,0.286971791150093,37,0.253951414448942,74,0.29853774814278,37,0.266884203605882,74,0.261893311807503,37,0.230809891291858,74,0.271168443694299,37,0.239556841944017,74,0.266251233731918,37,0.243073414288917,74,0.288385403912298,37,0.263468587576744,74,0.302012457701154,37,0.271889272012383,74,0.317370502570314,37,0.287885123634309,74,0.0241682048351562,37,0.0236150066974514,74,0.0239988730437557,37,0.023640786958692,74,0.00466076180785462,37,0.00442872587972792,74,0.0047404298310926,37,0.00444569244669187,74,0.0176277461385674,37,0.0128491436869866,74,0.00592288164770344,37,0.00597510285690495,74,0.0246782552831748,37,0.0240300088055561,74,0.024573979840547,37,0.0240096794940818
,73,0.286174896320471,38,0.254540173851087,73,0.297745631818542,38,0.267546716487893,73,0.260790876852442,38,0.231345981753126,73,0.269978595097058,38,0.240011649826405,73,0.265984836579035,38,0.243661886413895,73,0.287844864910428,38,0.26413867220223,73,0.301013343216247,38,0.272428374385844,73,0.316598677468823,38,0.288557182677856,73,0.0241718899431197,38,0.0236191686689243,73,0.0239731594400788,38,0.0236277579568061,73,0.00467436322492284,38,0.00443462827920504,73,0.00472297049051701,38,0.00447325501869654,73,0.0175589983685417,38,0.0129504105314183,73,0.00592269466553565,38,0.00596191403060782,73,0.024708498852836,38,0.0240472186139487,73,0.0245663286413672,38,0.0239897921684558
,72,0.285194967426006,39,0.25512612660933,72,0.296932432454351,39,0.268240655580821,72,0.259702370956175,39,0.231870655998988,72,0.268869084588512,39,0.240395268007963,72,0.265447798742572,39,0.244088509120854,72,0.287362566780193,39,0.264831348247471,72,0.300063364142713,39,0.272970958977954,72,0.315784008897463,39,0.289234314790941,72,0.024169029377819,39,0.0235998064184887,72,0.0239842504450597,39,0.0236595054784657,72,0.0046462075135823,39,0.00445280618738143,72,0.00473213266925696,39,0.00448418184461384,72,0.0174448854688915,39,0.0129810822208615,72,0.00592875702505801,39,0.00598760617398551,72,0.0247028520401855,39,0.0240578040119321,72,0.0245786343094751,39,0.0240125137931231
,71,0.284241443708309,40,0.255718608975067,71,0.296014994713968,40,0.268876732511309,71,0.258583715076643,40,0.232403720165504,71,0.267792313760251,40,0.240733470790275,71,0.264812336958224,40,0.244623435061887,71,0.286874926166409,40,0.265485972113932,71,0.299034621037863,40,0.273529090934341,71,0.314985280755395,40,0.289913842873648,71,0.0241606405108498,40,0.0235884067645664,71,0.02397890234454,40,0.0236710766254167,71,0.00463471792501921,40,0.00446686219853004,71,0.00472318978908522,40,0.00448219187279748,71,0.0173387883644766,40,0.0130102757659305,71,0.00591246544309794,40,0.00599406131312597,71,0.0246718163742572,40,0.024045352586359,71,0.0245673764466836,40,0.0240259005057234
,70,0.283154849561714,41,0.256398490174822,70,0.295028214871815,41,0.26954154735708,70,0.257500403526087,41,0.232955798583768,70,0.266931164114277,41,0.241064597579742,70,0.264207555277776,41,0.245110928412686,70,0.286298156370066,41,0.266204933042319,70,0.298055658019716,41,0.274099677095754,70,0.314156396768503,41,0.290632765579229,70,0.024180198206141,41,0.0236068545697139,70,0.0239815764102625,41,0.0236430176382947,70,0.00465232550081846,41,0.00445633390047196,70,0.00470088390248832,41,0.00448671829655101,70,0.0171981034631504,41,0.0130559008940948,70,0.00592314274836211,41,0.00594268169240615,70,0.0246706718278733,41,0.0240459523654659,70,0.0245700881402681,41,0.0240353522901116
,69,0.282099492548476,42,0.257064692830768,69,0.29406858650971,42,0.27025937379315,69,0.256451774343187,42,0.233558515324968,69,0.266072088615811,42,0.241367997593992,69,0.26339805023094,42,0.245566810785439,69,0.2856604255564,42,0.266839460799972,69,0.297112227274315,42,0.274677716496719,69,0.313364230760992,42,0.291306824335409,69,0.0241670622102386,42,0.023600789335914,69,0.0239669525704706,42,0.0236516474050899,69,0.00463779406342308,42,0.00446240963993436,69,0.00469314124882191,42,0.00451391964139366,69,0.0169622581841823,42,0.013086476345815,69,0.00591731757725081,42,0.00594216832951462,69,0.0246685563588908,42,0.0240670824242157,69,0.0245592062237612,42,0.0240363147373179
,68,0.281007547427338,43,0.257727903157665,68,0.293065988754759,43,0.270959481006129,68,0.255448815412441,43,0.234158918920555,68,0.265070991509779,43,0.241616380159436,68,0.26272646306495,43,0.245983605426426,68,0.285085299543189,43,0.267470209564932,68,0.296265638496047,43,0.27528710234105,68,0.312570659277433,43,0.291973600304671,68,0.0241317189200964,43,0.0236180918678094,68,0.0239802294703575,43,0.0236515670215737,68,0.00465016749208818,43,0.00446600489809885,68,0.00468763394395041,43,0.00451615225672735,68,0.0167443814879602,43,0.0130927486581073,68,0.00594170418618827,43,0.005935184594519,68,0.0246657172400397,43,0.0240797827696304,68,0.0245766457523611,43,0.0240212666409546
,67,0.279883356213295,44,0.25846806876931,67,0.292079293417047,44,0.271684500455104,67,0.25450890011263,44,0.234794263394507,67,0.264150016453772,44,0.241881897230723,67,0.262232317849903,44,0.246420374611164,67,0.284467268836305,44,0.268137127515348,67,0.295451674613061,44,0.2759487151479,67,0.311813007528728,44,0.292672997336081,67,0.0241085899828905,44,0.0236497627275455,67,0.0240014284669531,44,0.0236522792784867,67,0.0046356447451475,44,0.00447171959430761,67,0.00467795701695976,44,0.00451465468485874,67,0.016537105663048,44,0.0130924599180193,67,0.0059506679164773,44,0.00591484498231204,67,0.0246837577648259,44,0.0241015247689031,67,0.0245799317211513,44,0.0240295512492291
,66,0.278924889524288,45,0.259213673889808,66,0.29113511661484,45,0.272447031184878,66,0.253601410446023,45,0.235493424895132,66,0.263319546062712,45,0.242200423430436,66,0.261494994426298,45,0.246767836836808,66,0.283842187010213,45,0.268823592803667,66,0.294727822931097,45,0.276619750193813,66,0.311125710792437,45,0.293367459560503,66,0.0241209862468853,45,0.0236360667461519,66,0.0239424218439272,45,0.0236577269879968,66,0.00461198030269573,45,0.0044797545453437,66,0.00468153626624872,45,0.00451477266798342,66,0.0162341613978999,45,0.0130664691074466,66,0.00589001433817274,45,0.00591855509535712,66,0.0246800230308043,45,0.0241027620004828,66,0.0245469100000486,45,0.0240224940060424
,65,0.277963379272603,46,0.259980336716594,65,0.290206550116724,46,0.273208702919562,65,0.252723590106926,46,0.236221025090946,65,0.262474273141225,46,0.242554986536421,65,0.260907766083629,46,0.247030649790895,65,0.283225905745627,46,0.269483222464613,65,0.294011324391723,46,0.277360938292677,65,0.310412008407274,46,0.29408142601275,65,0.024111147886771,46,0.0236362591518008,65,0.0238879707895437,46,0.0236809552061343,65,0.00462323692870627,46,0.00448640635182414,65,0.00466417768768426,46,0.00451563585026187,65,0.0160280660945885,46,0.0130085535716832,65,0.00585595047076459,46,0.00590933714188796,65,0.0246548598277496,46,0.0241034236059717,65,0.0245287267176554,46,0.0240325807721977
,64,0.276740267967662,47,0.260804420633597,64,0.289250809892169,47,0.273951624689289,64,0.251915874436447,47,0.236925668402296,64,0.261691955171261,47,0.242895841213951,64,0.260529782416762,47,0.247418251710939,64,0.282597526858508,47,0.270196878711579,64,0.2933092457319,47,0.278072870773219,64,0.309705405583891,47,0.29479373380975,64,0.0240971373978012,47,0.0236535581155147,64,0.0238838266468598,47,0.0236500064119694,64,0.00461233837871545,47,0.00448340930088593,64,0.00464974652422783,47,0.00450119468430847,64,0.0158202528033581,47,0.0129779009432037,64,0.00588287064352097,47,0.00589015023405963,64,0.0246479126629095,47,0.0241127174102476,64,0.0245388379442978,47,0.0240160113588743
,63,0.275894300434305,48,0.261628153887808,63,0.288386081173162,48,0.274735474666172,63,0.251129663757544,48,0.237671250561966,63,0.260957457890613,48,0.243224464715003,63,0.259950299322557,48,0.247933069336008,63,0.282005108575332,48,0.270930015609512,63,0.292573453125245,48,0.278766766040964,63,0.309021130786015,48,0.295524793543779,63,0.0240909663636509,48,0.0236608204311447,63,0.0238886818834977,48,0.0236623241740306,63,0.00460930707718132,48,0.00449138544289451,63,0.00466346606013403,48,0.00452165216470642,63,0.0154702256828459,48,0.0129325728318127,63,0.00587697271792187,48,0.00592003451483325,63,0.024650273976998,48,0.0241114604858274,63,0.0245276771712431,48,0.0240452147989119
,62,0.275013074478172,49,0.262423795123755,62,0.287566562436744,49,0.27556927127353,62,0.250353375400656,49,0.238474070294684,62,0.260161142966555,49,0.243528060124966,62,0.259427103350125,49,0.248318830513818,62,0.281385348748932,49,0.271664379698539,62,0.291835598445352,49,0.27953331214709,62,0.308335169859071,49,0.296307260542135,62,0.0240954814821059,49,0.0236616699400062,62,0.0238702778727772,49,0.0236975069406387,62,0.00461526407089005,49,0.00448943370561711,62,0.00467350672284227,49,0.00453306396383504,62,0.0152217433439609,49,0.0128399019900219,62,0.00585871376113758,49,0.00592268461268867,62,0.0246422318066102,49,0.0241172768355978,62,0.024516581347351,49,0.0240961061616568
,61,0.274050470712579,50,0.263297666221831,61,0.286749928315346,50,0.276372237105216,61,0.249597550453501,50,0.239247665733722,61,0.259373550314345,50,0.243824089236525,61,0.258904147364875,50,0.248676339465316,61,0.280773131372117,50,0.272311961731432,61,0.291141406336721,50,0.280354072202859,61,0.307642586684562,50,0.297090350212481,61,0.0240674010734364,50,0.0236930262019776,61,0.0238712904170931,50,0.023721433183836,61,0.00460723582729593,50,0.00447756497619691,61,0.00466595959206181,50,0.00453532653606801,61,0.0150153685670507,50,0.0128329238436367,61,0.00585488513649707,50,0.00591919393034873,61,0.0246375555738652,50,0.0241383633761812,61,0.0245241310171649,50,0.0241235398877455
,60,0.273233474378245,51,0.264186570876819,60,0.285872467387328,51,0.27720525794664,60,0.24885144073354,51,0.240119197791402,60,0.258565949864951,51,0.244274420738196,60,0.258309389967246,51,0.249108750315034,60,0.28011698708555,51,0.273040213387349,60,0.290398652964012,51,0.281174700329789,60,0.307037281604956,51,0.297850404591908,60,0.0240841125222084,51,0.0236790793464523,60,0.0238684935217805,51,0.0237136134905063,60,0.00460746453011541,51,0.00449248733482259,60,0.00466786650258222,51,0.00452177087564017,60,0.0148009189327912,51,0.0127807807941724,60,0.00586880763790911,51,0.00588944619066076,60,0.024614399039253,51,0.0241401976878086,60,0.0244870547161358,51,0.0241003998301914
,59,0.27237933488777,52,0.26508707626212,59,0.285012711163471,52,0.27807800108394,59,0.24813202018493,52,0.241117080444852,59,0.257795969386185,52,0.244984206020705,59,0.257873748970941,52,0.249371040760693,59,0.279533310987592,52,0.273728204411531,59,0.289508448849535,52,0.281965146547127,59,0.306200663113521,52,0.298736394528901,59,0.0240295840103664,52,0.0236670199402998,59,0.0238312725785684,52,0.0236832464439594,59,0.00459857010039763,52,0.00447532216761659,59,0.00462967055508468,52,0.00449491185354399,59,0.014605092409392,52,0.0126698016251878,59,0.00587691984469936,52,0.00585516653319764,59,0.0245231148079563,52,0.0241464266675805,59,0.0244029014397502,52,0.0240719699019127
,58,0.271461591509222,53,0.265945107834237,58,0.284193950517801,53,0.27891837997134,58,0.247377170339582,53,0.242160432026657,58,0.257015581321434,53,0.24587592970463,58,0.257397565158262,53,0.249699859304366,58,0.27892433498549,53,0.274384801625274,58,0.288636136690915,53,0.282776954204011,58,0.305327637722633,53,0.299592211662829,58,0.0239457590584615,53,0.0237031953309761,58,0.0238075861778915,53,0.0236793375445995,58,0.00459692705941496,53,0.00445978007004073,58,0.00463098455000671,53,0.00450074132086444,58,0.0144358148513853,53,0.012598146268068,58,0.00590152466002214,53,0.00584193311408417,58,0.0244431484020907,53,0.0241742168755774,58,0.0243747695230144,53,0.0240689087819743
,57,0.27059255567416,54,0.266762779252303,57,0.283367103172431,54,0.279707495205041,57,0.246576314060546,54,0.242986098917904,57,0.256228756849826,54,0.247058118706442,57,0.256673727751246,54,0.250209558486018,57,0.278292938860291,54,0.275006139363002,57,0.28778748460464,54,0.28364184520947,57,0.304494989325353,54,0.300360963118251,57,0.0239342352539153,54,0.0237396442197523,57,0.0237686741227002,54,0.0237113396887526,57,0.00458996327188662,54,0.00448572674401222,57,0.00465002817262558,54,0.00449106812037934,57,0.0142922655659925,54,0.0126597845843773,57,0.00588006722177608,54,0.00585545385869904,57,0.0244178384090313,54,0.0242025909441771,57,0.0243148902048272,54,0.0241085141168676
,56,0.269750181458126,55,0.267677183555992,56,0.282573058370192,55,0.280581746540985,56,0.245770730885676,55,0.243764355795508,56,0.25542286620429,55,0.24894167261824,56,0.256165847457256,55,0.250684045791939,56,0.277660564131487,55,0.275681122586501,56,0.286989700441,55,0.284488206722341,56,0.303726664844727,55,0.301164191137519,56,0.0239111299136806,55,0.023731532440283,56,0.0237239669064827,55,0.0237273261654159,56,0.00457921423647525,55,0.00448045014889854,56,0.00463752179266502,55,0.00447688160938276,56,0.014197175958503,55,0.0126084263251688,56,0.00586660003511794,55,0.00583793167758456,56,0.024389083421938,55,0.0241881347899628,56,0.0242540307486365,55,0.0241222270659209
,55,0.268935766953963,56,0.268579041758273,55,0.281865008687481,56,0.281446082475864,55,0.244948254860578,56,0.244640438230322,55,0.254602178089958,56,0.251168558523016,55,0.255707399411689,56,0.251269769075233,55,0.276973580577927,56,0.27636721825875,55,0.286202552158425,56,0.285332800436727,55,0.302887591038995,56,0.302025730619371,55,0.0238747110485987,56,0.0236883714531852,55,0.0237287358994414,56,0.0236940205258748,55,0.00456508594007481,56,0.00446421809174135,55,0.00462941371534685,56,0.00448405752605923,55,0.0140982211643684,56,0.012598175120708,55,0.00587428428676306,56,0.00580601457881701,55,0.024349534867104,56,0.0241760611056417,55,0.0242503923851712,56,0.0240886157845773
,54,0.268106498619798,57,0.269417561730721,54,0.281175702462063,57,0.28224067663871,54,0.244148515222116,57,0.245527191241157,54,0.253795935122516,57,0.252971990352263,54,0.255131838164187,57,0.251800152555386,54,0.276385426034446,57,0.277041932717509,54,0.285398157187434,57,0.28619679802929,54,0.302109590013721,57,0.302914959825479,54,0.0238571300438408,57,0.0236909374819548,54,0.0237319164810907,57,0.0236888509805325,54,0.00455466817590676,57,0.00446507886413421,54,0.00463228622789567,57,0.00449377840787727,54,0.0140105209782003,57,0.0126554974036714,54,0.00586657358623734,57,0.00579752449971654,54,0.0243176155352095,57,0.0241840429053608,54,0.0242232044392397,57,0.0240923549027434
,53,0.267360385037612,58,0.270359183538059,53,0.280397133718081,58,0.283018187200003,53,0.243403290241857,58,0.246476535611206,53,0.253012622515554,58,0.253705451095307,53,0.25449208248163,58,0.252373641828411,53,0.275791600878625,58,0.277701455430602,53,0.284589796345314,58,0.287126542942662,53,0.301357151911258,58,0.30381507444706,53,0.0238561774593934,58,0.0236869180238241,53,0.023732893714911,58,0.0236896774571319,53,0.00457103010762793,58,0.00446659994182358,53,0.00463771554115501,58,0.00448544018125231,53,0.0139020264962523,58,0.0127123827499047,53,0.00586528788295809,58,0.0057860566091675,53,0.0243157647936141,58,0.0241717257413029,53,0.0242164721225775,58,0.0241180545522166
,52,0.266629648441698,59,0.271243083011349,52,0.279587877963263,59,0.283862333272195,52,0.242575401444083,59,0.247413632212535,52,0.252224084687915,59,0.25426282179318,52,0.25388082051459,59,0.253018214659348,52,0.275137651151371,59,0.278446978719725,52,0.283854875216971,59,0.287970045535075,52,0.300574737867409,59,0.304668866946156,52,0.0238715260620421,59,0.0236699396329975,52,0.0237204696738022,59,0.0236859197244409,52,0.00458319616807418,59,0.00447564015542307,52,0.00463390991641246,59,0.00448059252880569,52,0.0138399366706383,59,0.0127839857173703,52,0.00587990016346657,59,0.00578882055255623,52,0.0243178422221412,59,0.0241649277297686,52,0.0242018110648668,59,0.0241463982022181
,51,0.265828530859977,60,0.272157137338678,51,0.278743706881651,60,0.284664349750473,51,0.241729890488759,60,0.248310741871663,51,0.251439580864547,60,0.254799856100664,51,0.25329325215461,60,0.253871764128713,51,0.274517972328682,60,0.279255670891166,51,0.283044957711058,60,0.288804519401905,51,0.299779452696005,60,0.305583892153221,51,0.0238812442091655,60,0.0236680251207506,51,0.0237481817318376,60,0.0236740524977179,51,0.0046177307889893,60,0.00447753209576565,51,0.00465065206074121,60,0.00450244905608161,51,0.0138170771211739,60,0.0129166097073779,51,0.00592234331821151,60,0.00579606660691751,51,0.0243081960946477,60,0.0241900628277787,51,0.0242190190901894,60,0.0241693020470684
,50,0.264990547518356,61,0.273112457380753,50,0.27791260093643,61,0.285529724191801,50,0.240916764722331,61,0.249226603710975,50,0.250670424853138,61,0.255238730120885,50,0.252686839695227,61,0.254668554331351,50,0.273879483484527,61,0.280029092438686,50,0.282187421033995,61,0.289743456106496,50,0.298995002406786,61,0.306471754340292,50,0.0238685680255608,61,0.0237092340996089,50,0.0237424059276679,61,0.0236595316952284,50,0.00463037571055899,61,0.00448634698738089,50,0.00465625957240246,61,0.00449799983048065,50,0.0137947782928719,61,0.0131138005860944,50,0.00591137275910899,61,0.00578693400737195,50,0.0242965181897634,61,0.024262404252137,50,0.0241907658711936,61,0.0241983495770595
,49,0.264167684274326,62,0.274104718672215,49,0.27707447878043,62,0.286412607102755,49,0.240144883623967,62,0.250126762173378,49,0.249817447800969,62,0.255686630160805,49,0.251981196319761,62,0.255364235301178,49,0.273158571111576,62,0.280755779302471,49,0.281418359729761,62,0.29067461138649,49,0.298167138632236,62,0.30736290107081,49,0.0238506386232006,62,0.0237678532053136,49,0.0237055592211948,62,0.0236773680047056,49,0.00460639918972772,62,0.0044925090727387,49,0.0046562267283263,62,0.00451462365687154,49,0.0136996600480703,62,0.0133255227579435,49,0.00591027937931136,62,0.00577300985301012,49,0.0242652240478486,62,0.0243523027304214,49,0.0241709209860314,62,0.0242731560196291
,48,0.263338056270026,63,0.275253391191463,48,0.276313478500168,63,0.287375894102638,48,0.239397931926171,63,0.251133053604801,48,0.249034810429098,63,0.256196243103817,48,0.251418134414211,63,0.25613167120684,48,0.272526107883007,63,0.281530386062067,48,0.280614458121918,63,0.291644331551826,48,0.29740490312876,63,0.308314646326855,48,0.0238373609843714,63,0.023801745473071,48,0.0237269783831706,63,0.0237101045315305,48,0.00463172176692093,63,0.00451504392994318,48,0.00466799927064642,63,0.00453870120028198,48,0.0136637763740146,63,0.0135100970093732,48,0.00595795682870883,63,0.00575561421963227,48,0.0242432058077421,63,0.0244486931985539,48,0.0241741111619231,63,0.0243599532491181
,47,0.262532873594629,64,0.276371808938284,47,0.275491414531173,64,0.288370224278728,47,0.238618852540515,64,0.252095848587138,47,0.248286556623493,64,0.256724101651059,47,0.250930388346425,64,0.256778599975801,47,0.27187163183744,64,0.282250704586425,47,0.279823823057669,64,0.292579535486881,47,0.296649680473713,64,0.309218037375705,47,0.0238223442979918,64,0.0238894896838386,47,0.0237246553523918,64,0.0237611659812919,47,0.00464320031074973,64,0.00453904241053141,47,0.00470651179068978,64,0.00455559761546788,47,0.0136824733446078,64,0.0137407309912051,47,0.00597640746165569,64,0.0057359200475068,47,0.0242314856409918,64,0.0245369299784016,47,0.0241639910584217,64,0.0244204522023181
,46,0.261751408339984,65,0.277467288247301,46,0.274700861476719,65,0.289362807028291,46,0.237868628344508,65,0.252952768960663,46,0.24754271186776,65,0.257273455429471,46,0.250293218346205,65,0.257378067032462,46,0.27124146625714,65,0.283016557745694,46,0.279073562783105,65,0.293454668261867,46,0.295876731383831,65,0.310035822015908,46,0.0238040424927657,65,0.0239793940908784,46,0.0236939693852945,65,0.0238516437806518,46,0.00461425761283508,65,0.00455617944379103,46,0.00469233035195024,65,0.00457209981517036,46,0.013606828225332,65,0.0139842483500594,46,0.0059628771157834,65,0.00578701066425908,46,0.0241949545028617,65,0.0245500272358795,46,0.0241426523956462,65,0.0244648309468005
,45,0.260993733874622,66,0.278511528417206,45,0.273926442644409,66,0.290285182074796,45,0.237172371916573,66,0.253848799398657,45,0.246797021834012,66,0.257979064342875,45,0.24971677073208,66,0.257777407497196,45,0.270578931659625,66,0.283805568521429,45,0.278368671362204,66,0.294300321963538,45,0.295136624886328,66,0.310845139378592,45,0.0237774230198868,66,0.0240191633463851,45,0.0236976193522206,66,0.0238705088819813,45,0.00462353486796851,66,0.00456094590359294,45,0.00466874155276706,66,0.00455939305007026,45,0.0135187709967665,66,0.0141585562024426,45,0.0059771351604037,66,0.00578473698542004,45,0.024183281860694,66,0.024562202753956,45,0.0241401146258302,66,0.0244670993248379
,44,0.260210976059512,67,0.279615985376969,44,0.273188425252699,67,0.291318215885943,44,0.23644160842576,67,0.254770756991956,44,0.246066572736528,67,0.258769233192139,44,0.249032058992443,67,0.25840416505426,44,0.26991447766756,67,0.284618515025488,44,0.277716847092998,67,0.295204392332016,44,0.294408982449366,67,0.311779884892125,44,0.0237779042389519,67,0.0240300265639514,44,0.0236612594030151,67,0.0238708030654343,44,0.00462537291700119,67,0.00458504560183364,44,0.00466007675708414,67,0.00456220004959525,44,0.0134367109057008,67,0.0144252280086271,44,0.00596114491754135,67,0.00578810751719841,44,0.0241842052839992,67,0.0246009755417938,44,0.0241064118524886,67,0.0244790924249179
,43,0.259520834923853,68,0.280765114385644,43,0.272380560891463,68,0.292450808099163,43,0.235725862722235,68,0.255744139884434,43,0.245396987839547,68,0.259663286825035,43,0.248467267138313,68,0.259226305737573,43,0.269212525199692,68,0.285416531432615,43,0.27714365771018,68,0.296212099409367,43,0.293664059392475,68,0.312776580508937,43,0.0237888342969252,68,0.0240181880468242,43,0.0236392376859115,68,0.0238736272600863,43,0.00462192987387974,68,0.00457470596277323,43,0.00466628664775066,68,0.00459760546413316,43,0.0134026638518157,68,0.0146887481050084,43,0.0059644905041438,68,0.0057974071212614,43,0.0241569622807526,68,0.0246053362525054,43,0.0241107909139405,68,0.0245028917884092
,42,0.258736675634076,69,0.282029178749125,42,0.271676419725752,69,0.293702934671976,42,0.235113548161004,69,0.256712095403148,42,0.244721893619353,69,0.260548043553416,42,0.247879754383785,69,0.259721219509817,42,0.2685710509527,69,0.286287751173035,42,0.276474907878575,69,0.297259201310457,42,0.293007364054131,69,0.313765906689997,42,0.0237764782805115,69,0.0240381391668141,42,0.0236686981016119,69,0.0238778889178459,42,0.00462084547349553,69,0.00459169531979579,42,0.00465031166148489,69,0.004607449963089,42,0.0133780961116758,69,0.0147735145735268,42,0.00597364318914984,69,0.00579342092222601,42,0.024157896905378,69,0.0246077969635004,42,0.0241007730387018,69,0.0244977839318728
,41,0.257967297832893,70,0.283325118715997,41,0.270923462522512,70,0.294910210917058,41,0.234490334821078,70,0.257765172735269,41,0.244078250145563,70,0.261534920287951,41,0.247218623163145,70,0.26034235291252,41,0.267898519769103,70,0.287313868695542,41,0.275687995152473,70,0.298241249626745,41,0.292301634769926,70,0.314597743893771,41,0.0237675851641508,70,0.024053608914385,41,0.0236667882074267,70,0.0238831438770296,41,0.0046036201804242,70,0.00458168093903276,41,0.0046707061779982,70,0.00461738270850254,41,0.0133158017178583,70,0.0148193098634676,41,0.00598715783876453,70,0.00579969333180955,41,0.0241335429834936,70,0.0245931308439026,41,0.0240947973257707,70,0.0245024607121904
,40,0.257291656597461,71,0.284611756916082,40,0.27022611288741,71,0.296035871953598,40,0.233844678238353,71,0.258874195440977,40,0.243442272855628,71,0.262529248575584,40,0.246696357510774,71,0.260823552372405,40,0.267218569737449,71,0.288206209807709,40,0.275082278190023,71,0.299328241366682,40,0.291595570261702,71,0.315535313973679,40,0.0237578417066784,71,0.0240392682324204,40,0.0236678329787491,71,0.0238749517656045,40,0.00459207247098279,71,0.00457875531542049,40,0.00466174078077562,71,0.00461566381006165,40,0.0132816744783851,71,0.0147134692631618,40,0.00600135407565636,71,0.00578228958101726,40,0.0241327358989833,71,0.0245912342163329,40,0.0241152534381176,71,0.0245036976029156
,39,0.25661616838878,72,0.285875377342612,39,0.269573424626005,72,0.297362578445787,39,0.23326073419064,72,0.259929569955377,39,0.242817939144988,72,0.263574584571363,39,0.246221963923678,72,0.261674937603513,39,0.266579042277612,72,0.289049795729473,39,0.27444357111847,72,0.300475568870638,39,0.290937485308065,72,0.31655645053901,39,0.023773940506057,72,0.024034223718863,39,0.0236328329609569,72,0.0238834608016301,39,0.00458217827762955,72,0.00459905628174675,39,0.00463641887934796,72,0.00461940201054888,39,0.013304143751535,72,0.0146922869599237,39,0.00594817974478781,72,0.00578731748366719,39,0.0241463743329959,72,0.0246047991141506,39,0.0240555548537124,72,0.024514144215129
,38,0.256005274723684,73,0.287188364905306,38,0.268900952614436,73,0.298309544492495,38,0.232706184650099,73,0.261109794316123,38,0.242209722493052,73,0.26457861838241,38,0.245593281337822,73,0.262601685683758,38,0.265918988514608,73,0.289818868987675,38,0.273801345525221,73,0.301732301578549,38,0.290257393984891,73,0.317562771633105,38,0.0237736227496597,73,0.0240672248915489,38,0.0236166346615268,73,0.0238807679816779,38,0.00456248135526195,73,0.00461712409295005,38,0.00462225243405124,73,0.00461887626414212,38,0.0132475704544204,73,0.0145561728535118,38,0.00596157693891162,73,0.00575548715048318,38,0.0241359439748804,73,0.0246134246586018,38,0.0240280157111257,73,0.0245110452873055
,37,0.255402873052866,74,0.288408269552321,37,0.268218892451983,74,0.299380133053222,37,0.232165193149138,74,0.26228430282521,37,0.241618237754339,74,0.265651822208461,37,0.24495322365842,74,0.263492760046743,37,0.265200477903479,74,0.290759586237617,37,0.273315827987066,74,0.303006459599775,37,0.28956750870349,74,0.318645574533972,37,0.0237634808697374,74,0.0240829392653612,37,0.0236102734694548,74,0.0239105600084135,37,0.00456035060154909,74,0.00462845436461895,37,0.00462777884799781,74,0.00463560693048503,37,0.0131358726660469,74,0.0143352898143172,37,0.00598301568308033,74,0.00577823277886644,37,0.0241456584737291,74,0.0246111073282873,37,0.0240419878378965,74,0.0245477907837026
,36,0.254776435735635,75,0.289581276786579,36,0.267558039539527,75,0.300540422416483,36,0.23165351512126,75,0.26359925756864,36,0.241038104525801,75,0.266771952966235,36,0.244370031888087,75,0.264683613661123,36,0.264541432488907,75,0.291767226664018,36,0.272768181146667,75,0.3044243700592,36,0.288919710022838,75,0.319774855472898,36,0.0237123800041191,75,0.0241089004039136,36,0.0235871755029551,75,0.0239229861688256,36,0.00455431318793333,75,0.00462965890094919,36,0.0046111016965519,75,0.00464812964909732,36,0.0130524095751526,75,0.0141094975364282,36,0.00597497383398043,75,0.00580004739611507,36,0.0241131767040856,75,0.0246205743274169,36,0.0240209850027043,75,0.0245722411272916
,35,0.254216488988673,76,0.290682985693067,35,0.26691361081462,76,0.301623903429973,35,0.231171565597779,76,0.264845720183999,35,0.24043070167816,76,0.267880081298611,35,0.243854247503848,76,0.265952366017271,35,0.263883282090277,76,0.292635161142562,35,0.272193220384363,76,0.30584502039533,35,0.288253750544899,76,0.32091633617968,35,0.0236929211663364,76,0.0241019671311617,35,0.0235809713686679,76,0.023898063271623,35,0.00455677421359024,76,0.00465287171029297,35,0.00461862297225835,76,0.00465113060657119,35,0.0130036857380287,76,0.0138375967640882,35,0.00600168185025152,76,0.00578778928211354,35,0.0240863509842643,76,0.0246072823678484,35,0.0240204723153203,76,0.024542382420123
,34,0.253705784423325,77,0.29177924591952,34,0.266350385823881,77,0.302622061008703,34,0.230681361098028,77,0.26609635171002,34,0.239878440794391,77,0.268991175579056,34,0.243416123032876,77,0.267401149971756,34,0.26320895067819,77,0.293450532093151,34,0.2717281390929,77,0.30716884777,34,0.28760112107374,77,0.322183800504313,34,0.0237097940193529,77,0.0240640032681839,34,0.0235564264618248,77,0.0238869853637922,34,0.00453174058526335,77,0.00466620095864968,34,0.00460748636503082,77,0.00466878596585101,34,0.0130101814524837,77,0.0134687084436051,34,0.00595680342246041,77,0.0057695515458189,34,0.0240995212366107,77,0.0246083073315397,34,0.0239758633050878,77,0.0245482656623048
,33,0.253196531102184,78,0.29283667935989,33,0.265785011336061,78,0.303577973723944,33,0.230208264906907,78,0.267384633888615,33,0.239317450149137,78,0.270082232603131,33,0.242890029455366,78,0.269216932380904,33,0.262526359503571,78,0.294357333585976,33,0.271228212685058,78,0.308604393350803,33,0.286983629071306,78,0.32340382173915,33,0.0237285482411644,78,0.0240801532553367,33,0.0235819082230642,78,0.0239172087120602,33,0.00452420977082889,78,0.00464559868071142,33,0.00459813176990186,78,0.00467051413134109,33,0.0129576315672632,78,0.0131442896037394,33,0.00597628760418986,78,0.00578640644911105,33,0.0240950626609785,78,0.0246431212921854,33,0.023992400375065,78,0.0245703952203416
,32,0.252675481052397,79,0.293847805169785,32,0.265231927115131,79,0.304522227620697,32,0.229764011637721,79,0.268559567908343,32,0.238755255624679,79,0.271133791007029,32,0.242279269133326,79,0.2705963678126,32,0.261816121137569,79,0.295309963575072,32,0.27068656742596,79,0.30991072165027,32,0.286397953435272,79,0.324501628365694,32,0.0237176214732269,79,0.0240818139078841,32,0.0236101530955157,79,0.0239228602643237,32,0.00453385181193833,79,0.00463915155756938,32,0.00457503207122285,79,0.00465295185471256,32,0.0128711991598852,79,0.0126181376111244,32,0.00599246451315,79,0.00578008734859128,32,0.0240725532905842,79,0.0246418708736141,32,0.0240129951216537,79,0.0245639719025051
,31,0.252183946199458,80,0.294846945376928,31,0.264636281760456,80,0.305514813943445,31,0.229318290485849,80,0.269667412533494,31,0.238221960050994,80,0.272224322195438,31,0.241773756943698,80,0.271697211490564,31,0.261179273144207,80,0.296171906250989,31,0.270243854141789,80,0.311189456189656,31,0.285739698764462,80,0.325724959397012,31,0.0236918779899722,80,0.0240804386309478,31,0.0235993663215801,80,0.023941724580297,31,0.00453050943298028,80,0.00463309311791755,31,0.00457066366556435,80,0.00467299420279265,31,0.0128231816356029,80,0.011946551848942,31,0.00600472368484688,80,0.00576710258527397,31,0.0240757976976574,80,0.0246225319573295,31,0.023978466136866,80,0.0245645877040945
,30,0.251702198573001,81,0.295800004262065,30,0.264065842745277,81,0.3063643828799,30,0.228890993716702,81,0.270763092408433,30,0.237701346944623,81,0.273250548658559,30,0.241276301182623,81,0.273035020123806,30,0.260454590139756,81,0.297021057344662,30,0.269841007780722,81,0.312503382428275,30,0.285109623266786,81,0.326901306720933,30,0.0237092498349279,81,0.0240909346356287,30,0.02358881438956,81,0.0239273418973978,30,0.00454357710157588,81,0.00465568863025457,30,0.0045576030927115,81,0.00467811229669517,30,0.012816229153087,81,0.0113136608064216,30,0.00598827077293948,81,0.00574043217275946,30,0.0241068031828418,81,0.024632256334053,30,0.0239682222215096,81,0.0245532721511054
,29,0.251188165935386,82,0.296716908927966,29,0.263522414613948,82,0.307159905898123,29,0.228472616984216,82,0.271807204628257,29,0.237212967276463,82,0.274208685244257,29,0.240755108149474,82,0.274320886930293,29,0.259716099247871,82,0.297788461171985,29,0.269341890406019,82,0.31374894264329,29,0.284516935796899,82,0.328003500704584,29,0.0236593391025362,82,0.0241113923434794,29,0.0235916109758245,82,0.0239521812342619,29,0.00452483261550119,82,0.00466014835246846,29,0.00459205973397026,82,0.00469377295369506,29,0.0127053631277869,82,0.0106616785846392,29,0.00598377096078679,82,0.0057545663737044,29,0.0240495700577751,82,0.0246403250731511,29,0.0239763341859916,82,0.024588646581761
,28,0.250711855389012,83,0.29756750294486,28,0.263018446706475,83,0.30790938554558,28,0.228040046801362,83,0.272817724181005,28,0.236671577970724,83,0.275128080973151,28,0.240288138876232,83,0.275685184745542,28,0.259120298546578,83,0.298607678896973,28,0.268889008720044,83,0.314920355358893,28,0.284014222597639,83,0.329075698831064,28,0.0236432606386103,83,0.0241295268645398,28,0.0236192847405552,83,0.0239367058862142,28,0.00451408630865543,83,0.00464516398925894,28,0.0045719967161443,83,0.00469562948255158,28,0.0126833553297935,83,0.0100160049662973,28,0.00603230505845845,83,0.00573938036564813,28,0.0240360585060069,83,0.0246421594470477,28,0.023976197000241,83,0.0245960356760075
,27,0.250318497831341,84,0.298352548824534,27,0.262499371115826,84,0.308704723964185,27,0.227699348611869,84,0.273796488428893,27,0.236253362630041,84,0.276099196989373,27,0.239873513013427,84,0.277327596900257,27,0.258523242585946,84,0.299553980593861,27,0.268502146436159,84,0.315982779359364,27,0.283479604639657,84,0.330171846466131,27,0.0236529361241316,84,0.0241176178036014,27,0.0235939198879152,84,0.0239573743746022,27,0.00451894037297083,84,0.00466456199617448,27,0.00456988760570216,84,0.00470319001423038,27,0.0126556117653958,84,0.00945194363308093,27,0.00601030455753167,84,0.00574707246880363,27,0.0240446690678739,84,0.0246409862987227,27,0.0239715162855719,84,0.0246054840415472
,26,0.249909441672648,85,0.299232778952267,26,0.262025407204108,85,0.309456005316683,26,0.22730746566938,85,0.274740741105381,26,0.235791537349367,85,0.276991675239854,26,0.239373522932173,85,0.2789139692837,26,0.257895639436684,85,0.300391266140385,26,0.268093415107574,85,0.317080305565401,26,0.282955195277247,85,0.331282669737173,26,0.0236250625722923,85,0.024104213339037,26,0.0235828081828654,85,0.0239595534661685,26,0.00449856761643999,85,0.00468992554451654,26,0.00455628694701448,85,0.00470530257014015,26,0.012607539796296,85,0.00886266788287661,26,0.00598980386314514,85,0.00573848248142303,26,0.0240439674664384,85,0.0246399834190778,26,0.0239648514316029,85,0.0246048119879783
,25,0.249463031935118,86,0.300089273840733,25,0.261515408477061,86,0.310210701045866,25,0.226900264627316,86,0.27564611018027,25,0.235306625549323,86,0.277854946917946,25,0.238832205387539,86,0.2803186890011,25,0.257243168761451,86,0.301199575772603,25,0.26769394398022,86,0.318170043604598,25,0.282361001458467,86,0.332230698865882,25,0.0236247642189207,86,0.0241138235066075,25,0.0235552827030336,86,0.0239656610523882,25,0.00445824452359089,86,0.00470990371140447,25,0.00453387445287967,86,0.00470862886012241,25,0.0125748575402979,86,0.00823395076540561,25,0.00596925019122133,86,0.00571819203550775,25,0.0240646305261559,86,0.0246450714007026,25,0.0239327665854264,86,0.024602775775283
,24,0.24900019237263,87,0.300870808914927,24,0.260943097716521,87,0.311013733520286,24,0.22644668348097,87,0.276539871739604,24,0.234752066907077,87,0.278760064663039,24,0.238213449163958,87,0.281860148090979,24,0.256524254140426,87,0.302096810047787,24,0.267272690457439,87,0.31927561009044,24,0.281805653384097,87,0.33323779425236,24,0.0236239433028555,87,0.0241327401114912,24,0.0235590713089972,87,0.0239826569429678,24,0.00444047486474478,87,0.00470994366264555,24,0.00451345395501873,87,0.0047205897120446,24,0.0124914194947692,87,0.0077643313479116,24,0.0059751886622277,87,0.00570847020779492,24,0.024061373650291,87,0.0246458189967058,24,0.0239587368147849,87,0.0246044442932429
,23,0.248596396550664,88,0.301615865306661,23,0.260358429861718,88,0.311601581739387,23,0.226020043985894,88,0.27742906591332,23,0.234205660535811,88,0.279622615923387,23,0.237742092437961,88,0.283611935530746,23,0.255823294785024,88,0.3029593915737,23,0.266876065851777,88,0.320359452611656,23,0.281254585859363,88,0.334214721008433,23,0.0236085668389777,88,0.0241408570266391,23,0.0235316464584351,88,0.0239682323217478,23,0.00437712543706251,88,0.00473260104685329,23,0.00446893673571788,88,0.0047301646101156,23,0.0124484953284884,88,0.00738139023534224,23,0.00596006362117634,88,0.00570633112557091,23,0.0240191408372846,88,0.0246573565855992,23,0.0239219444742273,88,0.0245983621023275
,22,0.248187956206428,89,0.302408634445448,22,0.259824793721834,89,0.311850635554406,22,0.225655139794015,89,0.278298337724846,22,0.233741497472048,89,0.280456211679227,22,0.237367701599079,89,0.285210754536147,22,0.255202935119542,89,0.30378235857448,22,0.26657497270593,89,0.321408622680442,22,0.280769080702784,89,0.335260378205819,22,0.0236012097009904,89,0.0241336142680938,22,0.023565225787434,89,0.023986469631357,22,0.00433355449632624,89,0.00473426467488685,22,0.00444910555146368,89,0.00473467094636108,22,0.0124370496642904,89,0.00705384980507523,22,0.00595833748420102,89,0.0057125756735099,22,0.0240341412898843,89,0.0246701998229267,22,0.0239555943115471,89,0.0246184894830594
,21.2999992370605,0.247964464148916,89.6999969482422,0.302962023564158,21.2999992370605,0.259484104485882,89.6999969482422,0.31158449779455,21.2999992370605,0.22540825279383,89.6999969482422,0.278898479030884,21.2999992370605,0.233413542137737,89.6999969482422,0.281089250277389,21.2999992370605,0.237111133175301,89.6999969482422,0.286167073725672,21.2999992370605,0.254794759483241,89.6999969482422,0.304479715806627,21.2999992370605,0.266420782629406,89.6999969482422,0.322171244609612,21.2999992370605,0.280423711402226,89.6999969482422,0.336053969212564,21.2999992370605,0.0236081541397403,89.6999969482422,0.0241277936041496,21.2999992370605,0.0235702172409291,89.6999969482422,0.024005133999805,21.2999992370605,0.0043283675347053,89.6999969482422,0.00472638098904922,21.2999992370605,0.00442039653422505,89.6999969482422,0.00474437148821636,21.2999992370605,0.012424325627971,89.6999969482422,0.00685157519942507,21.2999992370605,0.00596018017303793,89.6999969482422,0.00572425107026414,21.2999992370605,0.0240645031333746,89.6999969482422,0.0246763877148724,21.2999992370605,0.0239363392202257,89.6999969482422,0.0246342812928464
