CSV Report,2023-11-09_RNA_melting_H2O.csv
Worksheet Type,Thermal

METHOD
X mode,nm
Y mode,Abs
Collect mode,Wavelength
Wavelengths (nm),260.00,400.00
Averaging Time (s),.1
Spectral Bandwidth (nm),2
Detector module,Multicell Peltier UV-Vis
Zero,Off
Experiment Zones,1

Temperature Collection
Start (°C),90.0
Return (°C),21.0

Derivative
Lower limit (°C),-5
Upper limit (°C),110

Number of stages,4
Stage,Collect data,Data Interval (°C),Rate (°C/min),End (°C),Hold (min)
Stage 1,Yes,1.0,1.0,21.0,2.00
Stage 2,Yes,1.0,1.0,90.0,2.00
Stage 3,Yes,1.0,1.0,21.0,2.00
Stage 4,Yes,1.0,1.0,90.0,0.00

SAMPLES
Name,1 mM EDTA1_260.00nm_90.0-21.0C,,1 mM EDTA1_260.00nm_21.0-90.0C,,1 mM EDTA1_260.00nm_90.0-21.0C_R1,,1 mM EDTA1_260.00nm_21.0-90.0C_R1,,1 mM EDTA2_260.00nm_90.0-21.0C,,1 mM EDTA2_260.00nm_21.0-90.0C,,1 mM EDTA2_260.00nm_90.0-21.0C_R1,,1 mM EDTA2_260.00nm_21.0-90.0C_R1,,0 mM EDTA1_260.00nm_90.0-21.0C,,0 mM EDTA1_260.00nm_21.0-90.0C,,0 mM EDTA1_260.00nm_90.0-21.0C_R1,,0 mM EDTA1_260.00nm_21.0-90.0C_R1,,0 mM EDTA2_260.00nm_90.0-21.0C,,0 mM EDTA2_260.00nm_21.0-90.0C,,0 mM EDTA2_260.00nm_90.0-21.0C_R1,,0 mM EDTA2_260.00nm_21.0-90.0C_R1,,1 mM EDTA1_400.00nm_90.0-21.0C,,1 mM EDTA1_400.00nm_21.0-90.0C,,1 mM EDTA1_400.00nm_90.0-21.0C_R1,,1 mM EDTA1_400.00nm_21.0-90.0C_R1,,1 mM EDTA2_400.00nm_90.0-21.0C,,1 mM EDTA2_400.00nm_21.0-90.0C,,1 mM EDTA2_400.00nm_90.0-21.0C_R1,,1 mM EDTA2_400.00nm_21.0-90.0C_R1,,0 mM EDTA1_400.00nm_90.0-21.0C,,0 mM EDTA1_400.00nm_21.0-90.0C,,0 mM EDTA1_400.00nm_90.0-21.0C_R1,,0 mM EDTA1_400.00nm_21.0-90.0C_R1,,0 mM EDTA2_400.00nm_90.0-21.0C,,0 mM EDTA2_400.00nm_21.0-90.0C,,0 mM EDTA2_400.00nm_90.0-21.0C_R1,,0 mM EDTA2_400.00nm_21.0-90.0C_R1,
Collection Time,2023-11-09 10:14:23 (+01:00),,2023-11-09 10:14:23 (+01:00),,2023-11-09 10:14:23 (+01:00),,2023-11-09 10:14:23 (+01:00),,2023-11-09 10:14:23 (+01:00),,2023-11-09 10:14:23 (+01:00),,2023-11-09 10:14:23 (+01:00),,2023-11-09 10:14:23 (+01:00),,2023-11-09 10:14:23 (+01:00),,2023-11-09 10:14:23 (+01:00),,2023-11-09 10:14:23 (+01:00),,2023-11-09 10:14:23 (+01:00),,2023-11-09 10:14:23 (+01:00),,2023-11-09 10:14:23 (+01:00),,2023-11-09 10:14:23 (+01:00),,2023-11-09 10:14:23 (+01:00),,2023-11-09 10:14:23 (+01:00),,2023-11-09 10:14:23 (+01:00),,2023-11-09 10:14:23 (+01:00),,2023-11-09 10:14:23 (+01:00),,2023-11-09 10:14:23 (+01:00),,2023-11-09 10:14:23 (+01:00),,2023-11-09 10:14:23 (+01:00),,2023-11-09 10:14:23 (+01:00),,2023-11-09 10:14:23 (+01:00),,2023-11-09 10:14:23 (+01:00),,2023-11-09 10:14:23 (+01:00),,2023-11-09 10:14:23 (+01:00),,2023-11-09 10:14:23 (+01:00),,2023-11-09 10:14:23 (+01:00),,2023-11-09 10:14:23 (+01:00),,2023-11-09 10:14:23 (+01:00),
Cell Number,Cell 4,,Cell 4,,Cell 4,,Cell 4,,Cell 5,,Cell 5,,Cell 5,,Cell 5,,Cell 6,,Cell 6,,Cell 6,,Cell 6,,Cell 7,,Cell 7,,Cell 7,,Cell 7,,Cell 4,,Cell 4,,Cell 4,,Cell 4,,Cell 5,,Cell 5,,Cell 5,,Cell 5,,Cell 6,,Cell 6,,Cell 6,,Cell 6,,Cell 7,,Cell 7,,Cell 7,,Cell 7,
Module Serial Number,MY2226ZC01,,MY2226ZC01,,MY2226ZC01,,MY2226ZC01,,MY2226ZC01,,MY2226ZC01,,MY2226ZC01,,MY2226ZC01,,MY2226ZC01,,MY2226ZC01,,MY2226ZC01,,MY2226ZC01,,MY2226ZC01,,MY2226ZC01,,MY2226ZC01,,MY2226ZC01,,MY2226ZC01,,MY2226ZC01,,MY2226ZC01,,MY2226ZC01,,MY2226ZC01,,MY2226ZC01,,MY2226ZC01,,MY2226ZC01,,MY2226ZC01,,MY2226ZC01,,MY2226ZC01,,MY2226ZC01,,MY2226ZC01,,MY2226ZC01,,MY2226ZC01,,MY2226ZC01,
Instrument Serial Number,MY2228ZA03,,MY2228ZA03,,MY2228ZA03,,MY2228ZA03,,MY2228ZA03,,MY2228ZA03,,MY2228ZA03,,MY2228ZA03,,MY2228ZA03,,MY2228ZA03,,MY2228ZA03,,MY2228ZA03,,MY2228ZA03,,MY2228ZA03,,MY2228ZA03,,MY2228ZA03,,MY2228ZA03,,MY2228ZA03,,MY2228ZA03,,MY2228ZA03,,MY2228ZA03,,MY2228ZA03,,MY2228ZA03,,MY2228ZA03,,MY2228ZA03,,MY2228ZA03,,MY2228ZA03,,MY2228ZA03,,MY2228ZA03,,MY2228ZA03,,MY2228ZA03,,MY2228ZA03,
Instrument Name,MY2228ZA03,,MY2228ZA03,,MY2228ZA03,,MY2228ZA03,,MY2228ZA03,,MY2228ZA03,,MY2228ZA03,,MY2228ZA03,,MY2228ZA03,,MY2228ZA03,,MY2228ZA03,,MY2228ZA03,,MY2228ZA03,,MY2228ZA03,,MY2228ZA03,,MY2228ZA03,,MY2228ZA03,,MY2228ZA03,,MY2228ZA03,,MY2228ZA03,,MY2228ZA03,,MY2228ZA03,,MY2228ZA03,,MY2228ZA03,,MY2228ZA03,,MY2228ZA03,,MY2228ZA03,,MY2228ZA03,,MY2228ZA03,,MY2228ZA03,,MY2228ZA03,,MY2228ZA03,
,Temperature (°C),Abs,Temperature (°C),Abs,Temperature (°C),Abs,Temperature (°C),Abs,Temperature (°C),Abs,Temperature (°C),Abs,Temperature (°C),Abs,Temperature (°C),Abs,Temperature (°C),Abs,Temperature (°C),Abs,Temperature (°C),Abs,Temperature (°C),Abs,Temperature (°C),Abs,Temperature (°C),Abs,Temperature (°C),Abs,Temperature (°C),Abs,Temperature (°C),Abs,Temperature (°C),Abs,Temperature (°C),Abs,Temperature (°C),Abs,Temperature (°C),Abs,Temperature (°C),Abs,Temperature (°C),Abs,Temperature (°C),Abs,Temperature (°C),Abs,Temperature (°C),Abs,Temperature (°C),Abs,Temperature (°C),Abs,Temperature (°C),Abs,Temperature (°C),Abs,Temperature (°C),Abs,Temperature (°C),Abs
,90,0.351945094561105,21,0.325468340240696,90,0.361244133836028,21,0.324634437464129,90,0.30858063846497,21,0.280407938955382,90,0.319983595029122,21,0.28989927841508,90,0.314616122767546,21,0.289067072401528,90,0.309057103382145,21,0.269498868750774,90,0.337656568314602,21,0.309446411749433,90,0.344882962727872,21,0.306220444653222,90,0.0312591554184575,21,0.031178995961063,90,0.0313814150851439,21,0.031304697896564,90,0.00864375983048264,21,0.00849744267437853,90,0.00862287334461252,21,0.00854381516674375,90,0.00479039651407825,21,0.00450066651136784,90,0.00490236798234401,21,0.00455122658039361,90,0.0261410693604717,21,0.0259125791153296,90,0.0261071598847075,21,0.0258805710328313
,89,0.352606755191638,22,0.32570722975557,89,0.361872753584631,22,0.324808620421106,89,0.309360829895516,22,0.280610462631349,89,0.320192028095549,22,0.290071028202195,89,0.315877517409868,22,0.289138424666145,89,0.314969282204035,22,0.269667539356471,89,0.337798039663618,22,0.309560354974964,89,0.345677231606792,22,0.306402136761719,89,0.0312724063179602,22,0.0312067968777489,89,0.0313367370680406,22,0.0313161155155423,89,0.0086335363901506,22,0.00847558510874036,89,0.00859813451682225,22,0.00853121964127875,89,0.0048097837784928,22,0.00450784045781779,89,0.00489461668742645,22,0.00454729424480035,89,0.0261466712871499,22,0.0259199534758704,89,0.0260796795677705,22,0.0259039809220187
,88,0.353718372718661,23,0.32620313637559,88,0.362092701547613,23,0.325265994685867,88,0.309974171607431,23,0.28110316115427,88,0.320545911234427,23,0.29055470289826,88,0.317095356050966,23,0.289507609918296,88,0.31577117195493,23,0.270187109208107,88,0.338417752488021,23,0.310067542254351,88,0.345901440770942,23,0.30700912074054,88,0.0312493180168937,23,0.0312200448952175,88,0.0313741208052994,23,0.0313162096411684,88,0.00862629523550407,23,0.0084944735497948,88,0.00858004288658679,23,0.008531454066211,88,0.00480289517740458,23,0.00450396005404806,88,0.00492599983361557,23,0.00454953402170702,88,0.0261424674855519,23,0.0259298413704794,88,0.02609180196199,23,0.0259020400226748
,87,0.354533931273533,24,0.327077188220941,87,0.362031701824331,24,0.326093300538923,87,0.310164201851043,24,0.28203359900309,87,0.320720377113411,24,0.291413688934896,87,0.317259166423459,24,0.290174679401386,87,0.31640423742436,24,0.271136009948337,87,0.339180665887398,24,0.310945448796718,87,0.345853332909672,24,0.308123612794014,87,0.0312489491842488,24,0.0312527950770022,87,0.0313865364623378,24,0.0313117167349165,87,0.00861036586977901,24,0.00849919893157214,87,0.00854507608326992,24,0.00856455887811456,87,0.0048133334954118,24,0.00451956418219064,87,0.00492302782016878,24,0.00455696766795962,87,0.0261444944214906,24,0.0259383801408077,87,0.0260966696797865,24,0.0259102728369777
,86,0.354898617070089,25,0.327811074373223,86,0.362046379917675,25,0.326927985446365,86,0.310337931734847,25,0.282705362834411,86,0.320712962719933,25,0.292136066916566,86,0.317439229040625,25,0.290725161747399,86,0.31677939768806,25,0.272208722775165,86,0.339851827842907,25,0.311759338977691,86,0.346013943072205,25,0.309390619744444,86,0.0312451781963392,25,0.0312810337577596,86,0.031383758828975,25,0.0313327244462252,86,0.00860258542216352,25,0.00853048241548652,86,0.00854653831835239,25,0.00856098985834236,86,0.00483043405545527,25,0.00453486311104698,86,0.00490051019815849,25,0.00456136567219123,86,0.026187266151267,25,0.0259547331278147,86,0.0260677130014118,25,0.0259225250439427
,85,0.355423492553531,26,0.328517489916196,85,0.36197411294304,26,0.327581314878174,85,0.310295189212032,26,0.283348236363073,85,0.320721037431695,26,0.292819593339914,85,0.317846280855553,26,0.29147311932408,85,0.316784572175314,26,0.273344472673351,85,0.339872146718003,26,0.312708456967549,85,0.346190593254197,26,0.310704409098928,85,0.0312659450662896,26,0.0313100842237684,85,0.0313948002051872,26,0.031328692269469,85,0.008605688751223,26,0.00854069818667606,85,0.00858092989023293,26,0.00857129963936039,85,0.00487360209098493,26,0.00453350091654501,85,0.00489522284954137,26,0.00454059184419942,85,0.02620899573736,26,0.0259688839522405,85,0.026082869022106,26,0.0259149175275884
,84,0.355500682512939,27,0.329406919998293,84,0.357507919459554,27,0.328288314610002,84,0.310391886393813,27,0.284183082394903,84,0.320648804019134,27,0.293660780958607,84,0.318214881446614,27,0.292415523052804,84,0.316772700001799,27,0.274610028965326,84,0.339949610652189,27,0.31375984309561,84,0.346142801346502,27,0.312045033209837,84,0.0312766749646373,27,0.031333036113337,84,0.0313852317280444,27,0.0313484940947443,84,0.00859772004115749,27,0.00853583403230469,84,0.00857223660503419,27,0.00858374327688651,84,0.00489743719309096,27,0.00453715409902313,84,0.00489249340232555,27,0.00455098600988069,84,0.0261939558434061,27,0.025966648033932,84,0.0260778408116395,27,0.0259271318628741
,83,0.355727123445202,28,0.330396576616542,83,0.355132472049065,28,0.329211971408905,83,0.310328106365085,28,0.285171407656853,83,0.320578213006772,28,0.294639072393377,83,0.31832140486141,28,0.293463039684446,83,0.316910601708435,28,0.275945266908823,83,0.340425902874076,28,0.314768364281495,83,0.346005761544775,28,0.313405548626328,83,0.0312694127077175,28,0.0313630259465525,83,0.0313799685319616,28,0.0313690762905574,83,0.00859201376765148,28,0.00855652983199017,83,0.00856190708785149,28,0.00858834609331809,83,0.00488796295703474,28,0.00457693530723798,83,0.00486411676701657,28,0.00456756942456018,83,0.026203060443323,28,0.0259892750293465,83,0.0260806803394231,28,0.0259374380954885
,82,0.355905852133834,29,0.331395972271889,82,0.357305179960033,29,0.330281931603603,82,0.310006896741264,29,0.286166277030634,82,0.320571792831624,29,0.295671827082937,82,0.318227304738789,29,0.294479657441277,82,0.317088859958866,29,0.277260011709093,82,0.340672994774401,29,0.315789948000515,82,0.345987299055711,29,0.314757012975462,82,0.0312710370057383,29,0.0313753670312126,82,0.0314055065444738,29,0.0313783633897887,82,0.00859996229624286,29,0.0085779676403351,82,0.00856960901234387,29,0.00858272091545177,82,0.00488908074839704,29,0.00459066229567944,82,0.00485655734565431,29,0.00456850634707188,82,0.0262145796486532,29,0.026003054908977,82,0.0260767234446139,29,0.0259301433628841
,81,0.356002284467211,30,0.332403192833141,81,0.357559093805493,30,0.331268391675078,81,0.309990937593715,30,0.287109063907831,81,0.320566846936478,30,0.29665983065849,81,0.318295588069797,30,0.295420742027182,81,0.317167710358419,30,0.278545959735857,81,0.340802139059239,30,0.316811260649162,81,0.346091133977885,30,0.31603229429621,81,0.0312609987206673,30,0.0313776155989633,81,0.0314322355758672,30,0.0313840820081518,81,0.00859515571445693,30,0.00857648003913162,81,0.00857133807957655,30,0.00857108398041503,81,0.00494211772290372,30,0.00457809527299783,81,0.00487178806341403,30,0.00455507585254234,81,0.0262102399545903,30,0.0260041409384341,81,0.0260794789440783,30,0.0259364269415971
,80,0.356030799232998,31,0.333413291203147,80,0.356638246305947,31,0.332221581769047,80,0.310069621146745,31,0.288093765754047,80,0.320568503210768,31,0.297660820165713,80,0.318358032911988,31,0.296453377875891,80,0.31703331735591,31,0.279891369878431,80,0.340942664268131,31,0.317839111673197,80,0.346225074002848,31,0.317342591584348,80,0.0312955710822107,31,0.0313823734268798,80,0.0314194114728722,31,0.0313661234505302,80,0.00860026592320866,31,0.00856717400142828,80,0.00856083011280598,31,0.00857116105619879,80,0.00496263320858314,31,0.00458795304069874,80,0.00486261842926445,31,0.00453254949995788,80,0.0262030703816343,31,0.0260203565072746,80,0.0260649907096745,31,0.0259485844800614
,79,0.355847669154071,32,0.334434435730973,79,0.355621355143309,32,0.333183188272678,79,0.310022832989157,32,0.289148802747794,79,0.320596771926843,32,0.298765888098723,79,0.318410203421843,32,0.297542302172126,79,0.316626471782732,32,0.281306759325401,79,0.340928808041204,32,0.318849139461452,79,0.346302772252857,32,0.318585027487452,79,0.0312753099594926,32,0.0313765657556173,79,0.0313801905475906,32,0.0313805843976449,79,0.00860831845071999,32,0.00855721124570313,79,0.00855989235608413,32,0.00857627604390764,79,0.00485587781599274,32,0.00457246697035841,79,0.0048476274604665,32,0.00456183998296631,79,0.0261928241550671,32,0.0260098025766403,79,0.026066274313475,32,0.025967748731786
,78,0.355622802234082,33,0.335540750209349,78,0.355012417439272,33,0.33434028113339,78,0.309961609534159,33,0.290221928360592,78,0.320598767186995,33,0.29987730526646,78,0.318580023555856,33,0.298607242947028,78,0.316069679360692,33,0.282680048608738,78,0.340785094905205,33,0.319868737244977,78,0.346314086047476,33,0.319807435788353,78,0.0312757196398846,33,0.0313889856430365,78,0.0313879491568229,33,0.0313869025031104,78,0.00860377987448926,33,0.00855904486303006,78,0.00856737181250789,33,0.00857000316089419,78,0.00485422983046716,33,0.00455819486205343,78,0.00485071232405651,33,0.00457215491512061,78,0.0262113670239993,33,0.0259987040065207,78,0.0260770420861924,33,0.0259761013876303
,77,0.35523651753011,34,0.336592878486506,77,0.35467452707987,34,0.335444737480494,77,0.309888982218397,34,0.291254224894221,77,0.320516919757572,34,0.300962896453179,77,0.31876173883052,34,0.299676053683743,77,0.315621546851301,34,0.284036286754367,77,0.340671015354835,34,0.320885044690174,77,0.346296981348789,34,0.321004694751646,77,0.0313128727858768,34,0.0313796558156516,77,0.0314349133967792,34,0.0313958170189385,77,0.00861116721330446,34,0.00855974949287128,77,0.00858606560306369,34,0.00857914211606309,77,0.00489474037585736,34,0.00456207538857115,77,0.00485506272810598,34,0.00458184535351348,77,0.0262329320069115,34,0.0260108098187126,77,0.0260852316904673,34,0.025981362181294
,76,0.354884388521894,35,0.337630781490818,76,0.3545067956468,35,0.336443464709907,76,0.309765512229219,35,0.292245357849612,76,0.320364973186894,35,0.302019800986692,76,0.318780968081123,35,0.300791347127499,76,0.31553547390658,35,0.285358080983956,76,0.34063845933052,35,0.321965249843356,76,0.346247823717948,35,0.322135636304095,76,0.0313232016230352,35,0.0313448866897845,76,0.0314628142258508,35,0.0313905678458007,76,0.00860614537360323,35,0.00854302121967874,76,0.00859384315310268,35,0.00859022075756434,76,0.00487349287852733,35,0.00455404354198241,76,0.00486708703100168,35,0.00459078272896042,76,0.0262122501475792,35,0.0259991962656627,76,0.0260938230862597,35,0.0259878042804489
,75,0.354739487420764,36,0.338659171100875,75,0.354432467196751,36,0.337499663301283,75,0.309680345903891,36,0.293232646705412,75,0.320219137694506,36,0.303036570185715,75,0.318787669706232,36,0.301969134472166,75,0.315653069310429,36,0.286652698736409,75,0.34073990985404,36,0.323063699783537,75,0.346159095000953,36,0.323228651866184,75,0.0313023049390408,36,0.0313717809971259,75,0.0314362056430739,36,0.0313842766453877,75,0.00859878134378527,36,0.00853901445764879,75,0.00857589253572013,36,0.00858541581978855,75,0.00485907614386088,36,0.0045696595509226,75,0.00484840286552939,36,0.00459773976337188,75,0.0261970082313251,36,0.0259985726992403,75,0.0260612558286139,36,0.0259933122171567
,74,0.354701082166785,37,0.339663060513028,74,0.354331054268202,37,0.338416896993731,74,0.309605589170155,37,0.294145267031701,74,0.320080335951148,37,0.303986537734278,74,0.318798093822757,37,0.303106380382898,74,0.315773536225154,37,0.287862071830444,74,0.34083825491786,37,0.324145187488102,74,0.346048905082778,37,0.324288039011417,74,0.0313065202754622,37,0.0313834131847264,74,0.0313970630356118,37,0.0313775406485041,74,0.00861356603270253,37,0.00853536432473647,74,0.00858612832430156,37,0.0085781243551877,74,0.00485560095622381,37,0.00458011342622792,74,0.00481098322672863,37,0.00460314912604596,74,0.0262054471502795,37,0.0260179596506967,74,0.026032933206264,37,0.0260132829202558
,73,0.354638376741667,38,0.34051294453735,73,0.354212821702792,38,0.339276175803912,73,0.309510840222478,38,0.294988491723784,73,0.319889100923695,38,0.304895356646405,73,0.318800718694101,38,0.304190287042458,73,0.315800645708782,38,0.289029542286286,73,0.340845181822863,38,0.325231484907837,73,0.345928617797809,38,0.325335002913332,73,0.0313237948665342,38,0.0313676664012814,73,0.0314084625318372,38,0.031355297201296,73,0.00862836612759388,38,0.00856177332158937,73,0.00859946107274958,38,0.00856346307255017,73,0.0048400829131868,38,0.00457908002335623,73,0.00481138257270436,38,0.00456752530943321,73,0.0262039320711246,38,0.0260168153179523,73,0.0260565427823971,38,0.0259776519932144
,72,0.354521719539305,39,0.341339273947324,72,0.354083757449679,39,0.340150908625926,72,0.309410861191361,39,0.295808319837864,72,0.319639547562195,39,0.305737562833711,72,0.318769554222119,39,0.305270856636548,72,0.315715625808847,39,0.290204414114775,72,0.340775166360879,39,0.326308257925794,72,0.345783802196155,39,0.326393101737598,72,0.0313006808714308,39,0.0313484085574165,72,0.0314347435026617,39,0.0313255364465066,72,0.00861524872413797,39,0.00858101632521668,72,0.00860230697296254,39,0.00855957975768841,72,0.00482137394705512,39,0.00458277236964458,72,0.00481971295658448,39,0.00454649304462586,72,0.0262039824604222,39,0.0259929233202041,72,0.0260568546528752,39,0.0259556645653586
,71,0.354317382435771,40,0.342132517126479,71,0.353973796815181,40,0.341009661321555,71,0.309236506974513,40,0.296577882558949,71,0.319405630924758,40,0.306547801126184,71,0.318706350523882,40,0.30635746762645,71,0.315622021746559,40,0.291381188790675,71,0.340645863326154,40,0.327403012000918,71,0.345660691321887,40,0.327467203645075,71,0.031334237119762,40,0.0313398476319102,71,0.0314148012048497,40,0.0313354902380721,71,0.00859959609412906,40,0.00856128437125606,71,0.00859790285175117,40,0.00856046283023244,71,0.00482185820880769,40,0.004579067841516,71,0.00479118956781761,40,0.00457936732164655,71,0.0262022419653706,40,0.0259839387501875,71,0.0260296245113257,40,0.0259719092525994
,70,0.354206932222812,41,0.342858107656267,70,0.35382349200183,41,0.341775863697066,70,0.308952770166606,41,0.297270942550662,70,0.319253023667507,41,0.307313509299446,70,0.318658084911289,41,0.307346949183293,70,0.315466932994818,41,0.292493329990305,70,0.340516563118315,41,0.32847912668514,70,0.345558599077713,41,0.328529029006825,70,0.0313115488792587,41,0.0313405257565124,70,0.0313968118858323,41,0.0313254021193925,70,0.00860380073938223,41,0.00855236813906518,70,0.0085689358840062,41,0.00855307082704326,70,0.00482340805578409,41,0.00457747489517801,70,0.00478055716648972,41,0.00457048865873345,70,0.0261771452357985,41,0.0259957771379047,70,0.0260237998125599,41,0.0259438243742876
,69,0.354084744268329,42,0.343544341351649,69,0.353600049500733,42,0.342456988685856,69,0.308724681459276,42,0.297919633517867,69,0.319040329278985,42,0.308015085257789,69,0.318596312263672,42,0.308312725385991,69,0.315248499374424,42,0.293561942796073,69,0.340392611383474,42,0.329516536981824,69,0.345409985747123,42,0.329549600551294,69,0.0313138732346918,42,0.0313146349211995,69,0.0314123691955892,42,0.0313207980011731,69,0.00860942352374556,42,0.00854613240332989,69,0.0085621316321556,42,0.00857469681431829,69,0.00483777995921264,42,0.00456529364540786,69,0.00477457224446248,42,0.0045756748016567,69,0.026177242970925,42,0.0259876950272644,69,0.0260256286032512,42,0.0259657149772808
,68,0.353945778401607,43,0.344202200358785,68,0.353363954542284,43,0.343133467274833,68,0.308513250679919,43,0.298517268404517,68,0.318744753728855,43,0.308632644305282,68,0.318513577164967,43,0.309206222395052,68,0.314982139547321,43,0.294609991634335,68,0.34027047449769,43,0.330490484576877,68,0.345277410171791,43,0.33062335189242,68,0.0313275825001584,43,0.0312978075277027,68,0.0314345162737307,43,0.0313720515629525,68,0.00862423915593852,43,0.00854924831275919,68,0.0085743511710824,43,0.00858871915125095,68,0.00483404895731136,43,0.00456688047016398,68,0.00478200965754627,43,0.00463696988157905,68,0.0261798476249955,43,0.0259820280750248,68,0.0260307784364863,43,0.0260116034081132
,67,0.353810356781719,44,0.344812216337342,67,0.353127534321395,44,0.343781851795759,67,0.308325348488235,44,0.299088618184553,67,0.318446159757776,44,0.309255319800502,67,0.318417503879084,44,0.310055585729824,67,0.314657181775166,44,0.295717294413871,67,0.340143342489846,44,0.331437944266861,67,0.345129275324008,44,0.331688745562221,67,0.0313164930971121,44,0.0313248629004253,67,0.0314363666577485,44,0.0313757284485466,67,0.00861362432397858,44,0.00856518781461261,67,0.00858051856101689,44,0.00857669019767195,67,0.0048228061341188,44,0.00459767901199822,67,0.00479188846132859,44,0.00464262653295391,67,0.0261698150568415,44,0.0260005026411717,67,0.0260181611196619,44,0.0260068761616878
,66,0.353594972793556,45,0.345397719731304,66,0.352862450381221,45,0.344396990377584,66,0.308145278175521,45,0.299651956006541,66,0.31816764555264,45,0.309823528348463,66,0.318297604207048,45,0.310867099172385,66,0.314317231155753,45,0.296735431134893,66,0.340040754108639,45,0.332280276834629,66,0.344961560273266,45,0.332749444857726,66,0.0313129931152458,45,0.0313222467118876,66,0.0314056752816267,45,0.0313389701606056,66,0.00861663586153135,45,0.00857121482265956,66,0.00857341705414248,45,0.00856636741701875,66,0.00482229858105608,45,0.00461742839609993,66,0.00477456285261619,45,0.00462870312302042,66,0.026163255225366,45,0.0260006620342429,66,0.0259929943903715,45,0.0259955880730703
,65,0.353465303075969,46,0.345962367481403,65,0.352598555858782,46,0.344953058372839,65,0.307892040867451,46,0.300183687837533,65,0.31790320811774,46,0.310396758117379,65,0.318163167258756,46,0.311556631843578,65,0.31401350113161,46,0.297785933576559,65,0.339920800181752,46,0.333098379943304,65,0.344764762408923,46,0.333795296510647,65,0.031293411923949,46,0.0313134941386825,65,0.0313959158843372,46,0.0313016228825384,65,0.00862510931908871,46,0.00854348091770187,65,0.00857464245791158,46,0.00856986428848997,65,0.00481377142811903,46,0.00462985063677657,65,0.00474664836350665,46,0.0046130898300357,65,0.0261703336831445,46,0.0260024830240248,65,0.0259878756833071,46,0.0259722982943332
,64,0.353371093680986,47,0.346515646192641,64,0.352323915628137,47,0.345572108066921,64,0.307608263212941,47,0.300711101282865,64,0.317607610937163,47,0.310910011823145,64,0.318008552615437,47,0.312228118437085,64,0.313715522188851,47,0.298869287398936,64,0.339750758854424,47,0.333825930412248,64,0.344476951322675,47,0.334815096719283,64,0.031334957474395,47,0.0313289437834117,64,0.0313863116420193,47,0.031325918406906,64,0.00863481609062825,47,0.00854591067982032,64,0.00856824245269661,47,0.00859168869715517,64,0.00481096941965,47,0.00465179745138916,64,0.00471420544860573,47,0.00464072502365665,64,0.0261737139076922,47,0.0260129328912215,64,0.025984282207242,47,0.0260137379089272
,63,0.352954067421368,48,0.34711589075102,63,0.352045996914958,48,0.346100930230472,63,0.307209882560236,48,0.301240550658892,63,0.317281740240464,48,0.311421772011115,63,0.317848001728961,48,0.312883202726703,63,0.313395306907926,48,0.299915323197852,63,0.339515833019849,48,0.334554764115679,63,0.344161693229165,48,0.33581190177931,63,0.0313246349626466,48,0.0313354737875598,63,0.031415326358985,48,0.0313397703472027,63,0.00865481394143108,48,0.00855749047028658,63,0.00857665568888783,48,0.0085817766107286,63,0.00480456038680514,48,0.00467011439037049,63,0.00473282394480526,48,0.00466094058615436,63,0.026169825949757,48,0.0260157760760411,63,0.0259941670763604,48,0.0260229394870172
,62,0.352744261285882,49,0.347651615843156,62,0.351711198946613,49,0.346645449563656,62,0.306853332405083,49,0.301749126289621,62,0.316984873934065,49,0.31193762324522,62,0.317688236291337,49,0.31344202844273,62,0.312992386724162,49,0.300984239822787,62,0.339273033873632,49,0.335152745415289,62,0.343803318083796,49,0.336729627239535,62,0.031329093616493,49,0.0312911282568932,62,0.0314210622365013,49,0.0313033848077141,62,0.00864308669677863,49,0.00854726587966519,62,0.0085567310498035,49,0.00857456605680748,62,0.00483371049156343,49,0.00463919721089597,62,0.00473809586525031,49,0.00461958006718731,62,0.026180787143374,49,0.0260057875973418,62,0.0259982304441143,49,0.0259771172596865
,61,0.352579750146697,50,0.348167493267714,61,0.351346349138847,50,0.347242773137657,61,0.30665416774265,50,0.30224779383536,61,0.316666857442851,50,0.312437712075165,61,0.317534507179036,50,0.313931142421589,61,0.312499579955905,50,0.302119634716272,61,0.339103546419321,50,0.335729178727506,61,0.34343030723565,50,0.337640719624884,61,0.0313714426162262,50,0.0312729706081366,61,0.031422824308552,50,0.0312923013302761,61,0.00864076592091785,50,0.0085583418544118,61,0.00854706490489354,50,0.0085813090633357,61,0.00482921362003843,50,0.0046299739870083,61,0.00470241915228618,50,0.00461932674772207,61,0.0261798691439538,50,0.0260169544365642,61,0.0260011747625754,50,0.0259840333107894
,60,0.352277166109487,51,0.348749989962448,60,0.351040347134432,51,0.347827045689338,60,0.306316494656298,51,0.302774748626452,60,0.316332458284189,51,0.312963248573206,60,0.3172714592019,51,0.314474517110092,60,0.312109662424761,51,0.303245735985312,60,0.338961225177465,51,0.33627612404648,60,0.343108769094024,51,0.338494906069041,60,0.0313391217282634,51,0.0312997409255104,60,0.0314229323359322,51,0.0312829929169639,60,0.0086489889624748,51,0.00855119520044313,60,0.00857474487657997,51,0.0085629025480634,60,0.00479063384696103,51,0.00465379913847144,60,0.00469735693452889,51,0.00464129051991831,60,0.026162315993948,51,0.0260369265091025,60,0.0259952547121252,51,0.0259764480023146
,59,0.351891920252352,52,0.349316800575585,59,0.35070050073726,52,0.348405218254147,59,0.305952927399654,52,0.303342598320293,59,0.315997753930808,52,0.313495795119248,59,0.317030478385866,52,0.314959383150666,59,0.311665102815481,52,0.304360964169673,59,0.338779330816183,52,0.336778776587828,59,0.342787632766061,52,0.339285978853787,59,0.0313031286766574,52,0.0312424241136762,59,0.0313813103272905,52,0.0312818035574641,59,0.00866562609112883,52,0.00854762030641829,59,0.00858754427917645,52,0.0085682454854601,59,0.00479326708362931,52,0.00463214262247459,59,0.00470384486917892,52,0.00466320075227627,59,0.0261586135232883,52,0.0260184277616383,59,0.0259944664070538,52,0.0259899361053785
,58,0.351464830678378,53,0.349860980421158,58,0.35027244376881,53,0.349010515501132,58,0.305591786682343,53,0.303976713661027,58,0.315632964919075,53,0.314074960052854,58,0.316895078352846,53,0.315429165145243,58,0.311023080798293,53,0.305435931340027,58,0.338538487278035,53,0.337236530991927,58,0.342434411210189,53,0.340032845097011,58,0.0312418419337713,53,0.0312303190814662,58,0.0313581145751206,53,0.0312760346468924,58,0.00866580468604265,53,0.00854712102296118,58,0.00859423219200718,53,0.00858076599833473,58,0.00480856153398338,53,0.00462631889028674,58,0.004715812834965,53,0.00465003432155306,58,0.0261616255556521,53,0.0260143062735604,58,0.0260007074814462,53,0.0259972545175106
,57,0.350975538088599,54,0.350425423613106,57,0.349849047544182,54,0.349593940929651,57,0.305201489485157,54,0.304465119491889,57,0.315277811788478,54,0.314639272257783,57,0.31660751043846,54,0.315839529114505,57,0.310252362945935,54,0.306530111829995,57,0.338265625159213,54,0.337653460254068,57,0.342060473399559,54,0.340727643808405,57,0.0311943953124887,54,0.0312604997410985,57,0.0313235680919013,54,0.031288374387137,57,0.00866340473995317,54,0.00853806964105456,57,0.0085963222799253,54,0.00856850733111247,57,0.00480316927547641,54,0.0046461022723638,57,0.00472276148436826,54,0.00463399800634944,57,0.0261692429623553,54,0.0260249134425827,57,0.0260011649305059,54,0.0259839674509501
,56,0.35049788146967,55,0.350910199500022,56,0.349421101288118,55,0.350181673704189,56,0.304815401476739,55,0.30492313811873,56,0.31488511910873,55,0.315180538910225,56,0.316171510982982,55,0.316279063203269,56,0.309399285904805,55,0.30757564346045,56,0.337988114551762,55,0.338052420950461,56,0.341650350890874,55,0.341341568129321,56,0.0311759003170916,55,0.0312432690340441,56,0.0313216078178548,55,0.0312466919420526,56,0.00868022352351427,55,0.00854513878734797,56,0.00857363141142934,55,0.00855625193418838,56,0.00481010309993914,55,0.00465392083391555,56,0.00474467154409951,55,0.00460815487735185,56,0.0261844577189175,55,0.0260311156697545,56,0.0260286496838489,55,0.0259626478743252
,55,0.350092736969805,56,0.351468609055114,55,0.348975573278511,56,0.350713431315335,55,0.304449091592392,56,0.305476217314241,55,0.314494074848634,56,0.315725420007587,55,0.315796996598784,56,0.316700429351769,55,0.308565160598224,56,0.308504320631174,55,0.337685717889383,56,0.338417888725039,55,0.341212374387042,56,0.341940093693538,55,0.0311335870616446,56,0.0312191683084947,55,0.031282792795326,56,0.0312237056177054,55,0.00866087993676879,56,0.00855234450218939,55,0.00856812750959262,56,0.00855254100582276,55,0.00477949135297927,56,0.00464988804465357,55,0.004742402404018,56,0.00462023594063393,55,0.0261687154137379,56,0.0260283071601219,55,0.0260195031058409,56,0.0259717158133525
,54,0.349684783181382,57,0.352093043483841,54,0.348586602474597,57,0.35127825542348,54,0.304082934323389,57,0.306022278177757,54,0.314122185508804,57,0.316297966617437,54,0.315484613782194,57,0.31707343916223,54,0.307769931874526,57,0.309485858161263,54,0.337357472952803,57,0.338776677551504,54,0.340777247599731,57,0.342510677673365,54,0.0311046172948169,57,0.0312311095130729,54,0.0312531892383988,57,0.0312361069817989,54,0.00863004540282265,57,0.00856303944219721,54,0.00857065402392262,57,0.00857087869651974,54,0.00478022252266777,57,0.00467195942228384,54,0.00471724367627866,57,0.00466669110876443,54,0.0261535959867887,57,0.0260418721195138,54,0.0260048595959977,57,0.0260011238272821
,53,0.349188077158623,58,0.352430734912168,53,0.34818734231972,58,0.351817275178197,53,0.303686770639944,58,0.306556800090254,53,0.313718922237463,58,0.316899187275514,53,0.315203892746285,58,0.317379320484959,53,0.306914729031317,58,0.310397290104928,53,0.337036906542048,58,0.339081133536507,53,0.34026069521457,58,0.343043522221448,53,0.0311353169225557,58,0.0312441917365907,53,0.0312306052708842,58,0.0312357069044549,53,0.00863010854964962,58,0.00854721436835016,53,0.00856445062791353,58,0.00858566604084406,53,0.00482347302895927,58,0.00468179319450688,53,0.00470238189560905,58,0.0046843360159578,53,0.0261529803535921,58,0.0260417594216473,53,0.0259769559586944,58,0.0260090653567592
,52,0.348760842708976,59,0.352970263047126,52,0.347808137970507,59,0.352247299678448,52,0.303298645095214,59,0.307128346960872,52,0.31331468804221,59,0.317487401423091,52,0.314915099533199,59,0.317734835272411,52,0.306040212115668,59,0.311210519328084,52,0.33669903162776,59,0.339429270160475,52,0.339723605283799,59,0.343501369562104,52,0.0311463238738761,59,0.0312000591228586,52,0.0312346027550551,59,0.0312089417622381,52,0.00861856369613953,59,0.00856127894791517,52,0.00856627494198326,59,0.00856741590783661,52,0.00479321068006,59,0.0046778509962071,52,0.00470415282909362,59,0.00466733600223595,52,0.0261496471751451,59,0.0260359967036983,52,0.0259848112349621,59,0.025995724226601
,51,0.348356368798676,60,0.353508222534047,51,0.347441073631135,60,0.352693798988479,51,0.302875485307852,60,0.3076496332039,51,0.312896017102083,60,0.318061542684562,51,0.314594904833443,60,0.318076957246141,51,0.30514951295877,60,0.311917434040529,51,0.336317298037806,60,0.339745124371779,51,0.339135135067819,60,0.343939437509913,51,0.0311135738851115,60,0.031193082103394,51,0.0312936678232236,60,0.0312023429798547,51,0.00859397412303583,60,0.00855836402454262,51,0.00856331399886841,60,0.00855930021664105,51,0.00475435545842765,60,0.00469950468853211,51,0.00473437471178937,60,0.00467067769486047,51,0.0261329821920544,60,0.0260361277841547,51,0.0259929548918964,60,0.0259865642915421
,50,0.347952884960344,61,0.353917179529989,50,0.347056895388665,61,0.353164827614358,50,0.302479602264138,61,0.308134902695121,50,0.312467363662563,61,0.318613700959025,50,0.314267338571097,61,0.318346249771048,50,0.304213385269043,61,0.312586513035045,50,0.335924263732959,61,0.340027791769652,50,0.338526698651101,61,0.344363698489727,50,0.0311453177505965,61,0.0311846640621711,50,0.0313300448569613,61,0.0312128844185104,50,0.00858098761784244,61,0.00856246704084651,50,0.00857325217143161,61,0.0085480998670107,50,0.00475233054027793,61,0.00467388145585777,50,0.00475956874618723,61,0.0046701274332068,50,0.026120194256253,61,0.0260295734035218,50,0.0260186579543275,61,0.0259814419137582
,49,0.347503722484501,62,0.354376829223926,49,0.346629117754926,62,0.353665495072717,49,0.302082154554955,62,0.308616661596678,49,0.3120346819696,62,0.319133472919266,49,0.31389438770185,62,0.318599615318382,49,0.303223490290856,62,0.313179437899541,49,0.335532499342112,62,0.340318380189074,49,0.337832650209674,62,0.344768989459526,49,0.0311374599135039,62,0.0312354647315787,49,0.0313235766534549,62,0.0312745930118621,49,0.00858753764911097,62,0.00858955543621341,49,0.00857840423704678,62,0.00856547964740605,49,0.00475290170015725,62,0.00469650928085222,49,0.00475610488949247,62,0.00469375490689921,49,0.0261372961105485,62,0.0260496570154888,49,0.0260132393624904,62,0.0260157313084517
,48,0.347035341405469,63,0.354855441881084,48,0.346203460003018,63,0.354181698708382,48,0.301642612234736,63,0.309062938741175,48,0.311595868875351,63,0.319600804301805,48,0.313489631977264,63,0.31881638665366,48,0.302214617780514,63,0.313723762234564,48,0.335085395201986,63,0.340604881672699,48,0.337117227774657,63,0.345180528045848,48,0.0311513614259492,63,0.0313378467031531,48,0.0313047709147987,63,0.0313281424949047,48,0.00859223407347685,63,0.00859341177520145,48,0.00857808341149316,63,0.00859195532783663,48,0.00476055158289748,63,0.00473788585536264,48,0.00472976084642011,63,0.00470359337003361,48,0.0261243519284833,63,0.0260783229577966,48,0.0259899308822382,63,0.0259997803507706
,47,0.346583319673783,64,0.355351995949456,47,0.34578679707492,64,0.354626651444047,47,0.301214200497707,64,0.309522367731366,47,0.311136237267829,64,0.320039222170126,47,0.313064566414832,64,0.319063399099769,47,0.301214729859436,64,0.314165782122808,47,0.334618122344878,64,0.340884465289076,47,0.336343474067389,64,0.34555694101767,47,0.0311538256201328,64,0.0313821583132791,47,0.0313252187295375,64,0.0313732486690968,47,0.00858800133817083,64,0.00862011014782787,47,0.00860171916402645,64,0.00861993637430433,47,0.00473834183760704,64,0.00471609144132919,47,0.00473242691221947,64,0.00467184208363703,47,0.0260981088033907,64,0.0260684758968045,47,0.0260078123302367,64,0.0259931828585773
,46,0.346161554343653,65,0.355827761225724,46,0.34534331572584,65,0.354956942265117,46,0.300772666579518,65,0.309947171043889,46,0.310662374125001,65,0.320465618578717,46,0.312614398676382,65,0.319277535765681,46,0.3001739208026,65,0.314596977069909,46,0.334115659342504,65,0.341145869640216,46,0.335501567765369,65,0.345894260731632,46,0.0311519209845073,65,0.0313690451474905,46,0.0313190801617293,65,0.0313660258321849,46,0.00859325937082348,65,0.00864091116735504,46,0.0085845477047799,65,0.00862351046953999,46,0.00472645141090443,65,0.00472067706385237,46,0.00471140303775,65,0.00466679678777176,46,0.0260975990149934,65,0.0260703497845673,46,0.0260030913143056,65,0.0259807697260584
,45,0.345684594831057,66,0.356236479731965,45,0.344897150125514,66,0.35524779897619,45,0.30031501487506,66,0.310315985448596,45,0.31018008085464,66,0.320856795448402,45,0.312135042584702,66,0.319456772954411,45,0.299139416776424,66,0.314992698770756,45,0.333583739601911,66,0.341406401769977,45,0.334641222689757,66,0.346189335191222,45,0.0311338870942709,66,0.0313550064278379,45,0.0313260084834826,66,0.0313821166793549,45,0.00858648550907089,66,0.00863764685881585,45,0.0085777975442446,66,0.00863158785342829,45,0.00470430775588134,66,0.00472463744060713,45,0.00469424407747237,66,0.00470489988112662,45,0.026078520880129,66,0.0260677930536696,45,0.0259786144708165,66,0.0259916056612731
,44,0.345151090028583,67,0.35657447903134,44,0.344380219640146,67,0.355529453355996,44,0.299843914440984,67,0.310622162723925,44,0.309688240670904,67,0.321205791531838,44,0.311577300974237,67,0.319650174381201,44,0.298050820546263,67,0.315529941526517,44,0.332971197462488,67,0.341688219688579,44,0.33369681575218,67,0.346509294596173,44,0.0311121462169811,67,0.0313501336366558,44,0.031337437754237,67,0.0314065654899387,44,0.00857417707860605,67,0.00864934619067749,44,0.00857884389965213,67,0.00862771464930541,44,0.0046891839753868,67,0.00471919080242775,44,0.00470004224289248,67,0.0047435961194138,44,0.0260891637414628,67,0.0260573002350375,44,0.025972007149069,67,0.0260343054521641
,43,0.344639204600655,68,0.356952663085056,43,0.343853899824071,68,0.355795942241574,43,0.299377390405987,68,0.310983577895681,43,0.309167539807971,68,0.321541186324009,43,0.310986939486952,68,0.319829675955302,43,0.29700373122795,68,0.31602011025696,43,0.332314358604685,68,0.341952965445047,43,0.332748150776393,68,0.346839849649122,43,0.0311481364856336,68,0.0313633221451627,43,0.0313501193226474,68,0.0314059178905301,43,0.00858985196370243,68,0.00866160658054507,43,0.00859744963696734,68,0.00863804675755603,43,0.00469878289158546,68,0.00474728970788285,43,0.00469928467782621,68,0.00474749238999151,43,0.0260771576262924,68,0.0260592510163786,43,0.0259831323644504,68,0.0260289094178895
,42,0.344107339588791,69,0.357246212206042,42,0.343348606887312,69,0.35606424931355,42,0.298867916147905,69,0.31185525720819,42,0.308657308796864,69,0.321900417789237,42,0.310340865679764,69,0.319991742701334,42,0.296019048203855,69,0.31601797770607,42,0.331603462794947,69,0.342207125101765,42,0.331793207563491,69,0.347205354235957,42,0.031114821543065,69,0.0313766945928333,42,0.0313488331925472,69,0.0313805367731848,42,0.00859402471501912,69,0.00866168555486082,42,0.00861667753467084,69,0.00866347214675646,42,0.00469799133657976,69,0.00476841168329569,42,0.00469633707189646,69,0.00474915984075845,42,0.0260504344438019,69,0.0260548572203733,42,0.0259792288218741,69,0.0259956438271318
,41,0.343528939399215,70,0.357488236473004,41,0.342776843656675,70,0.356370895751936,41,0.298296648464819,70,0.312407277172295,41,0.308095996676085,70,0.322268687995707,41,0.309622373677133,70,0.320604930786502,41,0.294981755250599,70,0.316429540912097,41,0.33082298360741,70,0.342426616650258,41,0.330818966695324,70,0.347611292623987,41,0.0311091465452284,70,0.0313399308593821,41,0.0313568057356182,70,0.0313862729603373,41,0.00858769908589546,70,0.00865683367539621,41,0.00861096514000418,70,0.00864182167552291,41,0.00469505695600681,70,0.00475591371842265,41,0.0047025099058174,70,0.00476765268017025,41,0.02605712803644,70,0.0260504458298147,41,0.0259816020227334,70,0.0259936726753842
,40,0.34292173449958,71,0.357682088364395,40,0.342185170067338,71,0.356601554148971,40,0.2977035694944,71,0.312393771340973,40,0.307516236005008,71,0.322621197955722,40,0.308873859780709,71,0.320812304564592,40,0.293950142349702,71,0.316976705942323,40,0.330016094007985,71,0.342651132291989,40,0.329804177141555,71,0.347985539636327,40,0.0311285315518163,71,0.0313553577081423,40,0.0313893379217259,71,0.0313963885428124,40,0.00859319867665888,71,0.00863517750434968,40,0.00860378204524895,71,0.00864116100225554,40,0.00466469315827365,71,0.00476065046923509,40,0.00468989118442845,71,0.0047644962845341,40,0.0260449415728268,71,0.0260579062899221,40,0.0259927900060509,71,0.02602189921592
,39,0.342307241661385,72,0.357793749370828,39,0.341582411548031,72,0.355987387136435,39,0.297105690896247,72,0.312795306029188,39,0.306869038924628,72,0.322272023855264,39,0.308068398953078,72,0.320271300196896,39,0.292949316471664,72,0.316751468094294,39,0.329137674359108,72,0.342873119249422,39,0.328804379043239,72,0.347601886405513,39,0.0311018774106182,72,0.0313945233874978,39,0.0314238387375606,72,0.0313543152223778,39,0.00857743056571537,72,0.00862745602615099,39,0.00862625783965992,72,0.00860611705727968,39,0.00465733434508598,72,0.00477625050652979,39,0.00471916198199213,72,0.00471659675622926,39,0.0260332337070961,72,0.026076327036313,39,0.0260308756329048,72,0.0260113420919926
,38,0.341620540025839,73,0.357904795673708,38,0.340939632994233,73,0.354684833769179,38,0.296469960747314,73,0.313186470226401,38,0.306209566927193,73,0.321378404484576,38,0.307195328866631,73,0.320135226031747,38,0.291943875420747,73,0.315960640027494,38,0.328214202974469,73,0.343059560493581,38,0.327844391205781,73,0.346739777856457,38,0.0311176105122682,73,0.0313700445648823,38,0.0313963487951818,73,0.0313381327509509,38,0.00856537301934451,73,0.00865208159460297,38,0.0086225905855442,73,0.00860571887603472,38,0.00466121667153215,73,0.00476561162612512,38,0.00470747297547078,73,0.00470520461182536,38,0.0260321805423189,73,0.02607340470306,38,0.0260153683529551,73,0.0259934646871583
,37,0.340916156254759,74,0.358042093543983,37,0.340200019032343,74,0.354419295941653,37,0.295790929419311,74,0.31356208189892,37,0.305508743629014,74,0.321537799523262,37,0.30628708302899,74,0.320272112937866,37,0.290880306974387,74,0.316151591504478,37,0.327251739407266,74,0.34326837790596,37,0.326841668352783,74,0.346943808013939,37,0.0311264781054241,74,0.031357631726693,37,0.0313952007476731,74,0.0313620508883806,37,0.00857216646082043,74,0.00865176186073647,37,0.00861560210740638,74,0.00862332893280618,37,0.00464375086120368,74,0.00477784956483438,37,0.00469300443248263,74,0.00472569949535838,37,0.026013075445142,74,0.0260651037279904,37,0.0260046864700901,74,0.0260168022803314
,36,0.340126416018141,75,0.358306125667963,36,0.339412897923885,75,0.354391536365054,36,0.295028822827598,75,0.313923499831834,36,0.304767734336566,75,0.321870477408029,36,0.305301261385436,75,0.320613268697305,36,0.289789475921678,75,0.316391563936056,36,0.326236535867792,75,0.343531692545661,36,0.325855149843729,75,0.347224437243335,36,0.0311081529442535,75,0.0313728751922128,36,0.0313878998881748,75,0.0313352465736665,36,0.00857176120629778,75,0.0086372756390845,36,0.0086298185282559,75,0.00861603357560378,36,0.00461894347609352,75,0.00481254078953339,36,0.00469082220629319,75,0.00471485338997746,36,0.0259931917836934,75,0.0260832390166711,36,0.0260012756537565,75,0.0260023788179989
,35,0.339307603244731,76,0.358575192218969,35,0.338554514726522,76,0.354551594866112,35,0.294193183552647,76,0.314294427990126,35,0.303911338342744,76,0.322264920667109,35,0.304260856127698,76,0.320979843068218,35,0.288621745134471,76,0.316673145934432,35,0.325168404103372,76,0.343732493027492,35,0.324836123809839,76,0.347547828679715,35,0.0310848902655157,76,0.03136395925172,35,0.0313746344317098,76,0.0313355164013038,35,0.00856286962540269,76,0.00864578618958363,35,0.00861586389489337,76,0.00862249731453098,35,0.00462148305809074,76,0.00480191941990261,35,0.00463656099944912,76,0.0047287821606973,35,0.0260103955874096,76,0.0260806564476155,35,0.0259662644257022,76,0.0259949845661408
,34,0.338380804464353,77,0.358768117655558,34,0.33767021020134,77,0.354771022562652,34,0.293319599243603,77,0.314716644612737,34,0.303021935207823,77,0.32257005912728,34,0.30318862209332,77,0.32121109650411,34,0.287473703536807,77,0.316928281627594,34,0.324129816249647,77,0.343917722551025,34,0.323848780238681,77,0.347840569727209,34,0.0311109991102092,77,0.031346354036578,34,0.0313859027254495,77,0.0313660016456548,34,0.00855873599011288,77,0.0086527342969119,34,0.00862251650958449,77,0.0086227953195508,34,0.00465144893859705,77,0.00477100410610544,34,0.00463927752526459,77,0.00475304322207883,34,0.0260131639565195,77,0.0260720768277139,34,0.0259757098104783,77,0.0260087735916661
,33,0.337440560865964,78,0.358948343522982,33,0.336713646548977,78,0.354965079806804,33,0.292402461135161,78,0.315159239543339,33,0.302075873486794,78,0.322831950844232,33,0.302109950484784,78,0.321366309455561,33,0.28624062356882,78,0.317123863353305,33,0.32312823242132,78,0.344128101160654,33,0.322821664364491,78,0.348074770953287,33,0.0311019966384666,78,0.0313377189148177,33,0.031417832491769,78,0.0313629240262999,33,0.00855230770724029,78,0.00862886648907061,33,0.00863991462060701,78,0.00860319597196409,33,0.0046247865093065,78,0.00478718836567687,33,0.00466746200618995,78,0.00477043684612834,33,0.0260017712701008,78,0.0260801516826326,33,0.0259896413943125,78,0.026013269180764
,32,0.336452998218582,79,0.359156286990897,32,0.335734230172461,79,0.355179899718466,32,0.291495665505591,79,0.315536188622358,32,0.301089221457329,79,0.323102518907796,32,0.301110215987869,79,0.321548300829775,32,0.285013582113765,79,0.317352028064637,32,0.322105698481756,79,0.344095121683807,32,0.321798849731636,79,0.348375184167842,32,0.031092994195572,79,0.0313438464552896,32,0.0313869576391461,79,0.0313754302048071,32,0.00855722964718773,79,0.00863577290040354,32,0.00863256395967548,79,0.00862252750225367,32,0.00460673575929963,79,0.00479731052972336,32,0.00465817065639895,79,0.00480266196904796,32,0.0260005540567901,79,0.0260983060571958,32,0.025964282553044,79,0.0260189839754033
,31,0.335426657719986,80,0.35938858040546,31,0.334671167913973,80,0.355506587124732,31,0.29047072107376,80,0.315875875159189,31,0.30004083407942,80,0.323435578942806,31,0.300034285205927,80,0.321732733799037,31,0.283700288963551,80,0.317689650982916,31,0.321117272596601,80,0.343198824281828,31,0.320711861038459,80,0.348835904176364,31,0.031093708187624,80,0.0313333288722274,31,0.0314087806222027,80,0.0313935521320468,31,0.00855478206576374,80,0.00865608004536996,31,0.00862777561646152,80,0.00862202320232033,31,0.00458999392996307,80,0.00478504379102086,31,0.00463641058270135,80,0.00480457431330366,31,0.0259679424563921,80,0.026078277863574,31,0.0259584701623956,80,0.0260186002165197
,30,0.334391246937204,81,0.359598273202889,30,0.333662111424624,81,0.355723441675731,30,0.289437794717373,81,0.316326965364284,30,0.299000587004813,81,0.323734792125312,30,0.299038381161607,81,0.321983802909929,30,0.282410928905375,81,0.317932072428558,30,0.320130074990143,81,0.342241145702717,30,0.319636989760698,81,0.349256807957947,30,0.0310770798099233,81,0.0313461558035077,30,0.0313679143146365,81,0.0313887344500786,30,0.00855549337556517,81,0.00865847937418387,30,0.00861260671710482,81,0.00861521751628699,30,0.00459198896031196,81,0.00480183959203011,30,0.00460943183149363,81,0.00480243755891901,30,0.0259544948961194,81,0.0260685779140437,30,0.0259252350131348,81,0.026029016180965
,29,0.333301518888791,82,0.359842718685528,29,0.33261919492889,82,0.3559892392514,29,0.288367342057905,82,0.317007698820268,29,0.297914115999231,82,0.324034139309041,29,0.297976041223581,82,0.322143570303556,29,0.281048932736384,82,0.318176064671568,29,0.319140430682659,82,0.342537830718479,29,0.318441111058182,82,0.349682014749932,29,0.0310763145044327,82,0.0313982832591908,29,0.0313691945327387,82,0.0313737018117952,29,0.00853648414866962,82,0.00864927774404722,29,0.00860883864833343,82,0.00860456858998671,29,0.00458602601440801,82,0.00483871209047522,29,0.00460236190173738,82,0.00479193479735097,29,0.02594608168922,82,0.0261011148595876,29,0.0259457916036356,82,0.0260252406319941
,28,0.332209504430912,83,0.36009961525046,28,0.331488875063014,83,0.356371449140222,28,0.287321205929321,83,0.317833534697116,28,0.296874632214986,83,0.32434426082563,28,0.296962260124553,83,0.322205316994363,28,0.279671441818588,83,0.31871941749652,28,0.318181482643944,83,0.343290001107325,28,0.317318649732454,83,0.350053820266692,28,0.0310542122205608,83,0.0313989462359376,28,0.0313978490832398,83,0.031358709188516,28,0.0085257343550496,83,0.00862953020287546,28,0.00861136110644565,83,0.00860045523140311,28,0.00454090592162871,83,0.00483537018481625,28,0.00463595518491441,83,0.00478987486191854,28,0.0259469448624591,83,0.026088026198492,28,0.0259540421239927,83,0.0260364538519173
,27,0.331276703464312,84,0.360363787624805,27,0.330556023141564,84,0.356681470065124,27,0.286481394580671,84,0.318325113231685,27,0.29601868571311,84,0.324605461425841,27,0.296193439548933,84,0.322445623038584,27,0.278476627654581,84,0.319475561627173,27,0.317371666367876,84,0.343617881368172,27,0.31614754676947,84,0.350346240138448,27,0.0310352108540941,84,0.0313707368421856,27,0.0313527065022686,84,0.0313286927102716,27,0.00854219883148233,84,0.00861846076772876,27,0.00862503473623755,84,0.00859966899671588,27,0.00453462315191047,84,0.00482319090609779,27,0.00459520428440703,84,0.00478625779950517,27,0.0259347529306597,84,0.0260699483040723,27,0.0259344025056176,84,0.0260333317836493
,26,0.330334378419135,85,0.360590132823052,26,0.329681117153429,85,0.357072353400157,26,0.285525105337351,85,0.318595583047031,26,0.295044252881545,85,0.324969801974368,26,0.295236196905233,85,0.322693146044537,26,0.277144994358264,85,0.319262038515985,26,0.316382386811748,85,0.343751826326599,26,0.314859534371602,85,0.350733171105601,26,0.0310495722474172,85,0.0313679370772876,26,0.0313619017081033,85,0.0313836209563298,26,0.00855292199280907,85,0.00862028957598083,26,0.00862230951917214,85,0.00864308733841726,26,0.00456194104498027,85,0.00483099136178622,26,0.00458937324760314,85,0.00482548589640924,26,0.0259431330135941,85,0.0260709395694145,26,0.0259307631526581,85,0.0260709707253587
,25,0.32933282406145,86,0.360498166846516,25,0.328847525956058,86,0.357721895767534,25,0.28460821349451,86,0.318839794189814,25,0.294100754789121,86,0.325660355086306,25,0.294245695162695,86,0.322912768410268,25,0.275828459546029,86,0.316140220813364,25,0.31534443983379,86,0.343866946243076,25,0.313477785295426,86,0.351415233130549,25,0.0310829836216724,86,0.0313565948927648,25,0.0313756113607739,86,0.0315230245726628,25,0.00854606791580134,86,0.00862156465223358,25,0.00860578502972643,86,0.00879505364225768,25,0.00456934409202684,86,0.004839695848287,25,0.00459823577283555,86,0.00499308702930175,25,0.025955502597577,86,0.0260756047793391,25,0.0259312920504959,86,0.0262380925945543
,24,0.328371869410887,87,0.35985940746814,24,0.327843347018262,87,0.360454304574845,24,0.283628938423154,87,0.31905847548785,24,0.293087274923146,87,0.328335483623348,24,0.293201759164219,87,0.323066287951043,24,0.274307723936293,87,0.314272186912714,24,0.314237457107002,87,0.344030113241779,24,0.31190322780576,87,0.354752563122195,24,0.0310509303670913,87,0.0313613287098133,24,0.0313770270107481,87,0.0334424958030023,24,0.0085466560368414,87,0.00862383073580449,24,0.00857602477103001,87,0.0106321150492501,24,0.00453122893866284,87,0.00484383091162451,24,0.00459786525116778,87,0.00685221149586395,24,0.0259288718169095,87,0.0260817405248459,24,0.0259313888824826,87,0.0286366497961393
,23,0.327517491400098,88,0.359427602936762,23,0.326877876293303,88,0.366673105902803,23,0.282759816050527,88,0.319333605556585,23,0.292213220864034,88,0.334428836830993,23,0.29222683380138,88,0.32337959417445,23,0.272971999642878,88,0.321194041847118,23,0.313170312476125,88,0.344174863885337,23,0.310424542494946,88,0.360849874248278,23,0.0310517860644328,88,0.0313741121481396,23,0.0313646015569335,88,0.0385796686039433,23,0.00853119881229136,88,0.00863208648994229,23,0.00856418654631988,88,0.0157991242758752,23,0.00452341818401635,88,0.004859810777198,23,0.00458411984003031,88,0.0120175406937901,23,0.0259407918527699,88,0.0260924224774327,23,0.0259279961986808,88,0.033681546731446
,22,0.326815147140637,89,0.359658650830989,22,0.326088065542232,89,0.373554676961902,22,0.281989236365662,89,0.31959909390108,22,0.291434848918124,89,0.341405136622016,22,0.291308968734903,89,0.323687495214588,22,0.271785132177039,89,0.329761189077444,22,0.312092127792462,89,0.344256876198203,22,0.309065618465815,89,0.360284437837557,22,0.0310649587045452,89,0.031392696425176,22,0.0313785062601514,89,0.044754304420981,22,0.00851329898490804,89,0.00862710603791382,22,0.00859969292906554,89,0.0221099135030683,22,0.00453301831938656,89,0.00488850639557728,22,0.0046021011486271,89,0.0183496232509397,22,0.0259363509531425,89,0.0261146569771544,22,0.025927797180925,89,0.0402512973983642
,21.2999992370605,0.326300920978135,89.6999969482422,0.359900618582294,21.2999992370605,0.325527755635352,89.6999969482422,0.378689750640802,21.2999992370605,0.281472480810014,89.6999969482422,0.319694398226345,21.2999992370605,0.29087314141693,89.6999969482422,0.346719829574985,21.2999992370605,0.290645806617118,89.6999969482422,0.323767982552935,21.2999992370605,0.270943615844937,89.6999969482422,0.335091066304218,21.2999992370605,0.311330974131745,89.6999969482422,0.344303376711962,21.2999992370605,0.308059945223381,89.6999969482422,0.356174327590893,21.2999992370605,0.0310853652394718,89.6999969482422,0.0313988646894779,21.2999992370605,0.0313446935851103,89.6999969482422,0.0495186645760664,21.2999992370605,0.00850142818878225,89.6999969482422,0.00861207696786041,21.2999992370605,0.00857513147419542,89.6999969482422,0.0269481869023943,21.2999992370605,0.00453223009457748,89.6999969482422,0.00489199496593903,21.2999992370605,0.0045779403131723,89.6999969482422,0.0231976996174957,21.2999992370605,0.0259311267437144,89.6999969482422,0.0261200806181494,21.2999992370605,0.0258951707126775,89.6999969482422,0.0447876784829264
