CSV Report,2023-11-23_RNA_melting_CaCl2_KCl.csv
Worksheet Type,Thermal

METHOD
X mode,nm
Y mode,Abs
Collect mode,Wavelength
Wavelengths (nm),260.00,400.00
Averaging Time (s),.1
Spectral Bandwidth (nm),2
Detector module,Multicell Peltier UV-Vis
Zero,Off
Experiment Zones,1

Temperature Collection
Start (°C),90.0
Return (°C),21.0

Derivative
Lower limit (°C),-5
Upper limit (°C),110

Number of stages,4
Stage,Collect data,Data Interval (°C),Rate (°C/min),End (°C),Hold (min)
Stage 1,Yes,1.0,1.0,21.0,2.00
Stage 2,Yes,1.0,1.0,90.0,2.00
Stage 3,Yes,1.0,1.0,21.0,2.00
Stage 4,Yes,1.0,1.0,90.0,0.00

SAMPLES
Name,50 mM MgCl2_260.00nm_90.0-21.0C,,50 mM MgCl2_260.00nm_21.0-90.0C,,50 mM MgCl2_260.00nm_90.0-21.0C_R1,,50 mM MgCl2_260.00nm_21.0-90.0C_R1,,10 mM CaCl2_260.00nm_90.0-21.0C,,10 mM CaCl2_260.00nm_21.0-90.0C,,10 mM CaCl2_260.00nm_90.0-21.0C_R1,,10 mM CaCl2_260.00nm_21.0-90.0C_R1,,1 mM CaCl2_260.00nm_90.0-21.0C,,1 mM CaCl2_260.00nm_21.0-90.0C,,1 mM CaCl2_260.00nm_90.0-21.0C_R1,,1 mM CaCl2_260.00nm_21.0-90.0C_R1,,0.1 mM CaCl2_260.00nm_90.0-21.0C,,0.1 mM CaCl2_260.00nm_21.0-90.0C,,0.1 mM CaCl2_260.00nm_90.0-21.0C_R1,,0.1 mM CaCl2_260.00nm_21.0-90.0C_R1,,50 mM MgCl2_400.00nm_90.0-21.0C,,50 mM MgCl2_400.00nm_21.0-90.0C,,50 mM MgCl2_400.00nm_90.0-21.0C_R1,,50 mM MgCl2_400.00nm_21.0-90.0C_R1,,10 mM CaCl2_400.00nm_90.0-21.0C,,10 mM CaCl2_400.00nm_21.0-90.0C,,10 mM CaCl2_400.00nm_90.0-21.0C_R1,,10 mM CaCl2_400.00nm_21.0-90.0C_R1,,1 mM CaCl2_400.00nm_90.0-21.0C,,1 mM CaCl2_400.00nm_21.0-90.0C,,1 mM CaCl2_400.00nm_90.0-21.0C_R1,,1 mM CaCl2_400.00nm_21.0-90.0C_R1,,0.1 mM CaCl2_400.00nm_90.0-21.0C,,0.1 mM CaCl2_400.00nm_21.0-90.0C,,0.1 mM CaCl2_400.00nm_90.0-21.0C_R1,,0.1 mM CaCl2_400.00nm_21.0-90.0C_R1,
Collection Time,2023-11-23 10:17:12 (+01:00),,2023-11-23 10:17:12 (+01:00),,2023-11-23 10:17:12 (+01:00),,2023-11-23 10:17:12 (+01:00),,2023-11-23 10:17:12 (+01:00),,2023-11-23 10:17:12 (+01:00),,2023-11-23 10:17:12 (+01:00),,2023-11-23 10:17:12 (+01:00),,2023-11-23 10:17:12 (+01:00),,2023-11-23 10:17:12 (+01:00),,2023-11-23 10:17:12 (+01:00),,2023-11-23 10:17:12 (+01:00),,2023-11-23 10:17:12 (+01:00),,2023-11-23 10:17:12 (+01:00),,2023-11-23 10:17:12 (+01:00),,2023-11-23 10:17:12 (+01:00),,2023-11-23 10:17:12 (+01:00),,2023-11-23 10:17:12 (+01:00),,2023-11-23 10:17:12 (+01:00),,2023-11-23 10:17:12 (+01:00),,2023-11-23 10:17:12 (+01:00),,2023-11-23 10:17:12 (+01:00),,2023-11-23 10:17:12 (+01:00),,2023-11-23 10:17:12 (+01:00),,2023-11-23 10:17:12 (+01:00),,2023-11-23 10:17:12 (+01:00),,2023-11-23 10:17:12 (+01:00),,2023-11-23 10:17:12 (+01:00),,2023-11-23 10:17:12 (+01:00),,2023-11-23 10:17:12 (+01:00),,2023-11-23 10:17:12 (+01:00),,2023-11-23 10:17:12 (+01:00),
Cell Number,Cell 4,,Cell 4,,Cell 4,,Cell 4,,Cell 5,,Cell 5,,Cell 5,,Cell 5,,Cell 6,,Cell 6,,Cell 6,,Cell 6,,Cell 7,,Cell 7,,Cell 7,,Cell 7,,Cell 4,,Cell 4,,Cell 4,,Cell 4,,Cell 5,,Cell 5,,Cell 5,,Cell 5,,Cell 6,,Cell 6,,Cell 6,,Cell 6,,Cell 7,,Cell 7,,Cell 7,,Cell 7,
Module Serial Number,MY2226ZC01,,MY2226ZC01,,MY2226ZC01,,MY2226ZC01,,MY2226ZC01,,MY2226ZC01,,MY2226ZC01,,MY2226ZC01,,MY2226ZC01,,MY2226ZC01,,MY2226ZC01,,MY2226ZC01,,MY2226ZC01,,MY2226ZC01,,MY2226ZC01,,MY2226ZC01,,MY2226ZC01,,MY2226ZC01,,MY2226ZC01,,MY2226ZC01,,MY2226ZC01,,MY2226ZC01,,MY2226ZC01,,MY2226ZC01,,MY2226ZC01,,MY2226ZC01,,MY2226ZC01,,MY2226ZC01,,MY2226ZC01,,MY2226ZC01,,MY2226ZC01,,MY2226ZC01,
Instrument Serial Number,MY2228ZA03,,MY2228ZA03,,MY2228ZA03,,MY2228ZA03,,MY2228ZA03,,MY2228ZA03,,MY2228ZA03,,MY2228ZA03,,MY2228ZA03,,MY2228ZA03,,MY2228ZA03,,MY2228ZA03,,MY2228ZA03,,MY2228ZA03,,MY2228ZA03,,MY2228ZA03,,MY2228ZA03,,MY2228ZA03,,MY2228ZA03,,MY2228ZA03,,MY2228ZA03,,MY2228ZA03,,MY2228ZA03,,MY2228ZA03,,MY2228ZA03,,MY2228ZA03,,MY2228ZA03,,MY2228ZA03,,MY2228ZA03,,MY2228ZA03,,MY2228ZA03,,MY2228ZA03,
Instrument Name,MY2228ZA03,,MY2228ZA03,,MY2228ZA03,,MY2228ZA03,,MY2228ZA03,,MY2228ZA03,,MY2228ZA03,,MY2228ZA03,,MY2228ZA03,,MY2228ZA03,,MY2228ZA03,,MY2228ZA03,,MY2228ZA03,,MY2228ZA03,,MY2228ZA03,,MY2228ZA03,,MY2228ZA03,,MY2228ZA03,,MY2228ZA03,,MY2228ZA03,,MY2228ZA03,,MY2228ZA03,,MY2228ZA03,,MY2228ZA03,,MY2228ZA03,,MY2228ZA03,,MY2228ZA03,,MY2228ZA03,,MY2228ZA03,,MY2228ZA03,,MY2228ZA03,,MY2228ZA03,
,Temperature (°C),Abs,Temperature (°C),Abs,Temperature (°C),Abs,Temperature (°C),Abs,Temperature (°C),Abs,Temperature (°C),Abs,Temperature (°C),Abs,Temperature (°C),Abs,Temperature (°C),Abs,Temperature (°C),Abs,Temperature (°C),Abs,Temperature (°C),Abs,Temperature (°C),Abs,Temperature (°C),Abs,Temperature (°C),Abs,Temperature (°C),Abs,Temperature (°C),Abs,Temperature (°C),Abs,Temperature (°C),Abs,Temperature (°C),Abs,Temperature (°C),Abs,Temperature (°C),Abs,Temperature (°C),Abs,Temperature (°C),Abs,Temperature (°C),Abs,Temperature (°C),Abs,Temperature (°C),Abs,Temperature (°C),Abs,Temperature (°C),Abs,Temperature (°C),Abs,Temperature (°C),Abs,Temperature (°C),Abs
,90,0.319078897351217,21,0.279968252847261,90,0.35126092596728,21,0.304005299335281,90,0.285328883164105,21,0.240253345584522,90,0.2993270853253,21,0.255913294271014,90,0.317013390528125,21,0.262364483527093,90,0.327869390977105,21,0.270570276024026,90,0.373090779047064,21,0.317778688371572,90,0.386825929423532,21,0.327295307459911,90,0.0253967861670445,21,0.0252045265074749,90,0.0254316995152645,21,0.0251467359009425,90,0.00972984799676354,21,0.00890823661977513,90,0.00878687077017839,21,0.0087099499751357,90,0.0068960944134001,21,0.00683549205375815,90,0.00694333063388205,21,0.00676808587184169,90,0.0375161518397104,21,0.0379081500733247,90,0.0376478664294032,21,0.037819596726976
,89,0.326869892566592,22,0.279958339935687,89,0.352319947718935,22,0.304066480917208,89,0.287491763655933,22,0.240248502756207,89,0.300165124128313,22,0.256019360777193,89,0.318868967376274,22,0.262326886791112,89,0.328051373302921,22,0.270564302041853,89,0.373898972614884,22,0.317820844930978,89,0.387002927619315,22,0.327483228012075,89,0.0255098313632249,22,0.0252471501509858,89,0.0254045657514068,22,0.0251632079569983,89,0.00983295780919006,22,0.00890597267639621,89,0.00875981751373166,22,0.00869659363394654,89,0.00698919218800763,22,0.00678617528590068,89,0.00695010871922442,22,0.00673647783556188,89,0.0375473213909121,22,0.0379139976130913,89,0.0376582913700728,22,0.0378260951671311
,88,0.328651117707925,23,0.2800833587979,88,0.352607436225523,23,0.304356418693709,88,0.28840429433639,23,0.240370200464735,88,0.300693351008133,23,0.256212735292252,88,0.319065655018143,23,0.262494595868798,88,0.32846566226619,23,0.270793145179585,88,0.374104233631941,23,0.318107339115653,88,0.38687103474366,23,0.32781661890213,88,0.0255085962036183,23,0.0252249001413908,88,0.0254062671077293,23,0.0251423500638135,88,0.00975934348819,23,0.00884134848689582,88,0.00871823972352082,23,0.00868160946600714,88,0.00695049875398525,23,0.00676141645382429,88,0.0069413911329923,23,0.00673254304104822,88,0.0375270777015537,23,0.0379251684707879,88,0.0376667551464842,23,0.0378351278193295
,87,0.32916203611833,24,0.280633628865455,87,0.352541554904904,24,0.305022264134026,87,0.288350506468105,24,0.240975671098681,87,0.300448871465088,24,0.256492494032935,87,0.319014535545194,24,0.262956899324159,87,0.328612029214648,24,0.27122899459327,87,0.374346119507526,24,0.318835414027883,87,0.38710713170361,24,0.328412881505754,87,0.0254805498106452,24,0.0252698039792682,87,0.0254027503890748,24,0.0251503522503482,87,0.00966361863447777,24,0.00889279034644821,87,0.00868399273746309,24,0.00865968796193149,87,0.00695406724857085,24,0.00678615541930527,87,0.00692423973323335,24,0.00673759442768064,87,0.0375353590848822,24,0.0379901948104632,87,0.0376618905285997,24,0.0378479401312422
,86,0.32942537901121,25,0.281389563059378,86,0.352347181350016,25,0.305743121610497,86,0.287597891277818,25,0.241641351429373,86,0.300167258864138,25,0.256564499208677,86,0.318965076268215,25,0.263528536232235,86,0.328341328711571,25,0.271834256031131,86,0.374083050908497,25,0.319487638168585,86,0.386713548337801,25,0.32902423652485,86,0.0254502923358541,25,0.0252376211123358,86,0.0254115111579414,25,0.0251330950267891,86,0.00961968377788876,25,0.0089011266196252,86,0.00866672968317811,25,0.00866083148527755,86,0.00694892856671404,25,0.00678080435284367,86,0.00692237900883918,25,0.00672942303874288,86,0.0375432118479346,25,0.0380172998332444,86,0.0376293400676789,25,0.0378810588196125
,85,0.329375362837081,26,0.282031026070661,85,0.352079569255977,26,0.306428429427366,85,0.287497786985887,26,0.242111771411015,85,0.299938995208195,26,0.257028191181986,85,0.318999957816242,26,0.264016859195948,85,0.328026997485783,26,0.27246691234673,85,0.373978811703627,26,0.319965700256247,85,0.38636019658727,26,0.329523184075384,85,0.0254636383447657,26,0.0252627169673555,85,0.025398792410596,26,0.0251175035130204,85,0.00952479639637882,26,0.00889282895108939,85,0.00863882185769643,26,0.00865865983801634,85,0.00696326247252824,26,0.00678567618513825,85,0.00691355708678431,26,0.00671528446990285,85,0.0374885706919313,26,0.0380344142565055,85,0.0376366410969518,26,0.0378855204333152
,84,0.329031331916823,27,0.282571792105062,84,0.351659270919156,27,0.307147110803581,84,0.287210766778072,27,0.242495173126183,84,0.299638338445583,27,0.25788138311446,84,0.318655469108751,27,0.264491646143597,84,0.327483713491859,27,0.273090627439755,84,0.374057070044436,27,0.320438215809516,84,0.385969743635275,27,0.330065180140921,84,0.0254589323059638,27,0.0252704131864133,84,0.0254061955337889,27,0.0251083508070792,84,0.00949381297732381,27,0.00891730359401132,84,0.00861200469945532,27,0.00865329053646986,84,0.00695449620304864,27,0.00678352867537499,84,0.00692737595753457,27,0.00671965250376572,84,0.0374996177906854,27,0.0380370791366166,84,0.0376527809777927,27,0.0378645539850243
,83,0.328502791202085,28,0.282883904679344,83,0.351203309231672,28,0.307818436094197,83,0.286451399230178,28,0.242902461944928,83,0.299369675429275,28,0.258667205124658,83,0.318131255585284,28,0.265021654544932,83,0.326894232559737,28,0.273640543124516,83,0.373494170810476,28,0.321127324893582,83,0.385540843228526,28,0.330767778726185,83,0.0254913128759722,28,0.0252496045296768,83,0.0254095151872453,28,0.0251155827887524,83,0.00946558016631528,28,0.00894426315507144,83,0.00859241045359248,28,0.00864512729085552,83,0.0070287313515515,28,0.00676529230054615,83,0.00692420949810016,28,0.00672256409766583,83,0.0375208620345042,28,0.0380391861596291,83,0.0376702126056929,28,0.0378756294271191
,82,0.327951290398722,29,0.283304948641226,82,0.3507641178219,29,0.308517877530374,82,0.285869316573793,29,0.243484744264946,82,0.29903238641316,29,0.259105788179315,82,0.317454136629887,29,0.265571591738151,82,0.326436138176695,29,0.274145398707979,82,0.372926947049682,29,0.321858865506392,82,0.385067045063536,29,0.331465122712957,82,0.0254233336509443,29,0.0252665767627116,82,0.0254041232000711,29,0.0251251233456186,82,0.0093857658975633,29,0.00894544162375965,82,0.00859802736224595,29,0.00862439981879646,82,0.00693858333170351,29,0.00676952144412607,82,0.00689623494456308,29,0.00669984058904986,82,0.0375120841758265,29,0.0380665625434883,82,0.0376375405132582,29,0.0378871550771997
,81,0.327343266089083,30,0.283998384618674,81,0.350267352612011,30,0.309262939169417,81,0.285308188802672,30,0.244087928710838,81,0.298831230278975,30,0.259543045784879,81,0.31703585226297,30,0.266185442854264,81,0.325993503923276,30,0.274754418384359,81,0.372413456371074,30,0.322452231653761,81,0.384565356403636,30,0.332069215373719,81,0.0254418201762632,30,0.0252949681625175,81,0.0253836639788783,30,0.0251444664394071,81,0.00939244762944159,30,0.00894224729037274,81,0.00860211914979774,30,0.0086247434191119,81,0.00690853794436475,30,0.00678171312129113,81,0.00687421562990403,30,0.00671968097848905,81,0.0375404115697904,30,0.0380952030817547,81,0.0376313909813107,30,0.0379079017785813
,80,0.326760780701473,31,0.284592506917846,80,0.349708855778539,31,0.310054192289413,80,0.284906973240776,31,0.244584489625509,80,0.298477011221915,31,0.260345422741575,80,0.316595363615165,31,0.266765432028615,80,0.325440572317076,31,0.275406600325023,80,0.372017151994086,31,0.323121651733808,80,0.384110364890403,31,0.33287227794762,80,0.0254416705215239,31,0.0252953086779081,80,0.0253298821055732,31,0.0251507763681366,80,0.00941267264347985,31,0.00896746322918675,80,0.00859250178434563,31,0.00864606400213805,80,0.0069142260232308,31,0.00678627515692263,80,0.00685803402625595,31,0.00673425291491993,80,0.0375387895606603,31,0.0380913166592847,80,0.0376236721051518,31,0.0379367004820272
,79,0.32605414713921,32,0.285051420189738,79,0.349122568418161,32,0.310821704082582,79,0.284930683308935,32,0.245133500615204,79,0.297926085456786,32,0.260935875419012,79,0.316119399018723,32,0.267272990264253,79,0.324862687472965,32,0.275997043033274,79,0.371611024967922,32,0.323871558750856,79,0.383647029922707,32,0.333679187688619,79,0.0254409066710641,32,0.0252744688908947,79,0.0253359064629145,32,0.025108879198828,79,0.00948561931402512,32,0.00898559431497116,79,0.00858686486677306,32,0.00863203490665364,79,0.00690923574222703,32,0.00677088578147451,79,0.00685928742779769,32,0.00669749771486713,79,0.0375463729912389,32,0.0380707300400843,79,0.0376496984187255,32,0.0379354331427302
,78,0.325233537010876,33,0.285667329244795,78,0.348533360338703,33,0.311658011742904,78,0.284115354531723,33,0.245778670718338,78,0.297394295452212,33,0.261452420119591,78,0.315551686298133,33,0.267912223099401,78,0.324189295820075,33,0.276592339872446,78,0.371160161372828,33,0.324588449898175,78,0.383107287902801,33,0.334314602320786,78,0.0254411365377111,33,0.0252575546459272,78,0.0253729712414487,33,0.0251498524746726,78,0.00944915243821729,33,0.00898786803655775,78,0.00858958972768199,33,0.00864657058286249,78,0.00690411646358579,33,0.00677580914573877,78,0.00687683003195074,33,0.0066853934821407,78,0.0375660432658914,33,0.0380801881529563,78,0.0376611366665611,33,0.0379389987956354
,77,0.324258514973082,34,0.286318162282702,77,0.347900434234203,34,0.312492810964632,77,0.283191608845589,34,0.246300446938094,77,0.296835406693612,34,0.262319127325763,77,0.314925521565543,34,0.268571261325437,77,0.32352055711407,34,0.277261108547903,77,0.370756422483384,34,0.32538776774714,77,0.382579142339238,34,0.335080891824643,77,0.0254640536660865,34,0.025226848106549,77,0.0253875686320239,34,0.0251606256066168,77,0.00939421930173402,34,0.00897857724236399,77,0.00859982588579229,34,0.00863791589436467,77,0.00696034391217684,34,0.00679153478098023,77,0.00689257403338418,34,0.0066985502805936,77,0.0375917040472566,34,0.0380724263805697,77,0.0376579854333431,34,0.037914166965768
,76,0.323324488008836,35,0.286961059510891,76,0.347170461348271,35,0.313269286296245,76,0.282334854706926,35,0.246933115583527,76,0.296158226729173,35,0.26314867657787,76,0.314195286694406,35,0.269249035328146,76,0.322769952737787,35,0.277955368505555,76,0.370264000737951,35,0.326191830113523,76,0.38206509891641,35,0.335920456772107,76,0.0254458071351989,35,0.0252162304173004,76,0.0253754644465265,35,0.0251014237799935,76,0.0093762068583721,35,0.00898780341157718,76,0.00857914359417045,35,0.00862250961500557,76,0.00693446146614324,35,0.00675134172711336,76,0.00687682443019285,35,0.00666614951744043,76,0.0376000456176992,35,0.0380381430653927,76,0.0376652397594631,35,0.037889139579295
,75,0.322294152316917,36,0.287691119599877,75,0.34643355318529,36,0.314182660172333,75,0.281520175924851,36,0.247594809671836,75,0.295527586106188,36,0.263999761227979,75,0.313432255901621,36,0.269969139066185,75,0.322006435205509,36,0.27870477334436,75,0.36967572766496,36,0.327010625376857,75,0.381415602632228,36,0.336843730761526,75,0.025443314446004,36,0.0252637159936497,75,0.0253837913721956,36,0.0251117926245355,75,0.00935826710634566,36,0.00901584710222127,75,0.00857021075028996,36,0.00864387603073124,75,0.00689785057702496,36,0.00674592735186884,75,0.00690691587161552,36,0.0066708323355883,75,0.0375911927094817,36,0.0380454271218425,75,0.0376511743715345,36,0.037911050880431
,74,0.321247997436682,37,0.288343362838628,74,0.345701850130118,37,0.315032480533989,74,0.280805070588239,37,0.248180477614905,74,0.294884799979762,37,0.264876125162997,74,0.312588478146076,37,0.27069700867199,74,0.321129028997438,37,0.27948036247551,74,0.369070034748926,37,0.327936067683336,74,0.380762366220894,37,0.337794886781786,74,0.025431214938561,37,0.0252664903995076,74,0.0253851581016275,37,0.0251203242649304,74,0.00938884276342332,37,0.0090012716919315,74,0.00860618116345268,37,0.00864968827598718,74,0.0068833809964537,37,0.00675092494026829,74,0.00686663256509164,37,0.00667627780203933,74,0.0375844944211133,37,0.0380511666913542,74,0.0376724711250904,37,0.0379127524942285
,73,0.320176794934654,38,0.289002088056654,73,0.344966699152145,38,0.315839730046917,73,0.28008163808247,38,0.248854569485971,73,0.294161561580617,38,0.265694863477558,73,0.311687601615781,38,0.271444131688274,73,0.320213811816621,38,0.280286245189161,73,0.368414382009435,38,0.328816848410816,73,0.380015306320044,38,0.338717324495668,73,0.0254408849394394,38,0.025210389824662,73,0.0253712886168911,38,0.02510867262464,73,0.00942283484898136,38,0.00901292322143835,73,0.00860345505397205,38,0.00865782517721213,73,0.00688520608321221,38,0.00672806959849167,73,0.00682878285102682,38,0.00668803000348663,73,0.0376040576037442,38,0.0380189613078964,73,0.0376695761129622,38,0.0379027282320637
,72,0.319098467429793,39,0.289722898348803,72,0.3441674329098,39,0.316718346187642,72,0.279257831866615,39,0.249503919494645,72,0.293313425099527,39,0.266497943688643,72,0.310651177683014,39,0.272307082019498,72,0.319180530526504,39,0.281089174565613,72,0.367671690649484,39,0.329795391640772,72,0.379201485580928,39,0.339719494536453,72,0.0254651385831741,39,0.0252131254781721,72,0.0253722271658463,39,0.0251124393558681,72,0.00944299161606084,39,0.00904284988512777,72,0.00858363777450091,39,0.0086411340850075,72,0.00689540972757598,39,0.00675904878702089,72,0.00682613250411898,39,0.00668066316837677,72,0.0376140248469699,39,0.0380102569663614,72,0.0377001252769585,39,0.0378943318482986
,71,0.318105312078499,40,0.290499689683914,71,0.343417246982412,40,0.317587397886144,71,0.278317331043484,40,0.250208098627837,71,0.292506785762623,40,0.267256916197564,71,0.30957444532605,40,0.27317264151017,71,0.318023732546676,40,0.28194728777751,71,0.366831475148043,40,0.330807296664868,71,0.378257434381259,40,0.3407526900072,71,0.0254678285432401,40,0.0252285144151038,71,0.025365830420917,40,0.0251240031008667,71,0.00944050558624843,40,0.00905898424323622,71,0.00859017217978248,40,0.00866069606942392,71,0.00689687870441542,40,0.00675368663450077,71,0.00681947986154423,40,0.00670659226127853,71,0.0376266279019442,40,0.0380017759331323,71,0.0376897538599799,40,0.0379086030944271
,70,0.317075599817123,41,0.291262065641426,70,0.342683236494746,41,0.318446249798513,70,0.277311861787141,41,0.250978161144121,70,0.291676381157347,41,0.267981881332269,70,0.308351181824829,41,0.274084734666296,70,0.316837079892447,41,0.282855099831976,70,0.36592301908358,41,0.331852846553792,70,0.377229692647806,41,0.341850391633708,70,0.0254778936341087,41,0.0252175195857135,70,0.0253563562569882,41,0.0251650458017257,70,0.00939798888941793,41,0.0090745578799204,70,0.00858766816091241,41,0.00866835465528118,70,0.00693087091804784,41,0.00674536190848238,70,0.00681492573583831,41,0.00674881636651324,70,0.0376518637192627,41,0.0379885130145544,70,0.0376685620454546,41,0.0379599813345515
,69,0.316189870067735,42,0.292041343018001,69,0.342031450963537,42,0.31940756797776,69,0.276377728862411,42,0.251693847412054,69,0.290833963490548,42,0.268779658386392,69,0.307083251546012,42,0.275019017272031,69,0.315606705069815,42,0.283843497904616,69,0.364937645311009,42,0.332960323624618,69,0.376154705267219,42,0.342988649299395,69,0.0254772033901996,42,0.0252428767734002,69,0.0253748051758253,42,0.025179980395536,69,0.00943217561628826,42,0.00908864877878112,69,0.00859231098918969,42,0.00867400527957246,69,0.0069832383617665,42,0.00679650647628907,69,0.00682756814283261,42,0.00673651933098639,69,0.0376601425226505,42,0.038025959483395,69,0.0376714928939212,42,0.0379435655098268
,68,0.315289260406695,43,0.292831639630809,68,0.34127244547812,43,0.320248228107777,68,0.275408793675523,43,0.252390240000901,68,0.289925578929558,43,0.26958668485276,68,0.305715063002753,43,0.275999698759755,68,0.314196112560189,43,0.284793691822023,68,0.363854192438492,43,0.334046252085857,68,0.374971685710905,43,0.344077372824279,68,0.0254181210949872,43,0.025221777510152,68,0.025353636973778,43,0.0251237016820691,68,0.0094820729647237,43,0.00909539230889003,68,0.00859556971513313,43,0.00871983678889385,68,0.00688992776989641,43,0.00675805383155887,68,0.00682151121124463,43,0.00668282286681409,68,0.0376910866536783,43,0.0380219957452549,68,0.0376882596158667,43,0.0378914950460708
,67,0.314434588048307,44,0.293670113322302,67,0.340551690173423,44,0.321095854520824,67,0.274633704194792,44,0.253110893566678,67,0.289115756101519,44,0.270366493778528,67,0.304415028427713,44,0.277009379498699,67,0.312863209601804,44,0.285751592547713,67,0.362660551895281,44,0.335111725511745,67,0.373728827624904,44,0.345207976707104,67,0.0254202432511661,44,0.0252361882644225,67,0.0253353944345392,44,0.0251342686769735,67,0.00951584930383948,44,0.00911786279143328,67,0.00859470823656691,44,0.00870871135280673,67,0.00687850460093157,44,0.00675667842745144,67,0.0068030667976846,44,0.00667676526261601,67,0.0377088352785389,44,0.0380072079438456,67,0.0376957433267384,44,0.0378924328004321
,66,0.313628531234759,45,0.294521345529676,66,0.33988109231723,45,0.321976387415853,66,0.273679111792862,45,0.253863083993725,66,0.288323059135563,45,0.271048542978537,66,0.302951248873642,45,0.278028221745801,66,0.311548345096367,45,0.286820987208756,66,0.36125096682581,45,0.336252659701336,66,0.372530581749945,45,0.346345056439394,66,0.025441138226292,45,0.0252668194880954,66,0.0253250832285237,45,0.0251494139152594,66,0.00950874068104211,45,0.0091000727317709,66,0.00858119830104194,45,0.00865780379013883,66,0.00688097439802043,45,0.00675191866953512,66,0.00684597008005778,45,0.00668955294362525,66,0.0376597444540981,45,0.038016908389162,66,0.0376806851006085,45,0.0379049342964861
,65,0.312793559429243,46,0.295417720052315,65,0.339156814569922,46,0.322874975734869,65,0.272661398403138,46,0.254653424393439,65,0.287526297107071,46,0.271833186341607,65,0.301571069623571,46,0.279124264551783,65,0.310145003710488,46,0.287906100515149,65,0.359953143223631,46,0.337318944631208,65,0.37118269817168,46,0.347541754115534,65,0.0254153410290743,46,0.0252702370602407,65,0.0253179780878736,46,0.0251245478333267,65,0.00948111249664095,46,0.00911478213717622,65,0.00857501616396791,46,0.0086741659225872,65,0.00687613437496005,46,0.00673695355689513,65,0.00682484624072683,46,0.00666301773228243,65,0.0376450600485189,46,0.0380048340084224,65,0.0376838615392759,46,0.0379069019201635
,64,0.311939920083609,47,0.296310988470518,64,0.338493914659901,47,0.323761909988787,64,0.271684992659254,47,0.255472633338074,64,0.287129797467199,47,0.272653354727513,64,0.300206068172479,47,0.280261673820396,64,0.308865651006885,47,0.289036781432757,64,0.358571289033417,47,0.338363151050958,64,0.369797595734707,47,0.348658714518885,64,0.0254139990158723,47,0.0252680471843922,64,0.0253261768385305,47,0.0251167148780164,64,0.00948297992744312,47,0.00916111631927396,64,0.00859320477428721,47,0.0086587485975471,64,0.00684808209463215,47,0.00675375737597548,64,0.00679754136426141,47,0.00664736342587,64,0.0376823456470593,47,0.0379756768401099,64,0.0376842961033315,47,0.0378675061291716
,63,0.31113332235464,48,0.297189559708328,63,0.337795958273447,48,0.324590106485505,63,0.27064754809677,48,0.256276273537904,63,0.286562921306366,48,0.273438343213652,63,0.298855792587951,48,0.281387129689277,63,0.30773800838821,48,0.290123505113091,63,0.357191626711939,48,0.339451468616617,63,0.368476318458051,48,0.349723532970258,63,0.0254332455605799,48,0.0252684168038221,63,0.0253144265551633,48,0.025152327417726,63,0.00946341983156219,48,0.00917849571285002,63,0.00860204515165144,48,0.00867200093595808,63,0.00689089523874237,48,0.00676918066663572,63,0.00679889565017902,48,0.00667270235529055,63,0.037722493318996,48,0.0379644015651683,63,0.0376770914438215,48,0.0378700267354323
,62,0.310340806294066,49,0.298064587305525,62,0.337045338768044,49,0.325474292700957,62,0.269775243163546,49,0.257030021148793,62,0.285922758083822,49,0.274224953918119,62,0.29759042566491,49,0.282468680960024,62,0.30647194375453,49,0.291238633526273,62,0.355854407816924,49,0.340460768402314,62,0.367100174552398,49,0.350856086177638,62,0.0253979434318843,49,0.0252517848365667,62,0.0252922750411252,49,0.0251613986703878,62,0.00948296204359457,49,0.00917753216130643,62,0.00859160579200832,49,0.00866828481315644,62,0.00687665027102187,49,0.00677191901759925,62,0.00680922372381632,49,0.00667339806742964,62,0.0377156507629772,49,0.0379617273279074,62,0.0376753560529086,49,0.0378785497148644
,61,0.309551476859392,50,0.298989164900122,61,0.336272783029857,50,0.326366730544942,61,0.268896567303054,50,0.257863094910236,61,0.285332509810012,50,0.274985486392479,61,0.29634535380091,50,0.283608376801792,61,0.30518636593622,50,0.292338385929116,61,0.35449729090314,50,0.341493741224073,61,0.365767112648603,50,0.352052619194701,61,0.0253761595787873,50,0.0252666292275576,61,0.0252644305929223,50,0.0251608434712522,61,0.0094940138536919,50,0.00918471018954139,61,0.00861721865996683,50,0.00864237091368993,61,0.00683869541946807,50,0.00680958818678355,61,0.00679624485778942,50,0.00668419401943805,61,0.0377171544614519,50,0.0379773244557837,61,0.0377011171032601,50,0.0378604864984166
,60,0.308777143435297,51,0.299983083356953,60,0.33553297883946,51,0.327210402574598,60,0.268079362568609,51,0.258680835841631,60,0.284701227037983,51,0.275797024602875,60,0.295188535997822,51,0.284713840566333,60,0.304012447298337,51,0.293492782357006,60,0.353187049656943,51,0.342544740639071,60,0.364396279833816,51,0.353360804455218,60,0.0253964607072013,51,0.0252440347085286,60,0.0252635936076112,51,0.0251487198261594,60,0.00950012829716841,51,0.00918128748309065,60,0.00861153897232032,51,0.00862151007324347,60,0.00683974112432842,51,0.00675280491291723,60,0.00674759066039721,51,0.00667607713837916,60,0.0377190187761897,51,0.0379322063255622,60,0.0376975615832542,51,0.0378446908747566
,59,0.307971112702756,52,0.300926565755707,59,0.3348246602854,52,0.328164376290898,59,0.26739096100753,52,0.259290489015254,59,0.284123250614477,52,0.276713651929606,59,0.294169651119308,52,0.285877011510612,59,0.30288243386583,52,0.29472180632208,59,0.351963069839626,52,0.343544100874857,59,0.363156865021503,52,0.354609682401626,59,0.0253669898352703,52,0.0252388668661826,59,0.0252624507993858,52,0.0251302444967803,59,0.00954048232046134,52,0.00913112539001403,59,0.00860350358833864,52,0.00864946254051789,59,0.00680820579708605,52,0.0067171367967404,59,0.00673710503372701,52,0.00667042691029524,59,0.0377099786903917,52,0.0378964064499287,59,0.0376934027551462,52,0.0378578193589198
,58,0.307170013132825,53,0.301997390716322,58,0.334037520485436,53,0.329062998734531,58,0.266605747163197,53,0.260083411209683,58,0.283516311267288,53,0.277494713677375,58,0.293026996416897,53,0.287165935119745,58,0.301797859633,53,0.295976050712143,58,0.350825563498831,53,0.344566883026182,58,0.361930673216534,53,0.355729890617347,58,0.0253885323145034,53,0.0252552770076085,58,0.0252744372791346,53,0.0251631112449572,58,0.00956009002615244,53,0.00913751476238236,58,0.0086093605754872,53,0.00865730269286341,58,0.00679027016011003,53,0.00674691866215835,58,0.00677655958854558,53,0.00667475671646412,58,0.0377789075313001,53,0.0378916434189888,58,0.0376924692465424,53,0.0378511682554818
,57,0.306362439540375,54,0.30325534007273,57,0.333298379311965,54,0.329926199766322,57,0.265697127927025,54,0.260946148251869,57,0.282812484059318,54,0.278156778483807,57,0.291999566609673,54,0.288292440116471,57,0.300869881588839,54,0.297233805552077,57,0.349688664829987,54,0.345621752663072,57,0.360772248231056,54,0.356767047816622,57,0.0254115010212805,54,0.0252592235894845,57,0.0252797780769685,54,0.0251088572398988,57,0.0094776066229333,54,0.00918458861351299,57,0.00859063178451279,54,0.00862190319925381,57,0.00685293398961525,54,0.00674716339036233,57,0.00679049252732664,54,0.00659965544910134,57,0.0377941951134192,54,0.0378838901195075,57,0.0377022810113195,54,0.037815927353928
,56,0.305527352578598,55,0.30425470466034,56,0.33261642974575,55,0.330808567061305,56,0.264988326711787,55,0.261663744438022,56,0.28206209006334,55,0.27889824377758,56,0.29102788741375,55,0.289387102320084,56,0.299910071040332,55,0.298214840600078,56,0.348545902609651,55,0.346708413365921,56,0.359672730820538,55,0.35778622170447,56,0.0253868159666945,55,0.0252550755277495,56,0.0252711553357528,55,0.0251534555384438,56,0.00950428768784927,55,0.00918648524187877,56,0.00856825328173187,55,0.00861890539119933,56,0.006874001784841,55,0.00672627114850267,56,0.00680323517347249,55,0.0066294530810816,56,0.0377477065792841,55,0.0378710804918884,56,0.0376916596211443,55,0.0378373738732051
,55,0.304632896634644,56,0.30513521340481,55,0.331838335908835,56,0.33167909128914,55,0.264070922644911,56,0.262439126504596,55,0.281336697772463,56,0.279616267003946,55,0.290005309982295,56,0.290537866223066,55,0.298890167182916,56,0.299451677377949,55,0.347510240492804,56,0.34782355682799,55,0.358576568389358,56,0.358899235205571,55,0.0253634814813243,56,0.0252761578686022,55,0.0252794035144191,56,0.0251607113835015,55,0.00943224810653701,56,0.0091456393883171,55,0.00859154018388393,56,0.00859939941866262,55,0.00681644671904198,56,0.00674087312571997,55,0.00676648418205192,56,0.0066469661202867,55,0.0377504710885677,56,0.0378654524363589,55,0.0376835600212874,56,0.0378597470088473
,54,0.30376465617408,57,0.306128671836391,54,0.331045757896696,57,0.332552383450769,54,0.263218822683247,57,0.263206592044017,54,0.280631241050421,57,0.280421853219012,54,0.28913100042886,57,0.291634441606019,54,0.29793131414365,57,0.300570016062478,54,0.346594942468766,57,0.348867477364043,54,0.357632420101062,57,0.360023286854898,54,0.025344919944549,57,0.0252944283786305,54,0.0252738169449873,57,0.0251302536818461,54,0.00945121158066662,57,0.00913481594858186,54,0.00860297886414277,57,0.00860368057091792,54,0.00688873502256983,57,0.00678396480898277,54,0.00676246185096779,57,0.00662852920168285,54,0.0377805465957828,57,0.0378600791728907,54,0.0377095381060597,57,0.0378508012359496
,53,0.302908268805886,58,0.307082270706224,53,0.330167308400524,58,0.333455901590185,53,0.262434066709437,58,0.26397639364665,53,0.279879275526802,58,0.281138444869813,53,0.288161317641022,58,0.292792227966198,53,0.296871380756326,58,0.301622369483574,53,0.345625598809753,58,0.350018508512866,53,0.356621619855498,58,0.361136510533367,53,0.0253687171101728,58,0.0252926708908098,53,0.0252599744257932,58,0.0251430049906001,53,0.00946954866300481,58,0.00915455572677032,53,0.0085742736999789,58,0.0085898585740405,53,0.00688809892181332,58,0.00678883381600443,53,0.00676360562742303,58,0.00662737157611682,53,0.0377672603622864,58,0.0378550162181097,53,0.0377135568120399,58,0.0378202253173735
,52,0.302077698839859,59,0.308077891023214,52,0.3294067086162,59,0.334282112692793,52,0.261562658161617,59,0.264830928804611,52,0.27914750624364,59,0.281878839456896,52,0.287136500920096,59,0.293906240141814,52,0.295891568224079,59,0.302761263657382,52,0.344708270659508,59,0.35118972112494,52,0.355565194646549,59,0.362336092139324,52,0.0253822804206871,59,0.0252835565215272,52,0.025260091855079,59,0.0251779547781749,52,0.0093655438179042,59,0.00916329781149837,52,0.00859288132876446,59,0.0085677486908332,52,0.0068529971633216,59,0.00677624399095389,52,0.00678215496379857,59,0.00665660960467569,52,0.037761806675253,59,0.0378492191116721,52,0.0377083528608701,59,0.0378253875127315
,51,0.3011831217695,60,0.309054348078316,51,0.32862009950601,60,0.335111942272251,51,0.260799828220797,60,0.265664927597378,51,0.278392080242781,60,0.282622974546699,51,0.286150093740592,60,0.294972971353409,51,0.294926859620249,60,0.303904453235796,51,0.343877637771804,60,0.35246511429634,51,0.35466462180988,60,0.363597880816332,51,0.0254019724134663,60,0.0252735015269366,51,0.0252665096790029,60,0.0251746149498088,51,0.00941365582492176,60,0.00916798947475062,51,0.00859370641279476,60,0.00857622585594873,51,0.00682843274807279,60,0.00675235748464204,51,0.00677086153078189,60,0.00666092802089916,51,0.037789830051942,60,0.0378324216499645,51,0.037746092174352,60,0.0378183890996525
,50,0.300287211545652,61,0.310047752615765,50,0.327833380602349,61,0.335990747891582,50,0.26003359709171,61,0.266523330489003,50,0.277577960044736,61,0.283428709490081,50,0.285123957322425,61,0.296156133700289,50,0.293957769762818,61,0.305196306002329,50,0.342919337573227,61,0.353783063507038,50,0.353701186949577,61,0.364913541311393,50,0.025378078803429,61,0.0252755796527597,50,0.0252509011477146,61,0.0251406480368754,50,0.00942349641774864,61,0.00915488152148854,50,0.00858974487694823,61,0.0085707738502217,50,0.00680402656398966,61,0.0067422688842735,50,0.00676609003211406,61,0.00665391495691689,50,0.0377909859858377,61,0.0377944335700552,50,0.037754367797413,61,0.0378015245043446
,49,0.299378577781396,62,0.311043764406819,49,0.327000853743042,62,0.336768296506547,49,0.259171885020496,62,0.267446936326989,49,0.276740525234569,62,0.284183811487281,49,0.284107025671465,62,0.29744273949664,49,0.292910686761519,62,0.306360831658912,49,0.341959521443117,62,0.355208956761934,49,0.352709569700227,62,0.366163423255023,49,0.0253629942705512,62,0.0252982311852416,49,0.0252475682985589,62,0.0251371098304108,49,0.00939168867455212,62,0.00917129746214541,49,0.00856071450569247,62,0.00859165681459787,49,0.0068170401439258,62,0.00676514736366932,49,0.00675821787193982,62,0.00664312895300468,49,0.0378042655847853,62,0.0378042452535166,49,0.0377383635755802,62,0.0377866056401389
,48,0.29854360816346,63,0.312041659602249,48,0.326173292723987,63,0.337515580487456,48,0.258338338021893,63,0.268345306766627,48,0.275927521555228,63,0.284881201121996,48,0.283105490135813,63,0.298791094214849,48,0.291816493735401,63,0.307445035731811,48,0.341047239574809,63,0.356678302222976,48,0.351674741739768,63,0.367497877528586,48,0.0253683984225307,63,0.0252673408079626,48,0.0252324376582441,63,0.0251227799162247,48,0.00935661544304368,63,0.00917888870107534,48,0.00856606215938343,63,0.00860998340335695,48,0.00685688844205196,63,0.00680952709320558,48,0.00673839768739262,63,0.00662222056975945,48,0.0378273928332573,63,0.0377967123427399,48,0.0377302732184755,63,0.037787379176417
,47,0.297661554112084,64,0.313003620141504,47,0.325329534486051,64,0.33843831087917,47,0.257458361603168,64,0.269310246352906,47,0.275131188746391,64,0.285687525526026,47,0.282070464228591,64,0.300135768191243,47,0.290755831794527,64,0.308782836705877,47,0.340104146289602,64,0.358176960262475,47,0.350678374395326,64,0.368962523926283,47,0.0253617104394211,64,0.0252600725682467,47,0.0252628389741626,64,0.0251525484726214,47,0.00930781187963698,64,0.00921907867923302,47,0.00859121460975856,64,0.0085913944067346,47,0.00685735065803758,64,0.00682506849087753,47,0.00676129441365868,64,0.0066499686473721,47,0.0378492952161221,64,0.0377892038881903,47,0.0377498227752982,64,0.0377971449156483
,46,0.29685727241249,65,0.314067262162853,46,0.324496591972438,65,0.339389361888015,46,0.256771238660771,65,0.270309831450831,46,0.274354729024148,65,0.286583221247747,46,0.281030920343388,65,0.301411652759884,46,0.289683187300404,65,0.310169579575262,46,0.339134523371078,65,0.359634610087959,46,0.349610152001094,65,0.370524438141153,46,0.0253612140241225,65,0.0252846459242269,46,0.0252250355166254,65,0.0251543696366598,46,0.00933187209681609,65,0.00924092367984969,46,0.00859174715681599,65,0.00858619582871112,46,0.00681409101668717,65,0.00679206486670618,46,0.00672940877654375,65,0.00665964251323085,46,0.0378641138940158,65,0.0377718919023235,46,0.0377631321970688,65,0.0377835038256391
,45,0.296001668034457,66,0.31506852106783,45,0.323708541260208,66,0.340215117978142,45,0.255955141210029,66,0.271474804188246,45,0.273544577228613,66,0.287534145409816,45,0.280056386803607,66,0.302949685224824,45,0.2887170985979,66,0.311682453316056,45,0.338155668813213,66,0.361136315014479,45,0.348535120128386,66,0.372081817992895,45,0.0253537639909607,66,0.0252899054032249,45,0.0252080828823655,66,0.0251349125965022,45,0.00932007003263455,66,0.00921718221568088,45,0.00859207564683828,66,0.00858818590807051,45,0.00687299174049918,66,0.00680271815492449,45,0.00674154044611037,66,0.0066628573847026,45,0.037858749512638,66,0.0377578378306666,45,0.0377445866100901,66,0.0377919436585537
,44,0.295219148857188,67,0.316172291691671,44,0.322897240680355,67,0.341111588644793,44,0.25510628566265,67,0.272897138832166,44,0.272666313612412,67,0.288545984532205,44,0.278977178490308,67,0.304590348551736,44,0.287635182376365,67,0.313216513417012,44,0.337097353423,67,0.362769928789619,44,0.347470163144274,67,0.373652352075557,44,0.0253454063538238,67,0.0253132762508804,44,0.0251986308519081,67,0.0251740928817444,44,0.00928056302702637,67,0.00922822790723903,44,0.00858320939220032,67,0.00858613680854935,44,0.00685757731831292,67,0.00680395755621994,44,0.00671830990061824,67,0.00668687014378836,44,0.0378444578939772,67,0.0378076754747858,44,0.0377476282779439,67,0.0377885996571109
,43,0.294439882075379,68,0.317323033619543,43,0.322115698011213,68,0.342044635016498,43,0.254332134291412,68,0.274099281779232,43,0.271932359178293,68,0.289622271363138,43,0.277889554384553,68,0.305998794039658,43,0.286641955788441,68,0.314735965935284,43,0.336122107850861,68,0.364349104155363,43,0.346381988166059,68,0.375233254109413,43,0.0253500748662969,68,0.0252927951385826,43,0.0252395274475546,68,0.0251815373161666,43,0.00925887929859287,68,0.0092713713975314,43,0.00861572424072056,68,0.00857949901259235,43,0.00679276924362691,68,0.00680681201821491,43,0.00673411344825273,68,0.00668340027531521,43,0.0378890098233631,68,0.0377870762079761,43,0.0377597258884755,68,0.0377610474202216
,42,0.29361902045301,69,0.318442267460787,42,0.32128142293775,69,0.343171516354903,42,0.253672783782005,69,0.275374353661015,42,0.271127363461799,69,0.290620744729035,42,0.276863387098727,69,0.307573441802461,42,0.285584148520638,69,0.316178541275806,42,0.335081699601551,69,0.365928408132657,42,0.345340500949302,69,0.376755418944707,42,0.0253364341158705,69,0.0252948508459189,42,0.0252578437819731,69,0.0251621767655433,42,0.00928614250895826,69,0.00932124869288204,42,0.00860948602645963,69,0.00857756259811628,42,0.00679763768361132,69,0.00682430698018985,42,0.00675675961949593,69,0.00666935668419995,42,0.0378955482752333,69,0.0377386565952708,42,0.0377900887026463,69,0.03777056510995
,41,0.292866636110464,70,0.319638165913066,41,0.320377300311192,70,0.344273325054232,41,0.253067287616454,70,0.276594302249646,41,0.270347947225965,70,0.292408034098966,41,0.275945706774453,70,0.309098121551502,41,0.284563523981898,70,0.317682440317251,41,0.333984441461905,70,0.367467159226539,41,0.344215555668925,70,0.378176310091961,41,0.0253215409652933,70,0.0253023950788887,41,0.0252500696443819,70,0.0251679609239107,41,0.00933127821530894,70,0.00930916561400271,41,0.00861726035591816,70,0.00857150480678001,41,0.00678841609765822,70,0.00683611672937954,41,0.00674150471459412,70,0.0066802081294553,41,0.0378671468805066,70,0.0377528261539335,41,0.0377898145011945,70,0.0377757551608257
,40,0.292144153556602,71,0.320812286587879,40,0.319571741637946,71,0.34518553729491,40,0.252168933078065,71,0.277736374866627,40,0.269541298207757,71,0.294372888077722,40,0.274995455179713,71,0.310605787319179,40,0.283639382991589,71,0.319138920126446,40,0.333046079675502,71,0.368850135842777,40,0.343136846583676,71,0.379550794737867,40,0.0253157341375569,71,0.0252982580270805,40,0.0252514205794864,71,0.025152108393527,40,0.00923619013940953,71,0.00928672182408438,40,0.00864218439009534,71,0.00853734840093423,40,0.00679274136250784,71,0.00682760398324192,40,0.00675449154419162,71,0.00666886871304352,40,0.0379410676311994,71,0.0377537038838665,40,0.0378164020589358,71,0.0377518024866615
,39,0.291401813392517,72,0.322056117093383,39,0.318720573065241,72,0.346213307079634,39,0.251334595226091,72,0.278978602002613,39,0.268767589254359,72,0.295267319723422,39,0.274089478939481,72,0.312042812040399,39,0.282796309199276,72,0.321281871665702,39,0.332004487337124,72,0.370087542113234,39,0.342080181161106,72,0.381023171477356,39,0.0253236632781152,72,0.0253071808444071,39,0.0252429693591998,72,0.0251986829869455,39,0.00919503316070044,72,0.00930808667150732,39,0.00860502839730425,72,0.00854283287751368,39,0.00680431562419936,72,0.00682045928907082,39,0.00673663818162113,72,0.00671327003358923,39,0.037965557346989,72,0.037752043830424,39,0.037824668633208,72,0.0377783256441132
,38,0.290656805363056,73,0.323362557071968,38,0.317862806482293,73,0.347287939337138,38,0.250639865575659,73,0.280243841293259,38,0.267993102583614,73,0.296246725707514,38,0.273222578081737,73,0.3133675882147,38,0.281905532668612,73,0.323054028714745,38,0.330880657109677,73,0.371374247554176,38,0.341090133214604,73,0.382438749979469,38,0.0253089810445847,73,0.0253284405211747,38,0.025222824054367,73,0.0252118839579709,38,0.00922194914001902,73,0.00931388663584897,38,0.00860822608165383,73,0.00855526678673256,38,0.00682309815703369,73,0.00684982602342968,38,0.0067404229927901,73,0.00671137320426182,38,0.0379119295405875,73,0.0377846403463378,38,0.0378276701576629,73,0.0377796950131668
,37,0.289934525503588,74,0.324756089217269,37,0.317075688252367,74,0.348457214247291,37,0.249909987870858,74,0.281399801082607,37,0.267230356310655,74,0.297542543995246,37,0.272408012941516,74,0.314614345189683,37,0.281087586527104,74,0.323406117474191,37,0.32986999600359,74,0.37248895071652,37,0.34001901045261,74,0.383717882722546,37,0.0253181827097169,74,0.025334540662302,37,0.0252560830593338,74,0.0251969329868985,37,0.00917492104010354,74,0.00928534782527168,37,0.00864520587672126,74,0.00853739825417296,37,0.00681978966862937,74,0.00688005907401729,37,0.00677087790148646,74,0.00669075480274324,37,0.0379108377700042,74,0.0377852962147376,37,0.0378336382758375,74,0.037762468352783
,36,0.289274599858873,75,0.326221727691673,36,0.31620840560159,75,0.349552086674906,36,0.249173119024497,75,0.282577627609574,36,0.26658828489749,75,0.299054122005194,36,0.271567238062841,75,0.315790938141572,36,0.28027276141174,75,0.324494011413117,36,0.328905579963677,75,0.373499300762891,36,0.338974348547781,75,0.384802990814099,36,0.0253268531724158,75,0.0253209044475264,36,0.0252465891350244,75,0.0252249563584842,36,0.00908405684348698,75,0.00928292019190389,36,0.00868245252112879,75,0.00851918210749609,36,0.00680657241899204,75,0.00689072536290435,36,0.00675228005677104,75,0.00670443808518262,36,0.0379119580737168,75,0.0377596168957851,36,0.0378361454280881,75,0.0377652461976253
,35,0.288565363037392,76,0.32777450691853,35,0.31535600279175,76,0.350659892997177,35,0.248607259211778,76,0.283723972434103,35,0.265844813630307,76,0.300013907410208,35,0.270774979741848,76,0.316836765402314,35,0.279466663096946,76,0.325538997889048,35,0.328005517009479,76,0.374502434258906,35,0.338002513908026,76,0.385703323369528,35,0.0253218103349292,76,0.0253372794889681,35,0.0252195272659444,76,0.0252228181222174,35,0.00908830843746811,76,0.00929141987923556,35,0.00868151419756452,76,0.00851222253062017,35,0.00678878301048244,76,0.00687251497534562,35,0.00672836180666472,76,0.00669664429226413,35,0.0379394749368358,76,0.0377553183589492,35,0.0378581927015565,76,0.037757679359834
,34,0.287874220813899,77,0.329418598093595,34,0.314468219532222,77,0.351942732502555,34,0.247974855894282,77,0.284789975376166,34,0.265077201141435,77,0.300953640818599,34,0.270002347900469,77,0.31779739748518,34,0.278671804967132,77,0.326578370943093,34,0.3271180620853,77,0.375424960028105,34,0.337095463415664,77,0.386670695603658,34,0.0253637654997934,77,0.0253343206737561,34,0.0251879343621963,77,0.0251969632360245,34,0.00909216344717995,77,0.00927718225451739,34,0.00865476771211562,77,0.00850795154473584,34,0.00683491976433665,77,0.00685650551680717,34,0.00671568183489791,77,0.00670393158720727,34,0.0379711898960846,77,0.0377432855085917,34,0.0378463379145679,77,0.0377659759088834
,33,0.287239808063682,78,0.331023717806209,33,0.313605562453055,78,0.353231013229328,33,0.247359941207014,78,0.286187105310245,33,0.264309133287147,78,0.301965588941376,33,0.26934726950375,78,0.318678008098115,33,0.277951858363769,78,0.327543496607684,33,0.326224932597572,78,0.37636824634874,33,0.336168154152047,78,0.387609197284323,33,0.0253661482954108,78,0.0253197165921921,33,0.0252264216537439,78,0.0252343046017696,33,0.00907137010910748,78,0.00926754661909242,33,0.00867204167056694,78,0.00847924285741453,33,0.00683347706324713,78,0.00687091658381794,33,0.00672561230785424,78,0.00675225118970383,33,0.037966135897091,78,0.0377666012064894,33,0.0378548959039608,78,0.0377615889125745
,32,0.286610636928491,79,0.332669801620662,32,0.312877820846403,79,0.354279280149276,32,0.2467404333888,79,0.287310844862905,32,0.263583890705251,79,0.302849461688265,32,0.268760391623148,79,0.319485056793098,32,0.277328284663119,79,0.328350193923198,32,0.325388835535053,79,0.377155455525516,32,0.335400508200253,79,0.388475691657242,32,0.0253431972961165,79,0.0253374046046636,32,0.0252421209790978,79,0.0252501374762236,32,0.00906167469347286,79,0.00923741890755163,32,0.00867096147899989,79,0.00847744373567237,32,0.00685272722460792,79,0.00686728162814436,32,0.00674465434626591,79,0.00674478480673686,32,0.0379441119514442,79,0.0377562454947783,32,0.0378900924764953,79,0.0377583766856465
,31,0.28601104419374,80,0.334237739246139,31,0.312024335748372,80,0.355499870362862,31,0.24614692716947,80,0.28818522177321,31,0.262883355385145,80,0.303716868782541,31,0.268139527565855,80,0.320335111259591,31,0.276609808722005,80,0.329128351606452,31,0.324628399226012,80,0.377949669988761,31,0.334561775686735,80,0.389293464062791,31,0.0253115043001662,80,0.0253493558335049,31,0.0252155678494462,80,0.0252556472362406,31,0.0090380312269601,80,0.00921741947520307,31,0.00867508684319959,80,0.00848437076937498,31,0.00681649119757953,80,0.00686425769264109,31,0.00671354696159857,80,0.00674236121099413,31,0.0379687349040065,80,0.0377076015639264,31,0.0378737937636665,80,0.037773215154533
,30,0.285370679704233,81,0.335718833779981,30,0.311238916495779,81,0.356654593608371,30,0.245527709081736,81,0.289244788409435,30,0.262174538744072,81,0.304543828998445,30,0.267398332432885,81,0.321111653771459,30,0.275959628366853,81,0.32992023202072,30,0.32392273114231,81,0.378844481406758,30,0.333744486323983,81,0.390154599441155,30,0.0252958405722417,81,0.0253455139559086,30,0.0252274545027223,81,0.0252642317977865,30,0.0090267166645748,81,0.0091917685311083,30,0.00867734389748644,81,0.00848931110689273,30,0.00678236282015457,81,0.00686986185213186,30,0.00673771157131395,81,0.00676173605933927,30,0.0379850644898437,81,0.0377132268419471,30,0.0378594744927913,81,0.0377883879388279
,29,0.284770468680553,82,0.337144780930627,29,0.310404124496276,82,0.357829955246585,29,0.244916434774525,82,0.290093350319616,29,0.261486037302142,82,0.305335285809781,29,0.266839106206695,82,0.321759251893424,29,0.27535020266469,82,0.330686193356081,29,0.323196717799063,82,0.379659804630619,29,0.33298148185329,82,0.391008092454331,29,0.0252895480385643,82,0.0253556943397029,29,0.025165001245896,82,0.0252796710788902,29,0.00899853383438598,82,0.00917921047838494,29,0.00867742719479719,82,0.00847540753920846,29,0.00679215787524402,82,0.00687368150906853,29,0.00669177625933225,82,0.00674386068530324,29,0.0379667031121342,82,0.0377246894125968,29,0.0378435027391989,82,0.0377657927167027
,28,0.28421844015799,83,0.338562341917752,28,0.309637763890781,83,0.358988620203793,28,0.244384067993994,83,0.290972357515958,28,0.260753395660425,83,0.30616627156311,28,0.266280545478616,83,0.322427836325831,28,0.274753044604292,83,0.331449002545309,28,0.322471728523301,83,0.380381112048161,28,0.332268656403411,83,0.391841841560746,28,0.0253239798168702,83,0.0253576051287191,28,0.0252368965484327,83,0.0252830618969294,28,0.00899732535666341,83,0.00917219322729027,28,0.00867600183046194,83,0.00849790064429507,28,0.00684000175037485,83,0.00685955757840727,28,0.00671453171653418,83,0.00675163984811942,28,0.0379741013459168,83,0.0377113134808082,28,0.0378478267894473,83,0.0377510550672844
,27,0.283678501015557,84,0.339928886356958,27,0.308930896117379,84,0.360165379452447,27,0.243911026342463,84,0.291879985770617,27,0.260112767866355,84,0.307035089143293,27,0.265774495442544,84,0.323162313917314,27,0.274242826817725,84,0.332231247818384,27,0.321850038843238,84,0.381123440470712,27,0.331699647804552,84,0.392636077957842,27,0.0253214216126783,84,0.0253705570744279,27,0.0251800720544323,84,0.0252481711495055,27,0.00899684501101129,84,0.00913141002874312,27,0.00867744931243274,84,0.00850139987207879,27,0.00682581800171255,84,0.00691294447556243,27,0.00668047404967581,84,0.00675945162996021,27,0.0379624829418617,84,0.0377138331660383,27,0.0378529556474502,84,0.0377494282790724
,26,0.283211628175827,85,0.341304317766293,26,0.3082567309427,85,0.361437758912646,26,0.243440666148121,85,0.292925424524138,26,0.259477540282806,85,0.307929664430674,26,0.265289470677277,85,0.323875757840467,26,0.273755504148932,85,0.33302224129134,26,0.321233959669837,85,0.381969241020979,26,0.331039127930652,85,0.393473985964646,26,0.0253001174728144,85,0.0253996103858217,26,0.0251972036394496,85,0.0252538943103917,26,0.00899953955083418,85,0.00910711150659689,26,0.00869175868391666,85,0.0084614243617592,26,0.00680725247585249,85,0.00694920124664812,26,0.0067198384545178,85,0.00675156932872926,26,0.0379394054214898,85,0.0377427778644064,26,0.0378466680494581,85,0.0377479173968593
,25,0.282689595330335,86,0.342702188300815,25,0.307580636981687,86,0.362778249334092,25,0.242961707419774,86,0.293878458618405,25,0.258878539352172,86,0.308854076023932,25,0.264785704534429,86,0.324528164929751,25,0.273186324299501,86,0.333807155640355,25,0.320593836627077,86,0.382699291993175,25,0.33037296774501,86,0.394327283547212,25,0.0252922643521971,86,0.0253799862944955,25,0.025198014516747,86,0.0252613254924878,25,0.00897212309163479,86,0.00906699413295298,25,0.0087109916858769,86,0.00844305512492013,25,0.00682034990360027,86,0.00691848363793705,25,0.00674958202894717,86,0.00678635191169126,25,0.0379288029032738,86,0.0377174770793532,25,0.0378831914215276,86,0.0377825568178181
,24,0.282080148781998,87,0.344061791534663,24,0.306810905449323,87,0.363939730714059,24,0.242450498126695,87,0.294655320019879,24,0.258200132459837,87,0.309779742514667,24,0.264125469249428,87,0.325093632495637,24,0.272606828302259,87,0.334519161512545,24,0.319909784112672,87,0.383405117240084,24,0.329675837902638,87,0.395099723277337,24,0.0252963949377669,87,0.0253473518470295,24,0.0251821906222315,87,0.0252958000294247,24,0.0089788539561261,87,0.00899610869368322,24,0.00870762285007518,87,0.00845173669012966,24,0.00679993121435672,87,0.00687033028617714,24,0.00671455650377241,87,0.00681499984224417,24,0.037926105066534,87,0.0376653313871637,24,0.0378504278052726,87,0.0377900979815537
,23,0.281555445370107,88,0.34550728798036,23,0.306006409398089,88,0.365135198468117,23,0.241834279251808,88,0.295648907476125,23,0.257500088450751,88,0.311149294640043,23,0.263665064640708,88,0.325720307376357,23,0.271995880602925,88,0.335239069952612,23,0.319354612164632,88,0.384165837362512,23,0.329088482442441,88,0.395900318972261,23,0.0252871364185342,88,0.0253652629311775,23,0.0252245229548787,88,0.0252854728139706,23,0.00897349942061389,88,0.00896585299200242,23,0.00870834165852302,88,0.00845339361311296,23,0.0067998783973568,88,0.00687209979647364,23,0.00678344064478205,88,0.00677154479451413,23,0.0379257904847072,88,0.0376643344758852,23,0.0378688255354826,88,0.0377555771724419
,22,0.28109407354926,89,0.346938993938956,22,0.305310366297856,89,0.366469782642308,22,0.241392779077318,89,0.296591849432219,22,0.256873167197552,89,0.312669646442538,22,0.263196719167539,89,0.32636522603443,22,0.271480425043035,89,0.335981663464334,22,0.318810898313888,89,0.384876974443614,22,0.32850801599524,89,0.396645963206464,22,0.0252916301125908,89,0.0253632569620788,22,0.0252198185769249,89,0.0252561394749085,22,0.00898601199005196,89,0.00893559072445402,22,0.00871923535102214,89,0.00845489693877394,22,0.00679919528525832,89,0.0068709208496478,22,0.00677370322203695,89,0.00676222962546737,22,0.0379076883995191,89,0.0376539771229148,22,0.0378611298422727,89,0.0377378804315855
,21.2999992370605,0.280751087063179,89.6999969482422,0.347908660054421,21.2999992370605,0.304855347836335,89.6999969482422,0.36741726815193,21.2999992370605,0.241080793428868,89.6999969482422,0.297238832422778,21.2999992370605,0.256439617889587,89.6999969482422,0.31325988335797,21.2999992370605,0.262866226211951,89.6999969482422,0.326806201980854,21.2999992370605,0.271133253059894,89.6999969482422,0.336563688855182,21.2999992370605,0.318492238399765,89.6999969482422,0.385358433297627,21.2999992370605,0.328118739910209,89.6999969482422,0.397134188830911,21.2999992370605,0.0252628337990701,89.6999969482422,0.0253424373227655,21.2999992370605,0.0251980478808576,89.6999969482422,0.0252609131906543,21.2999992370605,0.00898322033615092,89.6999969482422,0.00889874094819155,21.2999992370605,0.0087018847296998,89.6999969482422,0.00843600729965914,21.2999992370605,0.00677867722572988,89.6999969482422,0.00686842980579102,21.2999992370605,0.00674551812321773,89.6999969482422,0.00679864466856235,21.2999992370605,0.037920526253113,89.6999969482422,0.0376399901047326,21.2999992370605,0.037818395446754,89.6999969482422,0.0377387817600701
