CSV Report,2023-08-16_RNA_melting_CaCl2_VS.csv
Worksheet Type,Thermal

METHOD
X mode,nm
Y mode,Abs
Collect mode,Wavelength
Wavelengths (nm),260.00,400.00
Averaging Time (s),.1
Spectral Bandwidth (nm),2
Detector module,Multicell Peltier UV-Vis
Zero,Off
Experiment Zones,1

Temperature Collection
Start (°C),90.0
Return (°C),21.0

Derivative
Lower limit (°C),-5
Upper limit (°C),90

Number of stages,4
Stage,Collect data,Data Interval (°C),Rate (°C/min),End (°C),Hold (min)
Stage 1,Yes,1.0,1.0,21.0,2.00
Stage 2,Yes,1.0,1.0,90.0,2.00
Stage 3,Yes,1.0,1.0,21.0,2.00
Stage 4,Yes,1.0,1.0,90.0,0.00

SAMPLES
Name,10 mM MgCl2_260.00nm_90.0-21.0C,,10 mM MgCl2_260.00nm_21.0-90.0C,,10 mM MgCl2_260.00nm_90.0-21.0C_R1,,10 mM MgCl2_260.00nm_21.0-90.0C_R1,,5 mM MgCl2_260.00nm_90.0-21.0C,,5 mM MgCl2_260.00nm_21.0-90.0C,,5 mM MgCl2_260.00nm_90.0-21.0C_R1,,5 mM MgCl2_260.00nm_21.0-90.0C_R1,,1 mM MgCl2_260.00nm_90.0-21.0C,,1 mM MgCl2_260.00nm_21.0-90.0C,,1 mM MgCl2_260.00nm_90.0-21.0C_R1,,1 mM MgCl2_260.00nm_21.0-90.0C_R1,,0.1 mM MgCl2_260.00nm_90.0-21.0C,,0.1 mM MgCl2_260.00nm_21.0-90.0C,,0.1 mM MgCl2_260.00nm_90.0-21.0C_R1,,0.1 mM MgCl2_260.00nm_21.0-90.0C_R1,,10 mM MgCl2_400.00nm_90.0-21.0C,,10 mM MgCl2_400.00nm_21.0-90.0C,,10 mM MgCl2_400.00nm_90.0-21.0C_R1,,10 mM MgCl2_400.00nm_21.0-90.0C_R1,,5 mM MgCl2_400.00nm_90.0-21.0C,,5 mM MgCl2_400.00nm_21.0-90.0C,,5 mM MgCl2_400.00nm_90.0-21.0C_R1,,5 mM MgCl2_400.00nm_21.0-90.0C_R1,,1 mM MgCl2_400.00nm_90.0-21.0C,,1 mM MgCl2_400.00nm_21.0-90.0C,,1 mM MgCl2_400.00nm_90.0-21.0C_R1,,1 mM MgCl2_400.00nm_21.0-90.0C_R1,,0.1 mM MgCl2_400.00nm_90.0-21.0C,,0.1 mM MgCl2_400.00nm_21.0-90.0C,,0.1 mM MgCl2_400.00nm_90.0-21.0C_R1,,0.1 mM MgCl2_400.00nm_21.0-90.0C_R1,
Collection Time,2023-08-16 15:06:45 (+02:00),,2023-08-16 15:06:45 (+02:00),,2023-08-16 15:06:45 (+02:00),,2023-08-16 15:06:45 (+02:00),,2023-08-16 15:06:45 (+02:00),,2023-08-16 15:06:45 (+02:00),,2023-08-16 15:06:45 (+02:00),,2023-08-16 15:06:45 (+02:00),,2023-08-16 15:06:45 (+02:00),,2023-08-16 15:06:45 (+02:00),,2023-08-16 15:06:45 (+02:00),,2023-08-16 15:06:45 (+02:00),,2023-08-16 15:06:45 (+02:00),,2023-08-16 15:06:45 (+02:00),,2023-08-16 15:06:45 (+02:00),,2023-08-16 15:06:45 (+02:00),,2023-08-16 15:06:45 (+02:00),,2023-08-16 15:06:45 (+02:00),,2023-08-16 15:06:45 (+02:00),,2023-08-16 15:06:45 (+02:00),,2023-08-16 15:06:45 (+02:00),,2023-08-16 15:06:45 (+02:00),,2023-08-16 15:06:45 (+02:00),,2023-08-16 15:06:45 (+02:00),,2023-08-16 15:06:45 (+02:00),,2023-08-16 15:06:45 (+02:00),,2023-08-16 15:06:45 (+02:00),,2023-08-16 15:06:45 (+02:00),,2023-08-16 15:06:45 (+02:00),,2023-08-16 15:06:45 (+02:00),,2023-08-16 15:06:45 (+02:00),,2023-08-16 15:06:45 (+02:00),
Cell Number,Cell 4,,Cell 4,,Cell 4,,Cell 4,,Cell 5,,Cell 5,,Cell 5,,Cell 5,,Cell 6,,Cell 6,,Cell 6,,Cell 6,,Cell 7,,Cell 7,,Cell 7,,Cell 7,,Cell 4,,Cell 4,,Cell 4,,Cell 4,,Cell 5,,Cell 5,,Cell 5,,Cell 5,,Cell 6,,Cell 6,,Cell 6,,Cell 6,,Cell 7,,Cell 7,,Cell 7,,Cell 7,
Module Serial Number,MY2226ZC01,,MY2226ZC01,,MY2226ZC01,,MY2226ZC01,,MY2226ZC01,,MY2226ZC01,,MY2226ZC01,,MY2226ZC01,,MY2226ZC01,,MY2226ZC01,,MY2226ZC01,,MY2226ZC01,,MY2226ZC01,,MY2226ZC01,,MY2226ZC01,,MY2226ZC01,,MY2226ZC01,,MY2226ZC01,,MY2226ZC01,,MY2226ZC01,,MY2226ZC01,,MY2226ZC01,,MY2226ZC01,,MY2226ZC01,,MY2226ZC01,,MY2226ZC01,,MY2226ZC01,,MY2226ZC01,,MY2226ZC01,,MY2226ZC01,,MY2226ZC01,,MY2226ZC01,
Instrument Serial Number,MY2228ZA03,,MY2228ZA03,,MY2228ZA03,,MY2228ZA03,,MY2228ZA03,,MY2228ZA03,,MY2228ZA03,,MY2228ZA03,,MY2228ZA03,,MY2228ZA03,,MY2228ZA03,,MY2228ZA03,,MY2228ZA03,,MY2228ZA03,,MY2228ZA03,,MY2228ZA03,,MY2228ZA03,,MY2228ZA03,,MY2228ZA03,,MY2228ZA03,,MY2228ZA03,,MY2228ZA03,,MY2228ZA03,,MY2228ZA03,,MY2228ZA03,,MY2228ZA03,,MY2228ZA03,,MY2228ZA03,,MY2228ZA03,,MY2228ZA03,,MY2228ZA03,,MY2228ZA03,
Instrument Name,MY2228ZA03,,MY2228ZA03,,MY2228ZA03,,MY2228ZA03,,MY2228ZA03,,MY2228ZA03,,MY2228ZA03,,MY2228ZA03,,MY2228ZA03,,MY2228ZA03,,MY2228ZA03,,MY2228ZA03,,MY2228ZA03,,MY2228ZA03,,MY2228ZA03,,MY2228ZA03,,MY2228ZA03,,MY2228ZA03,,MY2228ZA03,,MY2228ZA03,,MY2228ZA03,,MY2228ZA03,,MY2228ZA03,,MY2228ZA03,,MY2228ZA03,,MY2228ZA03,,MY2228ZA03,,MY2228ZA03,,MY2228ZA03,,MY2228ZA03,,MY2228ZA03,,MY2228ZA03,
,Temperature (°C),Abs,Temperature (°C),Abs,Temperature (°C),Abs,Temperature (°C),Abs,Temperature (°C),Abs,Temperature (°C),Abs,Temperature (°C),Abs,Temperature (°C),Abs,Temperature (°C),Abs,Temperature (°C),Abs,Temperature (°C),Abs,Temperature (°C),Abs,Temperature (°C),Abs,Temperature (°C),Abs,Temperature (°C),Abs,Temperature (°C),Abs,Temperature (°C),Abs,Temperature (°C),Abs,Temperature (°C),Abs,Temperature (°C),Abs,Temperature (°C),Abs,Temperature (°C),Abs,Temperature (°C),Abs,Temperature (°C),Abs,Temperature (°C),Abs,Temperature (°C),Abs,Temperature (°C),Abs,Temperature (°C),Abs,Temperature (°C),Abs,Temperature (°C),Abs,Temperature (°C),Abs,Temperature (°C),Abs
,90,0.306994543434337,21,0.260514465201091,90,0.321840840995255,21,0.275584260890253,90,0.28865191766042,21,0.235834110285301,90,0.296337060736874,21,0.242587453193338,90,0.321340252286676,21,0.262630643599578,90,0.328733568350809,21,0.271161294047344,90,0.351414455916515,21,0.294068521471156,90,0.36433965309879,21,0.305486820125105,90,0.0282018795017759,21,0.0276971401344,90,0.0280283991472839,21,0.0279752146254347,90,0.00873996818423913,21,0.00787960218019445,90,0.00882170376852763,21,0.00846572874210091,90,0.00969544518787375,21,0.00938516290100181,90,0.00964162733235202,21,0.00960317782946859,90,0.028213425720589,21,0.0279393520967078,90,0.0282426057921913,21,0.0282753589797813
,89,0.307566617351808,22,0.260562646401492,89,0.322148943436918,22,0.275832757827094,89,0.289212097572785,22,0.235950260826289,89,0.293796255066917,22,0.242644861902172,89,0.321532334186195,22,0.262798902045819,89,0.329211185867139,22,0.271195715543941,89,0.351892049053799,22,0.294215078810151,89,0.364549475938143,22,0.305562187350354,89,0.0281765297550277,22,0.0277661141329072,89,0.0279849228906529,22,0.0280066718055569,89,0.00875192660418856,22,0.00789645340890913,89,0.00878258030778635,22,0.00847605455697967,89,0.0097037487350357,22,0.0093933753269903,89,0.0096575437222926,22,0.00963271348634283,89,0.0282398197479851,22,0.0279729485985681,89,0.0282276326514555,22,0.0283133132100346
,88,0.307755286012713,23,0.260762334073391,88,0.322006931953647,23,0.27617661536182,88,0.289240172765795,23,0.236148666727332,88,0.291351647700576,23,0.242895545133728,88,0.321684451834397,23,0.263042262393272,88,0.32921711109161,23,0.271448231752218,88,0.35183201836433,23,0.294486387573608,88,0.364518996754824,23,0.305804785501028,88,0.0281462484601734,23,0.0277756606970554,88,0.0279844002360137,23,0.0280309778793328,88,0.0087652204100872,23,0.00791635349067822,88,0.00875312168512726,23,0.00850031017399687,88,0.00969927364083454,23,0.00939814407770393,88,0.00965434317447802,23,0.00964488781041771,88,0.0282499441901489,23,0.0279597260729966,88,0.0282198208903356,23,0.0283546741274833
,87,0.307856656106374,24,0.261193181849385,87,0.32192837427182,24,0.276720769214277,87,0.289092916744933,24,0.236572766483972,87,0.290850010422315,24,0.243359214073207,87,0.321419430559623,24,0.26338763510719,87,0.329110576270011,24,0.271971954409739,87,0.352369396985824,24,0.294962460136466,87,0.364549945965431,24,0.306412994582698,87,0.0280866098343121,24,0.0277516193577718,87,0.0279722554802826,24,0.0280410557339112,87,0.00874404331898505,24,0.00793107142741825,87,0.00873878348146446,24,0.00854441253921094,87,0.00965675248552962,24,0.00938722853438268,87,0.00963476256847599,24,0.00965306497853642,87,0.0282450266964654,24,0.0279450747947795,87,0.0282126092716931,24,0.0283891292349675
,86,0.3076588995328,25,0.261982535042584,86,0.321670382901975,25,0.277207512233774,86,0.288757348971828,25,0.237087924798966,86,0.289878677250132,25,0.244020917870985,86,0.320980914678871,25,0.263995906132903,86,0.328892485150062,25,0.272941356744832,86,0.352352809828541,25,0.295514176661724,86,0.36419041878507,25,0.307452207311233,86,0.0280524683629733,25,0.0277403503517502,86,0.0279728565785342,25,0.0279648866132186,86,0.00874318253782804,25,0.00793351285678669,86,0.00874708831065905,25,0.0085560136690503,86,0.00964117215157432,25,0.00939258569285916,86,0.00964156071614704,25,0.00962377228021574,86,0.0282516001970286,25,0.0279687888469745,86,0.0282130208407163,25,0.0283368756054579
,85,0.307412224834134,26,0.26252440242888,85,0.321368916376381,26,0.277620109876556,85,0.288221454342318,26,0.237579164480535,85,0.28947361507712,26,0.244684656884774,85,0.32027537119795,26,0.264659992728769,85,0.328325534530527,26,0.273916767517568,85,0.351770936008267,26,0.296047248753451,85,0.363834256279409,26,0.308080439278078,85,0.0280883404552061,26,0.0277387083404251,85,0.0279494857697057,26,0.0279217507273818,85,0.00874318678797723,26,0.0079368384543084,85,0.00873332891131165,26,0.0085789202972919,85,0.00966947353110294,26,0.00938281889638034,85,0.0096518722394732,26,0.00961704983677013,85,0.0282777301958838,26,0.0279828387896936,85,0.0282234331297488,26,0.0283325346470297
,84,0.307215540542356,27,0.263108902114416,84,0.321091007530728,27,0.278247319510426,84,0.287702395966354,27,0.238018355598972,84,0.289129583783186,27,0.245269308941951,84,0.31957677125207,27,0.265201939190972,84,0.327728575372812,27,0.274362208871739,84,0.351288833160097,27,0.29656082163318,84,0.363438132905336,27,0.30839806089094,84,0.0280540201258912,27,0.0277241889868593,84,0.0279336666901572,27,0.027931579898815,84,0.00872714150118726,27,0.00793915849556685,84,0.00870872179093285,27,0.00857307348320898,84,0.00967490377520498,27,0.00934518072455462,84,0.00966044209748543,27,0.00959196312448754,84,0.0282604308716508,27,0.027969027619256,84,0.0282282307042916,27,0.028342477656554
,83,0.307036505524965,28,0.263572116601535,83,0.320731516119641,28,0.279130791250312,83,0.287162960829224,28,0.238462260621763,83,0.28872577034851,28,0.245793404033638,83,0.31900365878575,28,0.265646167853887,83,0.327123205608438,28,0.274696659053698,83,0.350920076116339,28,0.297119843668709,83,0.363061435043974,28,0.308859250429151,83,0.0280252834472046,28,0.0277529207452687,83,0.0279232545131932,28,0.0279915447094392,83,0.00871213440004418,28,0.00795842581933987,83,0.00871265463312409,28,0.00856325814490427,83,0.00967855697710586,28,0.00935165123695391,83,0.00964637642448626,28,0.00960015899992662,83,0.0282770152745867,28,0.0279534317575313,83,0.0282243964973509,28,0.0283698382299724
,82,0.306751883908113,29,0.263970412647679,82,0.320292274033558,29,0.279969988518346,82,0.286559505571383,29,0.23895192527765,82,0.28833732180199,29,0.246354434609573,82,0.31844066880909,29,0.266091143705203,82,0.326485918921056,29,0.275197168989777,82,0.35064875826606,29,0.297767852125447,82,0.36263107218124,29,0.309710562881439,82,0.0280451958927102,29,0.0277850682092712,82,0.0278533916822446,29,0.0280054692510799,82,0.00871458964578598,29,0.00796057172270288,82,0.008700854958553,29,0.00856659574465376,82,0.00967085479846089,29,0.00936565524247625,82,0.009592493418046,29,0.00960608735446301,82,0.0282897680912246,29,0.0279620328366207,82,0.0281914362772106,29,0.0283804614476075
,81,0.306300362503764,30,0.264533631791222,81,0.319809059236943,30,0.280531308945518,81,0.285942921665928,30,0.239531705452033,81,0.287922671164664,30,0.247006294500692,81,0.317862528605214,30,0.266701926223433,81,0.325827841856424,30,0.275808945503128,81,0.350403212020916,30,0.298377855141052,81,0.362232567550309,30,0.31050169637452,81,0.0280528214483584,30,0.0277537867141063,81,0.0278444837006248,30,0.0279523633674999,81,0.00871907671739643,30,0.00797380270101116,81,0.00868508793375624,30,0.00859015408647165,81,0.00968052615936721,30,0.00935402795527051,81,0.00959424647388087,30,0.00959390875203556,81,0.0283129088205759,30,0.0279679909612572,81,0.0282166832249844,30,0.0283661339701449
,80,0.305760864202245,31,0.265176064896313,80,0.319336518964312,31,0.281146343245296,80,0.285461947296415,31,0.240053572662738,80,0.287484741828746,31,0.247672689482008,80,0.317195506209129,31,0.267266249574433,80,0.325239794161304,31,0.276321505761038,80,0.350039653235766,31,0.299036692949653,80,0.361846810040943,31,0.311002181260876,80,0.0280568027524131,31,0.0277751727446106,80,0.0278878669747342,31,0.0279276511154253,80,0.00872642351143133,31,0.00798533574177105,80,0.00868619773800322,31,0.00860835873872682,80,0.0097224869383758,31,0.00936268349154398,80,0.00963545032770272,31,0.00958888340502335,80,0.0283055319963505,31,0.0279803070487828,80,0.0282361727664069,31,0.0283545419352049
,79,0.305230798895062,32,0.26568933565949,79,0.318858784806914,32,0.281959207363925,79,0.284746317275477,32,0.240608461164002,79,0.286981719483892,32,0.248286026318902,79,0.316534894019185,32,0.267750185652117,79,0.324583119905629,32,0.276878099228493,79,0.34967239938038,32,0.299770773160858,79,0.361409080242801,32,0.311725348798763,79,0.0280509668227828,32,0.0278000141323779,79,0.0278829291432379,32,0.0279550867109998,79,0.00869245872266896,32,0.00799452425413903,79,0.00867418059243286,32,0.00859112329261019,79,0.00971058348391996,32,0.00936695814790206,79,0.00962507296352765,32,0.0095817229470782,79,0.0282770145824338,32,0.0279944629788757,79,0.0282197167286312,32,0.0283536753667974
,78,0.30460362595805,33,0.266196141070859,78,0.318300685151111,33,0.282697868261282,78,0.283929335767896,33,0.241211631102467,78,0.286425313280995,33,0.248909014512118,78,0.315787460933906,33,0.268352576999658,78,0.323800551173221,33,0.277588252536552,78,0.349136030899842,33,0.300492149455589,78,0.360872832928198,33,0.312589106845293,78,0.0280191776893013,33,0.0277885330109625,78,0.0278632869619816,33,0.0279574247332243,78,0.00869153804837717,33,0.00801626424363803,78,0.00866376989920196,33,0.0085982536586301,78,0.00969619577467084,33,0.00937416813859916,78,0.00959424899443074,33,0.00958523409334362,78,0.0282547429795693,33,0.0279785207718044,78,0.0282004762236571,33,0.0283538186242055
,77,0.303927425359829,34,0.266862693300728,77,0.317840882227976,34,0.283362621831179,77,0.283215883631937,34,0.241756722390657,77,0.285817790662394,34,0.249587672064399,77,0.315066955616091,34,0.268991823406393,77,0.322990615680429,34,0.278225209470386,77,0.348590747146102,34,0.301274101039954,77,0.36028639342679,34,0.313324605822408,77,0.0280082286995809,34,0.0277563622673326,77,0.027874932025249,34,0.0279320008076282,77,0.00867987826792705,34,0.00800599998075504,77,0.00867351719734371,34,0.00863316557019058,77,0.00971595539261062,34,0.00935856908311109,77,0.00959894319238298,34,0.00958974881763535,77,0.028270716791402,34,0.027965940037661,77,0.0282099826837142,34,0.0283588825990449
,76,0.303231017164983,35,0.267426508226636,76,0.317412724541818,35,0.284131299735274,76,0.282357315842065,35,0.242307237357657,76,0.285174404911302,35,0.250237917332567,76,0.314259327753931,35,0.269607476018525,76,0.322229455372674,35,0.278882544178417,76,0.348004136861704,35,0.302117854152616,76,0.359717205640011,35,0.314202560825333,76,0.0279927252813797,35,0.0277285483814411,76,0.0278634656785033,35,0.0279548194207623,76,0.00868109734255006,35,0.00799117484616397,76,0.00870776772955956,35,0.00863769683691494,76,0.00972237135961189,35,0.00932731830566845,76,0.00959374448110344,35,0.00960004561111898,76,0.0282603553044452,35,0.0279598133596543,76,0.028208845633047,35,0.0283585249360724
,75,0.302443214660283,36,0.268075966051507,75,0.316798634838085,36,0.28487684111826,75,0.281339917926604,36,0.242917567235896,75,0.284503751124389,36,0.250863315096922,75,0.313398553812982,36,0.270313493277701,75,0.321463473577085,36,0.279572827053256,75,0.347409177920597,36,0.302985145268186,75,0.359088599653982,36,0.315067899470957,75,0.0279871723460323,36,0.0277319475051481,75,0.0278399857366834,36,0.0279758977743816,75,0.00869120894541702,36,0.00801424316787191,75,0.00870286402098383,36,0.00862939533012609,75,0.00969951178081407,36,0.00936341459080697,75,0.00958428478958371,36,0.00959170749589359,75,0.0283062405802509,36,0.0279430019028142,75,0.0282029079344489,36,0.028387174395767
,74,0.301674237518756,37,0.268767116214066,74,0.316073005619373,37,0.285568441910668,74,0.280312112830843,37,0.243529972069479,74,0.283715096421715,37,0.251542149135432,74,0.312533428838518,37,0.271053475537979,74,0.320507095414817,37,0.280283014873852,74,0.346743383157882,37,0.303891310831986,74,0.358384992086293,37,0.315935476238783,74,0.0279829567126212,37,0.0277617458396949,74,0.0278277385266659,37,0.0279966431221512,74,0.00868091329681131,37,0.00803124124712445,74,0.00868741714945878,37,0.00864194846757718,74,0.00969988712289059,37,0.00939172687328106,74,0.00956269656671873,37,0.00958784421930528,74,0.0282684145636447,37,0.0279613204663674,74,0.0281809667280414,37,0.0283934932513564
,73,0.300893672890797,38,0.269418788521346,73,0.315324989910401,38,0.286369380437414,73,0.27923386050286,38,0.244170141325387,73,0.282891927105716,38,0.252188403988427,73,0.311559298787508,38,0.271880878385807,73,0.319521476817441,38,0.281072936001845,73,0.346138162634245,38,0.304869455044339,73,0.357727462933636,38,0.316932081937721,73,0.0279752817715222,38,0.0277727331388436,73,0.0277924445442389,38,0.0279829481289012,73,0.00867740158384906,38,0.00799789759077687,73,0.00867707265994582,38,0.00865490312244055,73,0.00971378607482341,38,0.00938566002856366,73,0.00953187203584592,38,0.00959053965978086,73,0.028252024187231,38,0.0279664496093413,73,0.0281700393557568,38,0.028345500508908
,72,0.300010317787683,39,0.270162997683444,72,0.314594281852964,39,0.287099199267331,72,0.278124366084193,39,0.244812581246431,72,0.282035639853357,39,0.25291876595659,72,0.310590866681814,39,0.272661009559158,72,0.31849197453788,39,0.281884380068328,72,0.345456719751564,39,0.305856778962657,72,0.356923606333343,39,0.317865450353362,72,0.0279634042981762,39,0.0278015345033494,72,0.0277807247846741,39,0.0279495764205295,72,0.00869058252380465,39,0.00800233364968418,72,0.00867436926144379,39,0.00865057215415059,72,0.00972712751514785,39,0.00939358960020635,72,0.0095237537673161,39,0.00956082333413702,72,0.0282600792625769,39,0.0279735336136904,72,0.0281511838944056,39,0.028312426119288
,71,0.299025373497904,40,0.270824381520699,71,0.313799233266187,40,0.287887909122755,71,0.276958065722659,40,0.24547108608735,71,0.281161974019264,40,0.253647294499211,71,0.309483609312264,40,0.273457092536645,71,0.317438963925534,40,0.282729345666696,71,0.344599451127972,40,0.306888686055168,71,0.356056475750886,40,0.318940489586846,71,0.0279590726935377,40,0.0278159593071662,71,0.0277940929273014,40,0.0279600480331466,71,0.00866131235356593,40,0.00800980193472439,71,0.00870149816099642,40,0.00864576296373415,71,0.00970503017542148,40,0.00941257769668247,71,0.00951640049012672,40,0.00956440987733244,71,0.0282268952741824,40,0.0280010719070909,71,0.0281758401478109,40,0.0283202622369331
,70,0.298039256941921,41,0.271540178745274,70,0.312963638073845,41,0.288603364537617,70,0.275878563140435,41,0.246185025065207,70,0.280259056421354,41,0.254318816635109,70,0.308234015843858,41,0.274341191826236,70,0.316317258512679,41,0.28364363180785,70,0.343670037587409,41,0.307932911729729,70,0.355138851747977,41,0.319959104999419,70,0.0279432859173391,41,0.027805296170794,70,0.0277887023844749,41,0.0279787066705718,70,0.00866677265002385,41,0.00803528542916882,70,0.00868492644049978,41,0.00863839935274974,70,0.00967790212231187,41,0.00940440862861903,70,0.00951135053590012,41,0.00960038876132021,70,0.0282251029858674,41,0.0279980348735592,70,0.0281830647900502,41,0.0283390451033368
,69,0.296984711889813,42,0.272242381017639,69,0.31205604229836,42,0.289324091883133,69,0.274769248092886,42,0.246927319775215,69,0.279286112447953,42,0.255060296045623,69,0.306990206530668,42,0.275246706453237,69,0.315105873047129,42,0.2845522256806,69,0.342719688987214,42,0.309007648251659,69,0.354045973155692,42,0.321002297142524,69,0.027953310916694,42,0.02777711609969,69,0.0277769377278095,42,0.0279451345734314,69,0.00867368069165825,42,0.00804614374821617,69,0.00868404390138084,42,0.00864579701112351,69,0.00968466691658741,42,0.00939264398323508,69,0.00952575789134153,42,0.00957145315817783,69,0.0282273560469777,42,0.0279615362358527,69,0.0281626495002119,42,0.0283354891683421
,68,0.295990257651909,43,0.273023892582057,68,0.311177612713849,43,0.290067374406953,68,0.273749647519741,43,0.247657258692868,68,0.278287994484298,43,0.25582446114858,68,0.305796994735841,43,0.276283261772204,68,0.313853526597548,43,0.285496578718425,68,0.341495338415978,43,0.310108024314262,68,0.35279198563915,43,0.322068531624173,68,0.0279155866578368,43,0.0277814637564358,68,0.0277661296551829,43,0.0279281291760525,68,0.00875516620306411,43,0.00804927361124568,68,0.00868395288651455,43,0.00864858062775585,68,0.00965543978045685,43,0.00941810473632229,68,0.00953414110154648,43,0.00957110172158048,68,0.0282021517649631,43,0.0279777531902567,68,0.02813862865676,43,0.028321562187149
,67,0.294935662966087,44,0.273791632838581,67,0.310238541218452,44,0.29085776452034,67,0.272518122414538,44,0.248434585881176,67,0.277300607139002,44,0.256561991938037,67,0.304549795724389,44,0.277262657377274,67,0.312674023701553,44,0.286494830142442,67,0.340344515321229,44,0.311183837498472,67,0.351465565355381,44,0.323155648749516,67,0.0278657756488031,44,0.027811582608295,67,0.0277519770831775,44,0.0279561082886674,67,0.00872199681226264,44,0.00808127981497165,67,0.00866426738405339,44,0.00863775932250113,67,0.00964997306835555,44,0.00944433544103815,67,0.00954738365566492,44,0.00958471223641396,67,0.0282211920495628,44,0.0280143410829777,67,0.0281571403931671,44,0.0283288887757881
,66,0.293913119997773,45,0.274604824323423,66,0.309361416583973,45,0.291598874500383,66,0.271185892760957,45,0.249257742981671,66,0.27632548085901,45,0.257336467330588,66,0.30325444653333,45,0.278279738232036,66,0.311509124525062,45,0.287519284507687,66,0.33904301952505,45,0.312235707058897,66,0.350078023222045,45,0.324234635817461,66,0.0278830793650858,45,0.0278056416685103,66,0.027798504202578,45,0.0279369201345642,66,0.0086626801648378,45,0.00807614668905093,66,0.00867634733334082,45,0.00862349323539419,66,0.00966012358641894,45,0.00941879094833589,66,0.00958494650471836,45,0.00957223004653496,66,0.0282244202569739,45,0.0280042702507388,66,0.0281751276679272,45,0.0283057369717566
,65,0.29287935412274,46,0.275411910398961,65,0.308486236486777,46,0.292418087431492,65,0.270018305681779,46,0.250082736880852,65,0.275407678242517,46,0.258155462366185,65,0.302032967597488,46,0.279308343242016,65,0.310271976080872,46,0.288621642804061,65,0.337740822735623,46,0.31330323880122,65,0.348710046107983,46,0.325255633028173,65,0.0279117534447419,46,0.0278082612976271,65,0.0277874742868057,46,0.027917527280731,65,0.00867203658736153,46,0.00806593446426692,65,0.00866182893532164,46,0.00861836266120396,65,0.00966612886839343,46,0.00939728198455119,65,0.00955276839212817,46,0.00956899207256656,65,0.0282063285848672,46,0.0280179844518215,65,0.0281497665644771,46,0.0282677218605748
,64,0.291845999369672,47,0.27617547325804,64,0.307635864080347,47,0.293224532947506,64,0.268897511117241,47,0.250924846810938,64,0.274501971469066,47,0.258954276803302,64,0.300738692653891,47,0.280378073867101,64,0.308981753870979,47,0.289664137840008,64,0.33629161173257,47,0.314323161749864,64,0.34722686953397,47,0.326240010314314,64,0.027881566894872,47,0.0277718523419374,64,0.0277517265938909,47,0.0279320926266458,64,0.00865324431184149,47,0.00805734377944654,64,0.00866225163043208,47,0.00861125152570469,64,0.00964013572133359,47,0.00939537605210955,64,0.00952405612787946,47,0.00958306081937219,64,0.0281959226690293,47,0.0280022506747469,64,0.0281426278730156,47,0.028268427139416
,63,0.290877390723411,48,0.276932130157532,63,0.306819439688406,48,0.294024334953799,63,0.267828175040681,48,0.251785936546325,63,0.273597294089874,48,0.259785811128461,63,0.299423689238633,48,0.281421656010138,63,0.307537981455558,48,0.290747394538197,63,0.33480369264452,48,0.315316925715964,63,0.345723428307118,48,0.32727357466784,63,0.0278665647888827,48,0.0277386975134418,63,0.0277638196363435,48,0.0279221944993526,63,0.00867464809278474,48,0.00807667294327196,63,0.00867453734890555,48,0.00862196523884269,63,0.00966927245694841,48,0.00939137119242879,63,0.00953846866286414,48,0.0095641139429708,63,0.028208207321951,48,0.028000752781635,63,0.0281633118270895,48,0.0282687867648368
,62,0.289961069467887,49,0.277843767805194,62,0.306341665282903,49,0.294882732130628,62,0.266849850585898,49,0.252689396327377,62,0.272760719143547,49,0.260593801199742,62,0.298052453797879,49,0.282583345291706,62,0.306185526645354,49,0.291864563941391,62,0.333302378175895,49,0.316337723152911,62,0.344581980439927,49,0.328266059874739,62,0.0278695188636984,49,0.0277663544002283,62,0.0277489664033356,49,0.027925253303941,62,0.00866758768243226,49,0.008099564050623,62,0.008697908444935,49,0.00860825432085126,62,0.0096636666360868,49,0.00944245819676956,62,0.00955004773805275,49,0.00954882421853144,62,0.0281980929299735,49,0.0280395428864683,62,0.028147156406132,49,0.0282518931764302
,61,0.289096748931136,50,0.278785795813489,61,0.305490672776394,50,0.295719800559999,61,0.265863190106753,50,0.25359022518866,61,0.27190722277213,50,0.261439493588392,61,0.296751170220101,50,0.283724872283439,61,0.304961942987861,50,0.292991250748811,61,0.331846728422874,50,0.317421876534799,61,0.343270623230076,50,0.329241740066501,61,0.027890086140588,50,0.0278153215002936,61,0.0277193729849989,50,0.0278946653436338,61,0.00866129813542866,50,0.00813295893450196,61,0.00867467569381223,50,0.00858580795658698,61,0.00966417093678268,50,0.0094680068601629,61,0.00955556208914425,50,0.00954963785046804,61,0.0282234641844764,50,0.0280682835107755,61,0.0281220911687792,50,0.0282384620500939
,60,0.288260717358751,51,0.279677881590215,60,0.304528689577985,51,0.296522344801413,60,0.264876996552977,51,0.254469866553658,60,0.271054866740725,51,0.262272437900736,60,0.295498888060227,51,0.284818254603387,60,0.303830628837443,51,0.29413425079076,60,0.330473881394735,51,0.318390495897282,60,0.341810743791839,51,0.330228215532994,60,0.0278859706189377,51,0.0278069950437563,60,0.0277285577078771,51,0.0278610098465128,60,0.00862045131758487,51,0.00812921200435678,60,0.00861196065075374,51,0.00859695642335055,60,0.00963588870148444,51,0.00948543646010189,60,0.0095870221752343,51,0.00956133341469335,60,0.0281927084268189,51,0.0280760354832536,60,0.0281208142317988,51,0.028218940653051
,59,0.287328967254683,52,0.280526921248496,59,0.303697878604925,52,0.297382036626744,59,0.263897599255334,52,0.255362091208396,59,0.270124155455796,52,0.263160171850721,59,0.294430441153713,52,0.285884041123495,59,0.30271110108889,52,0.29526878884111,59,0.329151927163126,52,0.319356569179,59,0.340336184026979,52,0.331180203664188,59,0.0278302116045152,52,0.0278235226021404,59,0.0276820569954004,52,0.0278078642255314,59,0.00852473347199544,52,0.00814330660834404,59,0.00852793219519505,52,0.00858633299859444,59,0.00965818089605043,52,0.00951033797500925,59,0.0095547115795792,52,0.00954370962488671,59,0.0281787146753223,52,0.0280872213043358,59,0.0280884761597131,52,0.0281868491946371
,58,0.286440817558994,53,0.28137479965552,58,0.302882336693294,53,0.298201862097519,58,0.26281748781393,53,0.256292299035414,58,0.269154719778884,53,0.264042375716488,58,0.293302194598356,53,0.286991476562485,58,0.301626928721666,53,0.2964363880572,58,0.327868775047316,53,0.32034802304189,58,0.339023933025,53,0.332190672066605,58,0.0277989517519413,53,0.027799732745882,58,0.0276671351494177,53,0.0278383624697408,58,0.0084248158275173,53,0.00816747071507232,58,0.00843070460769232,53,0.00859641075405201,58,0.00965288988982382,53,0.00950080702023239,58,0.00957115199796259,53,0.00958075592955104,58,0.028203808211841,53,0.0280854273487036,58,0.0281061028892836,53,0.0282136107383039
,57,0.285652686372142,54,0.282242238318729,57,0.302197489604771,54,0.299025403669593,57,0.261896106540983,54,0.257242881945502,57,0.268277935692791,54,0.264911742775198,57,0.292243885113681,54,0.28805878709652,57,0.300621940203288,54,0.297557580474352,57,0.326718676741509,54,0.321293616663069,57,0.337784691394158,54,0.333356507064431,57,0.0278105024924464,54,0.0277886696625058,57,0.0276453744203659,54,0.0278066543412251,57,0.00835874813391514,54,0.00820532242590945,57,0.00834606644514895,54,0.00856998307557153,57,0.00962915853756673,54,0.00950706566995152,57,0.00954210273982799,54,0.00956747750973976,57,0.028195618339878,54,0.0280916606621099,57,0.0281014122844003,54,0.0281698724702518
,56,0.284817354351782,55,0.283045473173263,56,0.301422847136977,55,0.299840552856335,56,0.260978390333739,55,0.258235524996775,56,0.267438882722865,55,0.265764806004527,56,0.291237826020947,55,0.289114555870916,56,0.299595943396918,55,0.298663665159278,56,0.325673132315317,55,0.322283658600656,56,0.336638991761474,55,0.334633691015456,56,0.0278218910159531,55,0.0277093275770716,56,0.0276339566593137,55,0.0277326581898879,56,0.00831698719300556,55,0.0082309690860836,56,0.0083173182702192,55,0.0085493061718203,56,0.00964475433648546,55,0.00947432331087769,56,0.00952487633543383,55,0.00950840858663667,56,0.0281738790003253,55,0.028066274769336,56,0.0281102731377305,55,0.0281311161188129
,55,0.284017907021665,56,0.283906764168592,55,0.300652931223731,56,0.300678424266746,55,0.260093337051292,56,0.259117949860972,55,0.266628980372338,56,0.266664550065839,55,0.290222830524575,56,0.290221912788005,55,0.298621373199167,56,0.300261336822985,55,0.324585537564384,56,0.323405453433611,55,0.33549874795556,56,0.335670058374951,55,0.0278269969060681,56,0.0277252260701684,55,0.0276845643836362,56,0.0277443990102243,55,0.00832157143320389,56,0.00821094118008736,55,0.00831120762243805,56,0.00855201175546321,55,0.00961767944707184,56,0.00951273143967982,55,0.00955924980941334,56,0.00950958104200947,55,0.0281426313869191,56,0.0281032291537723,55,0.0281226784475806,56,0.0281379093390339
,54,0.283213466979817,57,0.284735314387996,54,0.299867924209404,57,0.301465669913057,54,0.259174105496381,57,0.260028991496368,54,0.265854238977006,57,0.267499305298665,54,0.289263616652808,57,0.29131375760536,54,0.297662418762781,57,0.301934908297411,54,0.323330228907808,57,0.324507419449337,54,0.334418919428715,57,0.336702031644007,54,0.0278545118689647,57,0.0277113290295341,54,0.0277081526091606,57,0.0276897131648752,54,0.00827706950777975,57,0.00823391515196831,54,0.00830064440187102,57,0.00850392201081199,54,0.00961172745853505,57,0.00952284238538267,54,0.00956133445950375,57,0.00948783843554816,54,0.028149596902052,57,0.0281198645530022,54,0.0281084938848279,57,0.0281146390417794
,53,0.282352795699804,58,0.285558527737377,53,0.299059551800649,58,0.302299629666807,53,0.258251984855108,58,0.260930787459014,53,0.265014829967633,58,0.268381200876628,53,0.288259770046653,58,0.292391534056376,53,0.296608627185543,58,0.302787261699706,53,0.32236862930247,58,0.32561066161547,53,0.3333983513323,58,0.337839840801174,53,0.0278646442569883,58,0.027711473150228,53,0.0277162709100859,58,0.0276715413524634,53,0.00823477948875055,58,0.00825740864191762,53,0.00829474022548546,58,0.00850221387712366,53,0.00961506982650649,58,0.00956930078483221,53,0.00956036259182379,58,0.00948926522088724,53,0.0281544000000344,58,0.0281620904762175,53,0.0281465097855152,58,0.0281077347043393
,52,0.281590951579479,59,0.147411973333824,52,0.298285306643931,59,0.303169767251721,52,0.257393404744457,59,0.114795629564684,52,0.264180781568687,59,0.269322997479476,52,0.287344121692043,59,0.146420806617203,52,0.295635346512429,59,0.303986416174172,52,0.321284093906674,59,0.172129805480696,52,0.332387247424533,59,0.3391331253362,52,0.0278793284433014,59,-0.0639443367361949,52,0.0277182119137932,59,0.0276315319260428,52,0.00820868209170532,59,-0.0890820338283548,52,0.00830429316621767,59,0.0085181885729825,52,0.00962479881985984,59,-0.08775342731085,52,0.00956369758039736,59,0.00950368455364162,52,0.0281589581869145,59,-0.0746553452209656,52,0.0281384715478191,59,0.0281034811666753
,51,0.28077981416684,60,0.0327786330356605,51,0.297536450168237,60,0.304027887302166,51,0.25670995116883,60,0.0174591090260052,51,0.263384506353296,60,0.270247470441386,51,0.286380498847615,60,0.0491827446867114,51,0.294706726279167,60,0.30490342206336,51,0.320426172711826,60,0.0858254267061864,51,0.331428895854874,60,0.340456084535618,51,0.0278816513069223,60,-0.150517440415296,51,0.0277361351976684,60,0.0276733844566749,51,0.00826920868918867,60,-0.162860587033533,51,0.00831164038940552,60,0.00855675730152034,51,0.00962714584534452,60,-0.161579555206812,51,0.00959272603074741,60,0.00952993122658079,51,0.0281306499599683,60,-0.140629074832669,51,0.0281208145228084,60,0.0281109561854746
,50,0.279953220099075,61,0.289202066527174,50,0.296776572065318,61,0.304858129945525,50,0.255660994914013,61,0.264467157972545,50,0.262575908347513,61,0.271230277602175,50,0.285307106332374,61,0.296260492134425,50,0.293679268142661,61,0.305955514321548,50,0.319434766955044,61,0.330405352287519,50,0.330471335132847,61,0.341873033936205,50,0.0278903000265399,61,0.0295481700820001,50,0.0277447858226404,61,0.0276729775484726,50,0.00820952954987765,61,0.0103186041319101,50,0.00832606308721629,61,0.00862081911261338,50,0.009610543409405,61,0.0115094897329216,50,0.00958531043414296,61,0.00951675425304581,50,0.0281244834815152,61,0.0302423210585453,50,0.0281331190105689,61,0.0281104461925553
,49,0.279064620440122,62,0.292670767592888,49,0.295951441488223,62,0.305707161158258,49,0.254750699637358,62,0.268619904562376,49,0.261744807067462,62,0.272276137838734,49,0.284293084517656,62,0.30035360042612,49,0.292652787165005,62,0.307101530688234,49,0.318469342981624,62,0.334838954160799,49,0.329514898768483,62,0.343366407610163,49,0.0278648298129832,62,0.0316112325409587,49,0.0277562458816794,62,0.0276868893545772,49,0.00816428116437473,62,0.0125163469211508,49,0.0083329654496463,62,0.00872786614589205,49,0.00957890164211225,62,0.0135537142702378,49,0.00958735846524939,62,0.00951185673664944,49,0.0280907245326297,62,0.0321387520790551,49,0.0281625756681941,62,0.0281153117857374
,48,0.278215276507519,63,0.293081606611684,48,0.295186266765211,63,0.306553175772985,48,0.253850657525952,63,0.269289753104096,48,0.26099626611778,63,0.273347089669934,48,0.28326406072526,63,0.30096303253159,48,0.291683046578682,63,0.308292143142744,48,0.317535559422215,63,0.335665725896796,48,0.328583972727508,63,0.344892922792443,48,0.0278358898047206,63,0.0306611631222142,48,0.0277937185917396,63,0.0277217804293499,48,0.00816112587676783,63,0.0116118536789082,48,0.0083607116338969,63,0.00884024993113954,48,0.00956347796709818,63,0.0124634192350709,48,0.00959977110249479,63,0.00951101392483513,48,0.0280772575489486,63,0.0310275359220877,48,0.028175758484348,63,0.0281052224092205
,47,0.277421714147719,64,0.291881294533062,47,0.294435461426986,64,0.307558344730482,47,0.253014667975731,64,0.268268825184775,47,0.2602367848525,64,0.274318608126365,47,0.282278412707274,64,0.300047783920576,47,0.290678097890224,64,0.309571973573627,47,0.316555389472363,64,0.334799512198838,47,0.327596158285064,64,0.34650124132592,47,0.0278260268461999,64,0.0280259979109146,47,0.0278014813515904,64,0.0277909474499801,47,0.00815865403581009,64,0.00905004834837913,47,0.00835233374372253,64,0.0089066995658437,47,0.00953388627194808,64,0.00981037923693895,47,0.00959333731449294,64,0.00949328147582154,47,0.0280584504338016,64,0.0283720490995722,47,0.0281546288966697,64,0.0281054559956458
,46,0.276615152875037,65,0.292979850891259,46,0.293658174989494,65,0.308595741692865,46,0.252109024913201,65,0.26923648947375,46,0.259461888175274,65,0.275280106755397,46,0.28120862424683,65,0.301281567230453,46,0.289641484320643,65,0.311010409908655,46,0.315550574750982,65,0.336145571794268,46,0.326593266763814,65,0.348160705706896,46,0.0278219069767769,65,0.0281564816577132,46,0.0277879202429249,65,0.027930114131021,46,0.00815893636918339,65,0.00904867696178068,46,0.00838793969130151,65,0.00893024754968546,46,0.00957316948686933,65,0.00977985275793364,46,0.00956544160864927,65,0.00953230318430487,46,0.0280543380094601,65,0.0283627249707229,46,0.0281408805036322,65,0.028136770111893
,45,0.275790086253078,66,0.294078032022455,45,0.292900925043847,66,0.309541278911628,45,0.251264447404794,66,0.270317009304856,45,0.258671391615674,66,0.276203298517319,45,0.280144656329755,66,0.302609328177307,45,0.288597339399817,66,0.312650270447861,45,0.314558048155321,66,0.337713174132776,45,0.32561322967752,66,0.349649874225105,45,0.0278346955801751,66,0.0281927017481053,45,0.0277773322848233,66,0.027977515008047,45,0.00813430458137844,66,0.00904293282939107,45,0.00841036350122836,66,0.00892581675147786,45,0.00955687047582882,66,0.00975734434157816,45,0.00954588878652333,66,0.00954230545092789,45,0.0280431883467044,66,0.0283375069594665,45,0.0281272679188584,66,0.0281306854356521
,44,0.274961355352493,67,0.295218714158705,44,0.292131599160267,67,0.310662809557046,44,0.250429526729682,67,0.271459205660022,44,0.257895683242733,67,0.277226036150888,44,0.279111338401459,67,0.304051270566862,44,0.287589741607149,67,0.314562542596635,44,0.313581262827244,67,0.339373945272718,44,0.324571070609734,67,0.351306695401181,44,0.0278265628541695,67,0.0281965944245007,44,0.0278296145764439,67,0.0279650000167348,44,0.00813153907210705,67,0.00902993946785803,44,0.00843471324634655,67,0.008923677433246,44,0.0095397902614836,67,0.00974766066479842,44,0.00956388975238552,67,0.00954312917841599,44,0.0280702463950317,67,0.0283314568179713,44,0.0281375901962504,67,0.0281054088729401
,43,0.274214542058656,68,0.296684995524619,43,0.291400307629165,68,0.311945697191511,43,0.249593558899343,68,0.273013180061462,43,0.25714556890116,68,0.278250172227481,43,0.278172821882366,68,0.305910639319714,43,0.286594276834517,68,0.315980939675943,43,0.312562380092426,68,0.341332585999341,43,0.324819999012093,68,0.352819738261652,43,0.027834884519493,68,0.0283285809812343,43,0.0278670115793437,68,0.0279579100704248,43,0.00812474802452999,68,0.00917709983475886,43,0.00845164821469502,68,0.00891764628300184,43,0.00954647472224262,68,0.00988735502991372,43,0.0095822211007723,68,0.00955436717908358,43,0.0280619688874979,68,0.0284933946199444,43,0.0281349951372109,68,0.0281114830305705
,42,0.273412314513647,69,0.298657826074671,42,0.290632812423015,69,0.312999187300384,42,0.24878174415784,69,0.275087837632207,42,0.256411297456962,69,0.279466252268398,42,0.277143654879243,69,0.308201636760788,42,0.285524561589974,69,0.317493497939515,42,0.311518011588899,69,0.343740412887315,42,0.323642490138108,69,0.354377180106832,42,0.0277975717738246,69,0.0288948232255882,42,0.0278484123669351,69,0.0279687744944042,42,0.00811907346957139,69,0.00976643972817464,42,0.00845301431664758,69,0.00889396049409867,42,0.00952495702343386,69,0.0104594020931235,42,0.00956084434337968,69,0.00956250623681814,42,0.0280665026913978,69,0.0290922790384787,42,0.0281187315262111,69,0.0281454625545824
,41,0.272697223726456,70,0.300898763480728,41,0.28983579224815,70,0.314140855219061,41,0.247995964231196,70,0.277498982121861,41,0.25565870290029,70,0.280756870228689,41,0.276174578991473,70,0.310763327243637,41,0.284510790821625,70,0.319083245755234,41,0.310462936963401,70,0.346168109752599,41,0.32193235816875,70,0.355732700360325,41,0.0277987638514464,70,0.0297922931922862,41,0.0278513664077132,70,0.0279327656396726,41,0.00813578017145503,70,0.0106907676327247,41,0.00847472480323625,70,0.0088817537528365,41,0.00949016039753121,70,0.0114016819703701,41,0.00953309638843833,70,0.0095407893008476,41,0.0280067385811484,70,0.0299899306452435,41,0.0281269643505676,70,0.0281353612157293
,40,0.271909485398156,71,0.303243386704498,40,0.289094952040053,71,0.315349243946149,40,0.247218120353624,71,0.279923932851685,40,0.254942936840637,71,0.282009026823997,40,0.275166575209578,71,0.313364445426203,40,0.283627732307576,71,0.320641393745613,40,0.309342041049157,71,0.348649728026406,40,0.320624079382435,71,0.357161756234286,40,0.0277935192303075,71,0.0307652465837028,40,0.027838374687699,71,0.027891450649698,40,0.00813511115798116,71,0.0116268655909509,40,0.00849698544208485,71,0.00887408065852283,40,0.00949576185996738,71,0.0123581745721587,40,0.00952582680556077,71,0.00951478662566966,40,0.0280437328275781,71,0.0309646204596833,40,0.0280921035702671,71,0.028100534650336
,39,0.271227468123417,72,0.308052708341091,39,0.288376090374086,72,0.316511328667449,39,0.246543646001198,72,0.284739541306305,39,0.254297367083093,72,0.283162749435439,39,0.274249729007422,72,0.318307834791229,39,0.282730718283937,72,0.322352292039595,39,0.308334689355621,72,0.353470223094619,39,0.31967029830579,72,0.358382854277926,39,0.0277960556104254,72,0.034093706621016,39,0.027856438643315,72,0.0279024962493957,39,0.00813171802002753,72,0.0149524989525479,39,0.00851821949279381,72,0.00887416652297695,39,0.00947064328196934,72,0.0156972915296753,39,0.0095207605873593,72,0.00952317190122563,39,0.0280190398322364,72,0.034384379087982,39,0.0281033685602096,72,0.0281022866320547
,38,0.270548270954973,73,0.315226225746489,38,0.287717588436475,73,0.317751656254363,38,0.245826865355944,73,0.292043082382914,38,0.253588337480965,73,0.284182680498754,38,0.273385295127525,73,0.325666989766675,38,0.281863516963332,73,0.324005915290899,38,0.307237339192244,73,0.360699720723044,38,0.318696644410292,73,0.35953344110072,38,0.0278153598625055,73,0.0397573257834305,38,0.027911108238766,73,0.0278975019477314,38,0.00809866024116782,73,0.0206815305639067,38,0.00852586856206316,73,0.00886613384741529,38,0.00947703967968476,73,0.0213907723092315,38,0.0095802268944376,73,0.00955323233067064,38,0.0280042665291596,73,0.0400375111392431,38,0.0281448270994717,73,0.0281340603282216
,37,0.269884605809093,74,0.318240400959321,37,0.287014582065497,74,0.318999619402765,37,0.24511697657465,74,0.294772735522098,37,0.252911896537718,74,0.285274054671649,37,0.272503571851421,74,0.32843431089716,37,0.281056879318124,74,0.325349234623213,37,0.306168627372979,74,0.363318667206409,37,0.317688694166873,74,0.360622856745919,37,0.0278172864178394,74,0.0410284010547061,37,0.0279229631721078,74,0.0279339142964367,37,0.00806879747693765,74,0.0218889252397406,37,0.00855716154488156,74,0.00886443628545126,37,0.00944287533254652,74,0.0226130722321298,37,0.00957228158749701,74,0.00955830830229683,37,0.027971040999245,74,0.04116655726047,37,0.02814457062113,74,0.0281543729843298
,36,0.269285323041164,75,0.317937319127692,36,0.286334840034205,75,0.319949409089053,36,0.244474484033689,75,0.294354540983934,36,0.252258752445036,75,0.286315485492962,36,0.27175451762492,75,0.327908510491263,36,0.280314271254663,75,0.326586226769838,36,0.305292387525864,75,0.362635675772829,36,0.316661592000011,75,0.361687891829197,36,0.0277869430611139,75,0.0394256628060212,36,0.0279178298910443,75,0.0279105896164065,36,0.00807437966985519,75,0.0201966103159049,36,0.00852115830281337,75,0.00883358979394556,36,0.00946783948383073,75,0.0209492938107429,36,0.00956349484889718,75,0.00952814893683447,36,0.0279921979245,75,0.0395001461287884,36,0.0281001821810437,75,0.0281328152998049
,35,0.268499593435074,76,0.317669044922175,35,0.285673321240333,76,0.320746531891729,35,0.243835214809795,76,0.294540898341893,35,0.251627707445585,76,0.287202404067551,35,0.271014591200775,76,0.327896948969333,35,0.279592094939985,76,0.327562507750874,35,0.304285873640687,76,0.362538187384582,35,0.315649135521855,76,0.362518013434211,35,0.0278016368963463,76,0.0383061015338388,35,0.0279292092156658,76,0.0278122044242532,35,0.00809224822814242,76,0.0190896108391948,35,0.00857192263810665,76,0.00873961060621725,35,0.00949572746660031,76,0.0198492766697602,35,0.00957857349448482,76,0.00943599183277615,35,0.0280296172833535,76,0.0384272650254464,35,0.0281274630857878,76,0.0280472754894771
,34,0.268085011086414,77,0.319958712079749,34,0.284889120336612,77,0.321790445946286,34,0.243213153976725,77,0.297092235404889,34,0.250987593974049,77,0.288074314008461,34,0.270329405977748,77,0.330373383949311,34,0.278850013453129,77,0.328509861109384,34,0.303365600950814,77,0.36487738344119,34,0.314592245560518,77,0.363415891273626,34,0.0278078037693767,77,0.0392550735745314,34,0.0279338992722656,77,0.0277213520619956,34,0.00808117077600706,77,0.0202578881128075,34,0.00856931530466077,77,0.0086930991741479,34,0.00952151834248245,77,0.0209907866971168,34,0.00958835118981568,77,0.00939631972474615,34,0.0280215722473615,77,0.0396538749093804,34,0.0281158916146417,77,0.0279826704279452
,33,0.267729294105176,78,0.324913353312313,33,0.284169592389178,78,0.323096314182632,33,0.242625701351893,78,0.302022647203968,33,0.250344453871641,78,0.289135791293858,33,0.269596535072291,78,0.335123408095781,33,0.278156037698886,78,0.32966717453699,33,0.302459108251059,78,0.369583502784981,33,0.313673095651493,78,0.364640952728534,33,0.0277660757308663,78,0.043050829080067,33,0.0279496018106601,78,0.0278834601053677,33,0.00807958988944093,78,0.0239226890868346,33,0.00856585950257115,78,0.00880956647717309,33,0.00943262876235442,78,0.0246860149874529,33,0.00957421746276956,78,0.0095363450929637,33,0.0279799683915952,78,0.0433675892696451,33,0.0281224896833103,78,0.0281264863496325
,32,0.267137240106338,79,0.32787060700715,32,0.283467097058112,79,0.323712516605815,32,0.242069270864328,79,0.305037392782349,32,0.249713565230176,79,0.2899777692056,32,0.268893374276012,79,0.337963121603412,32,0.277478408259088,79,0.330593376232894,32,0.301568092053455,79,0.372301864969694,32,0.312753804463385,79,0.365626543336614,32,0.0277996544812712,79,0.0451249488625199,32,0.0279740623915402,79,0.027859914704949,32,0.00807953710181488,79,0.0259347142220547,32,0.00859373470477293,79,0.0087860966442965,32,0.00950256440499266,79,0.0267078473666788,32,0.00958144907471915,79,0.00952545371079065,32,0.0279816275925985,79,0.0453052908276636,32,0.0281349338336377,79,0.0281351407368446
,31,0.266668304460229,80,0.329198547195257,31,0.282760044352191,80,0.324654874128411,31,0.24149680435747,80,0.306551770880472,31,0.249126064082452,80,0.291002201822612,31,0.268313242137681,80,0.339319008662041,31,0.276843885203282,80,0.331487387489069,31,0.300824106562786,80,0.373573738500506,31,0.311931535778906,80,0.366631097490257,31,0.0278010013524127,80,0.0455812308622251,31,0.0279585824386567,80,0.02784263317759,31,0.00805979189916029,80,0.0263932846886156,31,0.00856931182276756,80,0.00877295775534566,31,0.00948178881418718,80,0.0271529561958172,31,0.00957150279003565,80,0.00953991317142483,31,0.0279825794681123,80,0.0457541359727085,31,0.0281268639993497,80,0.028150387439052
,30,0.265927113916865,81,0.330013783143372,30,0.282104111603658,81,0.325503488655768,30,0.240942297389738,81,0.307260863116726,30,0.248530548829023,81,0.291830084446531,30,0.267638598853384,81,0.339885209294329,30,0.276302379828413,81,0.332345493525057,30,0.300003154612459,81,0.374179730486058,30,0.311166513485358,81,0.367573589042601,30,0.0277979281148878,81,0.0452992311379767,30,0.0279831542805957,81,0.0278689381499117,30,0.00806167254902117,81,0.0260809117052974,30,0.00859734077036156,81,0.00875726985054057,30,0.00943857481915288,81,0.0268364020294409,30,0.00960831218691993,81,0.00956244487485112,30,0.0279640127116518,81,0.0454685016485021,30,0.0281345758573838,81,0.0281676506666729
,29,0.265182529237249,82,0.330377320423485,29,0.281433818969982,82,0.326328367114853,29,0.240411117596469,82,0.307449328063226,29,0.247927192188259,82,0.292024391581977,29,0.267057821748167,82,0.339922279743802,29,0.275739060765907,82,0.333151926834999,29,0.299265304575021,82,0.374318824873461,29,0.310431677125531,82,0.368453085042529,29,0.0278040428236086,82,0.044541282054116,29,0.0279539447757327,82,0.0278320586230276,29,0.00803860594876321,82,0.0252814099364135,29,0.00859893050855504,82,0.00873279429398863,29,0.00946949137800629,82,0.0260350531844997,29,0.00958911240016806,82,0.00952992824773874,29,0.0280105235945123,82,0.0446703417074069,29,0.0281291281657059,82,0.0281173015310493
,28,0.264744791841158,83,0.330130819227705,28,0.280663761818178,83,0.32713324198094,28,0.239894898431485,83,0.307184250699949,28,0.247322281291026,83,0.292079964719674,28,0.266582228946018,83,0.339424079470297,28,0.275136564381082,83,0.333972859280646,28,0.298727908034317,83,0.373856221718424,28,0.30980492549176,83,0.369272403303789,28,0.0277717517983145,83,0.0432625570674189,28,0.0279461497824333,83,0.0278351639954455,28,0.0080394135698376,83,0.0240215238615404,28,0.00857589345237708,83,0.00874141053137095,28,0.00947507698501076,83,0.024768817083485,28,0.00953113996580143,83,0.00953282753226624,28,0.0280065246995099,83,0.0433488828949236,28,0.028107035829357,83,0.028135307456231
,27,0.264313057772314,84,0.329817809108603,27,0.280107710035035,84,0.328011702509335,27,0.239393455155026,84,0.306808911499281,27,0.246849446961208,84,0.292272876134668,27,0.266118978194375,84,0.338829740663115,27,0.274722964499944,84,0.334723952032889,27,0.298054192501135,84,0.373319996296852,27,0.309231135529176,84,0.369974686548641,27,0.0277445238055099,84,0.0419526302100815,27,0.027956233031007,84,0.0278865280787428,27,0.00804975488636584,84,0.0227139871580518,27,0.00860215315222053,84,0.00874464874577597,27,0.00944708651359513,84,0.0234904406940663,27,0.00953181867030613,84,0.00956216435660241,27,0.0279916263573019,84,0.0420562199984662,27,0.0281328451441164,84,0.0281738476956947
,26,0.263803854704115,85,0.329103163253444,26,0.27943957379232,85,0.329098167160607,26,0.238893420783056,85,0.306046970133814,26,0.246258259550993,85,0.292976527262755,26,0.265609607885233,85,0.338022493320233,26,0.27422342180385,85,0.335438404676051,26,0.297420401472123,85,0.372593841374106,26,0.308614247783842,85,0.370598907038486,26,0.0277660844135505,85,0.0406917168728981,26,0.0279525396049297,85,0.0278741115702835,26,0.00804478690366768,85,0.0213364628928897,26,0.00861350728687456,85,0.00872987032920046,26,0.00945610282004758,85,0.0221121541598663,26,0.00955074891926882,85,0.00954102446002125,26,0.0279766815155439,85,0.0407388261314833,26,0.0281495887976446,85,0.0281516496083917
,25,0.263199943124248,86,0.327724443772208,25,0.278763204472858,86,0.330175375127489,25,0.238356377981782,86,0.304487746760548,25,0.245621084122747,86,0.293877485846998,25,0.265028520694927,86,0.336446777954721,25,0.273674419678299,86,0.336142732849022,25,0.296729024919139,86,0.371187054923335,25,0.307919915179241,86,0.371231800329309,25,0.0277752892196126,86,0.0385172420139237,25,0.0279567461034171,86,0.0278564723431226,25,0.00803633213252059,86,0.0192559407048205,25,0.00859331225315339,86,0.00873237036895148,25,0.00944522378603974,86,0.0200120562176307,25,0.00957926405080623,86,0.00953761768003482,25,0.0279567238402761,86,0.0387407547275751,25,0.0281575604933156,86,0.0281489298800449
,24,0.262556224115808,87,0.326359618347714,24,0.27800915202515,87,0.330807638066383,24,0.237748415824249,87,0.30287156744861,24,0.244871247314752,87,0.294804201096792,24,0.264486242505329,87,0.334899340862647,24,0.273048560952561,87,0.336896149528807,24,0.296112922422685,87,0.369792724666866,24,0.307293917375789,87,0.371948988967076,24,0.0277695789057018,87,0.0364245122049041,24,0.0279562645952745,87,0.0278650546754515,24,0.007988520492931,87,0.0171114847313218,24,0.0085740202421186,87,0.00874849755250486,24,0.00943190657195155,87,0.0179364584315603,24,0.00957693065030376,87,0.00956329683268913,24,0.0279646075678575,87,0.0366692102564062,24,0.0281640584689174,87,0.0281606777748576
,23,0.262048834425174,88,0.324622434389595,23,0.2773297430616,88,0.331921065891488,23,0.237226542387132,88,0.300852632507124,23,0.244235572223448,88,0.295491143003114,23,0.264013176424892,88,0.332877277216883,23,0.272540380316071,88,0.337638599046235,23,0.29558169307036,88,0.367854756156036,23,0.306799655226902,88,0.372706613713792,23,0.0277626061699739,88,0.0338936279683751,23,0.0279420624098916,88,0.027849149129347,23,0.00792402849679156,88,0.0146116497313503,23,0.00855740010729553,88,0.00873919241253272,23,0.00943727044830845,88,0.015415111132917,23,0.00955316441546141,88,0.00955124909707838,23,0.0279520557818104,88,0.0341143990754293,23,0.0281712836408182,88,0.0281481767655518
,22,0.261604390178576,89,0.322740067221817,22,0.276702085510078,89,0.332934378353492,22,0.23676794734573,89,0.298783549472062,22,0.243683970796385,89,0.296078287894295,22,0.263618085319131,89,0.330806670385726,22,0.272099502120261,89,0.338290071482239,22,0.29507882807666,89,0.365836288077004,22,0.306376345040441,89,0.373394729079379,22,0.0277331303195354,89,0.0313135668547112,22,0.0279556756863594,89,0.0278747438978445,22,0.00788815935205926,89,0.0121016977503352,22,0.00853300599695959,89,0.0087233049453619,22,0.00940662306774909,89,0.0128842699881688,22,0.00956242761719697,89,0.0095767179774865,22,0.0279426710551326,89,0.0315270455102522,22,0.0281981895374482,89,0.0281588167081169
,21.2999992370605,0.261289676565181,89.6999969482422,0.321736379166269,21.2999992370605,0.276314839492859,89.6999969482422,0.33348089966518,21.2999992370605,0.236415498425266,89.6999969482422,0.297568040518719,21.2999992370605,0.243328927382694,89.6999969482422,0.296532511616454,21.2999992370605,0.26328077584582,89.6999969482422,0.329635878690462,21.2999992370605,0.271831833879218,89.6999969482422,0.338806558017537,21.2999992370605,0.294700460357589,89.6999969482422,0.364708493877654,21.2999992370605,0.306091675533333,89.6999969482422,0.373828556286076,21.2999992370605,0.0277526714617809,89.6999969482422,0.029815953153884,21.2999992370605,0.0279668487145021,89.6999969482422,0.0278740388055218,21.2999992370605,0.0078768942397465,89.6999969482422,0.0106293755515315,21.2999992370605,0.00850060596994912,89.6999969482422,0.00872933322628532,21.2999992370605,0.0093975546643427,89.6999969482422,0.0114236592642938,21.2999992370605,0.00958353933202984,89.6999969482422,0.00958000155132659,21.2999992370605,0.0279565530747696,89.6999969482422,0.0300733555778897,21.2999992370605,0.0282238440057829,89.6999969482422,0.0281767191152475
