CSV Report,2023-02-14_UV-VIS_RNA_VS.csv
Worksheet Type,Scan

METHOD
X mode,nm
Y mode,Abs
Collect mode,Scan
Scan range start (nm),800.00
Scan range stop (nm),200.00
Data Interval (nm),1.00
Scan rate (nm/min),3000
Averaging Time (s),.02
Spectral Bandwidth (nm),2
Detector module,Multicell Peltier UV-Vis
Baseline,Off
Experiment Zones,1


SAMPLES
Name,KL 1.1,,KL 1.2,,TL 2.1,,TL 2.2,
Collection Time,2023-02-14 13:00:11 (+01:00),,2023-02-14 13:00:11 (+01:00),,2023-02-14 13:00:11 (+01:00),,2023-02-14 13:00:11 (+01:00),
Cell Number,Cell 1,,Cell 2,,Cell 3,,Cell 4,
Module Serial Number,MY2226ZC01,,MY2226ZC01,,MY2226ZC01,,MY2226ZC01,
Temperatures (°C),,,,,,,,
Instrument Serial Number,MY2228ZA03,,MY2228ZA03,,MY2228ZA03,,MY2228ZA03,
Instrument Name,MY2228ZA03,,MY2228ZA03,,MY2228ZA03,,MY2228ZA03,
,Wavelength (nm),Abs,Wavelength (nm),Abs,Wavelength (nm),Abs,Wavelength (nm),Abs
,800,0.0139863857089215,800,0.0118427107173248,800,0.0291634717600286,800,0.0542830015277763
,799,0.0138501212807015,799,0.0114294393462765,799,0.0291246606114876,799,0.0544055988784729
,798,0.0135713641516594,798,0.0113304540611931,798,0.0288566206703919,798,0.0542402956710448
,797,0.0135685598567964,797,0.0114492391108926,797,0.0291127854252172,797,0.0542585976668589
,796,0.0138585129503832,796,0.0117487641650025,796,0.0289700041238242,796,0.0545299917879359
,795,0.0134745596870686,795,0.0111950734106522,795,0.0288562057047998,795,0.053867648273382
,794,0.01360851609069,794,0.0112840383973288,794,0.0288233970136198,794,0.054036093023679
,793,0.0132738092790813,793,0.0112783264517934,793,0.0288737452629546,793,0.0539147722215692
,792,0.0132547801794527,792,0.0111231496832366,792,0.0286232512932068,792,0.053514527955942
,791,0.0130762995256721,791,0.0107217589262094,791,0.028695699089779,791,0.0533085297248189
,790,0.0130462353293499,790,0.0110477859725361,790,0.0283423953085951,790,0.0535692567159964
,789,0.0133053305618408,789,0.0111403592990671,789,0.0282495628888026,789,0.053868087838825
,788,0.0131683990847205,788,0.0108986107674122,788,0.0283344650976041,788,0.0536859407251156
,787,0.0128760797285344,787,0.0107282860905124,787,0.027957270400141,787,0.0532956233259914
,786,0.0128559481708004,786,0.0103048605053369,786,0.0278353191040793,786,0.053144667427848
,785,0.0131619952390922,785,0.0106313439125815,785,0.027930133412614,785,0.0528921772010275
,784,0.0127352850426136,784,0.010848950165046,784,0.0278104527512133,784,0.0529474416734829
,783,0.0126964485649675,783,0.0106005731426545,783,0.027835650297077,783,0.0528925280643843
,782,0.0124766094898309,782,0.0102573881122261,782,0.0275679355883187,782,0.0528930251212916
,781,0.0129380801229322,781,0.0105328586006199,781,0.0276533115663079,781,0.0534063791425074
,780,0.0125898460249121,780,0.0102131011277768,780,0.0275766517201763,780,0.0528359257753177
,779,0.0126598276419736,779,0.0103463202625267,779,0.0275936707476987,779,0.0529421488454287
,778,0.0123812739007171,778,0.0100443696140294,778,0.0273124872000491,778,0.0526442753902914
,777,0.0123394330068797,777,0.0100473896710747,777,0.0274990953268207,777,0.0527667324819638
,776,0.0123889447246121,776,0.0101630948633226,776,0.0273918851133545,776,0.0528529992425331
,775,0.0122707544990374,775,0.010228631536937,775,0.027428060086957,775,0.0528942531466781
,774,0.0122605295469476,774,0.0101206722292723,774,0.0271957600311317,774,0.0527477917532694
,773,0.0121064920853502,773,0.0099904889681628,773,0.0270573267260898,773,0.0524306572843487
,772,0.0120628678277978,772,0.00984292095637344,772,0.0271388824093186,772,0.0524788816204922
,771,0.0119981182386692,771,0.0094699870681723,771,0.0270457283272567,771,0.0524074379058208
,770,0.0121506531336132,770,0.00973590460593217,770,0.0271432637054968,770,0.0523672815334226
,769,0.0119713217057787,769,0.0095855914373038,769,0.0271397090655918,769,0.0523485918336078
,768,0.012333068004552,768,0.00982441228443643,768,0.0270173259554911,768,0.0524490292195102
,767,0.0119067720012958,767,0.00940599321309142,767,0.0267185386943434,767,0.0521700873264694
,766,0.0117303336615426,766,0.00921491431987661,766,0.0268099154836116,766,0.051732282521185
,765,0.0120059419672552,765,0.00948945957895464,765,0.0269576071435159,765,0.0519410935636959
,764,0.0122457250950151,764,0.0101323572508731,764,0.0269652368109199,764,0.0527649494460477
,763,0.0123699809898748,763,0.0104516044776137,763,0.0269547976968655,763,0.0530393015215028
,762,0.0122661745428152,762,0.0101882960288952,762,0.0271950710618807,762,0.0527123970192755
,761,0.012121904020649,761,0.00978249928072382,761,0.0267263293370078,761,0.0522736075004013
,760,0.0119930089409752,760,0.0098983722572439,760,0.0269034045565363,760,0.0523760134032182
,759,0.0121880032031263,759,0.00990986591507526,759,0.0268415260315579,759,0.0524581132456575
,758,0.0122663875629639,758,0.00994199150747417,758,0.0270774662494885,758,0.0524564191041811
,757,0.0121901596487703,757,0.00972952470150974,757,0.0268526508483839,757,0.0523731222295637
,756,0.0120669931801106,756,0.0099935616276187,756,0.0269929195816087,756,0.0521481953576931
,755,0.0122917377067107,755,0.00992652431391625,755,0.0273029218339928,755,0.052341525000423
,754,0.0123020965421474,754,0.00977754835916286,754,0.0273035558430911,754,0.0524114391441559
,753,0.0124018629113383,753,0.00995610845090279,753,0.0270439651773597,753,0.0523342246736723
,752,0.0125337569448917,752,0.0100287928112008,752,0.0271284391205694,752,0.0524264806253227
,751,0.0123117099755159,751,0.00983503018146332,751,0.0269226556153651,751,0.0524741787088261
,750,0.0123830584205714,750,0.0100188589174886,750,0.027022064146424,750,0.052580985331714
,749,0.0123378350895757,749,0.00992429962591026,749,0.0269500326965504,749,0.0525023093056556
,748,0.0124903561627619,748,0.010164287314537,748,0.0268136326325089,748,0.0528654247048722
,747,0.0122108460973022,747,0.00984972620289552,747,0.0269168168635873,747,0.0523947334883019
,746,0.0125758563839083,746,0.0101586165757768,746,0.0271465428177197,746,0.0526301906550862
,745,0.0124912086839394,745,0.0101640753229707,745,0.0271600177488669,745,0.0525915038159569
,744,0.0127100955793231,744,0.0102585278129625,744,0.0272366867654542,744,0.052732768367665
,743,0.0126066608373774,743,0.00996752417599649,743,0.0270854286442541,743,0.0523745532120982
,742,0.012676272026715,742,0.0102916334488585,742,0.0273197096045007,742,0.0526746380225465
,741,0.0128854125553268,741,0.0102749610397679,741,0.0273461192662466,741,0.052629372468739
,740,0.0127734318685295,740,0.0103524971507878,740,0.0274111854102863,740,0.0526695823070264
,739,0.0129924077439658,739,0.010575082802499,739,0.0273022878258201,739,0.0528970015970305
,738,0.0133889891568632,738,0.0108009671205842,738,0.0278731871399401,738,0.0532254496656959
,737,0.013316941433064,737,0.0108474373443236,737,0.0277672367063555,737,0.0531109662785899
,736,0.0137412313544622,736,0.0111207063980003,736,0.0279914494054722,736,0.0535020546290048
,735,0.0140658974970861,735,0.0113516841721396,735,0.0283353769263433,735,0.0536422391260592
,734,0.0144464669405978,734,0.0118365391989666,734,0.0287786970861277,734,0.0543155910332597
,733,0.0147494595668086,733,0.0120809930549361,733,0.0289694506919878,733,0.0544742908171361
,732,0.0152676441612958,732,0.0127415759725567,732,0.0293436208271351,732,0.0549396044799932
,731,0.0158333740133797,731,0.0131100208521105,731,0.0300783091498422,731,0.0557372989688696
,730,0.0161657074642513,730,0.013612522600346,730,0.0305137488345296,730,0.0558403483407048
,729,0.0166348285791862,729,0.0142066695932834,729,0.0308303327799106,729,0.0563608253203505
,728,0.0169945058699068,728,0.0146067445330813,728,0.0312058877934811,728,0.0567405453513213
,727,0.0172956723645981,727,0.0146259400544865,727,0.0313430346298721,727,0.0569374652570846
,726,0.0175657256752616,726,0.015105996827604,726,0.0318494620508962,726,0.0574404380448704
,725,0.0180571402503613,725,0.0153141121479578,725,0.031952874673029,725,0.0575180338730123
,724,0.0182757193400881,724,0.0156259489716488,724,0.032264849657632,724,0.0577726372688872
,723,0.0185103999705074,723,0.0158542884275533,723,0.032587400821734,723,0.0580332481549443
,722,0.0186689148951617,722,0.0160735342455322,722,0.032756917080593,722,0.0582361424873085
,721,0.0190237364879124,721,0.0162918157812214,721,0.0329682771231334,721,0.0586223652364022
,720,0.0194240798488361,720,0.0166993316920577,720,0.0334078276250048,720,0.0588853839474011
,719,0.0198272853441325,719,0.0170819745083327,719,0.0338042542998284,719,0.0591966481982351
,718,0.01990036713607,718,0.017102033666008,718,0.0340208279804781,718,0.0592629867569377
,717,0.0203695811471719,717,0.0176394253380205,717,0.034275295876572,717,0.0597140371128524
,716,0.0207424666933075,716,0.0182732084839632,716,0.0346766090077646,716,0.0602608294686847
,715,0.0212562479326159,715,0.0186900203597615,715,0.0351571310039849,715,0.0608753430557089
,714,0.0214456833538867,714,0.0187629110104229,714,0.0352406432707579,714,0.060996449620258
,713,0.0215797274894151,713,0.0188764739924797,713,0.0353693537837543,713,0.0609854872819045
,712,0.0217920849767362,712,0.0190015060071943,712,0.0354647319874621,712,0.0611475078362131
,711,0.0219407752429995,711,0.0192278936294564,711,0.0356256248484726,711,0.0612153372549173
,710,0.0220844776802562,710,0.0192872083537191,710,0.035794448030228,710,0.0613568415866142
,709,0.0222067861089601,709,0.0193734889377208,709,0.0359267813558343,709,0.061496334202581
,708,0.022338585434203,708,0.0195894008219787,708,0.0360200321079147,708,0.0617628902731483
,707,0.0224233483271255,707,0.0197843687331517,707,0.0361318694251576,707,0.0617540273022466
,706,0.0225885335928126,706,0.0197875927504068,706,0.036210082648901,706,0.0618044919542007
,705,0.0227966654043537,705,0.0199602616442519,705,0.0363381801915599,705,0.0620342384174498
,704,0.0228904677834496,704,0.0199288498743859,704,0.0364352915983316,704,0.0618322485201513
,703,0.0228967438256795,703,0.0200442362700159,703,0.0363946429063003,703,0.0618890505496286
,702,0.0228937968032505,702,0.0199396635059319,702,0.0364636128111963,702,0.0616894255880479
,701,0.02292886220931,701,0.0199108819542049,701,0.0364817720158181,701,0.0617576381204098
,700,0.0231438736772995,700,0.0201746486835918,700,0.0367649004104384,700,0.0620813908779366
,699,0.0234867145791044,699,0.020882432282666,699,0.0368170794868181,699,0.0628624352000724
,698,0.0237096571776328,698,0.021348712113454,698,0.0369440033660265,698,0.0633681575846666
,697,0.0236095826006119,697,0.0209629451516987,697,0.0368924008400054,697,0.0629256257826543
,696,0.023720237291155,696,0.0208706173786676,696,0.0370182473572661,696,0.0627770587426459
,695,0.0238841936452896,695,0.0207672031577922,695,0.0370911225384017,695,0.0627482247959701
,694,0.0238183685060713,694,0.0209227955057775,694,0.0371404647097879,694,0.0627480154278394
,693,0.0238921797583362,693,0.0207796126503613,693,0.0369916939480325,693,0.0626571292819812
,692,0.0238768367053507,692,0.0206685372291994,692,0.0371033588741683,692,0.0627036615695366
,691,0.0240045479037044,691,0.0207646778558984,691,0.037145653012382,691,0.0628178004244303
,690,0.023961790968992,690,0.0207443945120343,690,0.0371540559382842,690,0.0627188544242795
,689,0.0240463788186684,689,0.0208950895249363,689,0.0371675629954594,689,0.0627779560953534
,688,0.0240657225334414,688,0.0209917965125653,688,0.0372378685129328,688,0.062868418762659
,687,0.0242352015575795,687,0.0210487985260347,687,0.0373675109312007,687,0.0628733552638553
,686,0.024228714545309,686,0.0209979093350818,686,0.0374040186297942,686,0.0628421515363182
,685,0.0242695542292794,685,0.0209603372135357,685,0.0373888960577427,685,0.0626989961538788
,684,0.0241229379123095,684,0.0207785807753183,684,0.0372800911345556,684,0.0626709449035268
,683,0.024259973529671,683,0.0209258378388229,683,0.0373549568289893,683,0.0627889637727705
,682,0.0243643050419208,682,0.0210080975638127,682,0.0373207663727028,682,0.0626618839592769
,681,0.0244043360114262,681,0.0211378757555206,681,0.0373776108993197,681,0.0628884343786214
,680,0.0246871221597455,680,0.0214402441244973,680,0.0374224711380599,680,0.0633041538829037
,679,0.0247002743884129,679,0.021594472693978,679,0.0375496849889224,679,0.063323890097192
,678,0.0246703536458387,678,0.0214902332064286,678,0.0375208413151981,678,0.0631558764479992
,677,0.0246404349645136,677,0.0213906414958751,677,0.0375184989091656,677,0.0631869230855383
,676,0.0247661785321967,676,0.0213883301080206,676,0.037490786100356,676,0.0631105230064942
,675,0.0247521473734155,675,0.0212815030275157,675,0.0373809399905607,675,0.0630658926591884
,674,0.0248388079866547,674,0.0214486205660826,674,0.0376310333392719,674,0.0631913242832025
,673,0.0249075842018048,673,0.0213018386599785,673,0.0374845777705762,673,0.063008038680038
,672,0.0248269671865419,672,0.0213446335957928,672,0.0375185271308498,672,0.0629378341140127
,671,0.0248351625207428,671,0.021276147411067,671,0.037473600531932,671,0.062839219757676
,670,0.0249147393080093,670,0.0213400928911888,670,0.0374787645967842,670,0.0629281392345855
,669,0.0251406655173929,669,0.0216088103009793,669,0.0376952308232248,669,0.0632483941909594
,668,0.0252606003132301,668,0.0218148670555171,668,0.0378064272815782,668,0.0635246274941733
,667,0.0250968366809506,667,0.0216367523107509,667,0.0376714026812717,667,0.0631738694554704
,666,0.025130379880094,666,0.0216719340482028,666,0.0376661234001969,666,0.0631665643841794
,665,0.025099716412411,665,0.0215089193950638,665,0.0375526484885785,665,0.0631071403983471
,664,0.0251522405792179,664,0.0215683288644065,664,0.0376426638417985,664,0.0630245291221034
,663,0.0250948071673922,663,0.0215381334756609,663,0.0376287750253776,663,0.0628268646222761
,662,0.0251624444440678,662,0.0214772050294991,662,0.0375603254579224,662,0.0630043875234492
,661,0.025178217018689,661,0.0214717926032627,661,0.0376643448333243,661,0.0630172564906187
,660,0.0252739894177621,660,0.0216544924748769,660,0.0376505964748556,660,0.0633054117028823
,659,0.0255401835355083,659,0.022169599612808,659,0.0377518420190037,659,0.0637873648780481
,658,0.0255773852105466,658,0.0222127798348723,658,0.0377690668395021,658,0.0637512687832127
,657,0.0255591546188432,657,0.022089543670747,657,0.0378076981014341,657,0.0635951967013748
,656,0.0257942067088273,656,0.02211501070095,656,0.0379043760331364,656,0.0636392221125121
,655,0.0257058721805563,655,0.021956567386446,655,0.0378055800704069,655,0.0634248013902354
,654,0.0258024752568283,654,0.0220222470811876,654,0.0379243752066623,654,0.0635165075269957
,653,0.0257765713284083,653,0.0220116810203975,653,0.0379504772083087,653,0.0635071592657043
,652,0.0257489934463145,652,0.022112232406901,652,0.0377983223624286,652,0.0635434747928049
,651,0.0258653323566187,651,0.0222562640688744,651,0.0378413055759889,651,0.0638189664140246
,650,0.0261100342018292,650,0.0224596024607895,650,0.038017095271467,650,0.0638563875250563
,649,0.0260960970047805,649,0.0223246597373104,649,0.0380039573126996,649,0.0637357399909758
,648,0.026104783647078,648,0.0223838538469739,648,0.0379810727852351,648,0.063852369398677
,647,0.0261013199650811,647,0.0225248402649858,647,0.0381752905436325,647,0.0640635813102567
,646,0.0261726883891909,646,0.0225173972622065,646,0.0380101730716123,646,0.0639177135447141
,645,0.0262183582376909,645,0.0224099923038972,645,0.038022943909989,645,0.0638681722444399
,644,0.026346732454338,644,0.0224053314210427,644,0.0379921193633715,644,0.063871950619117
,643,0.0263825178923213,643,0.0225728275209825,643,0.0380571896931041,643,0.0640190029061608
,642,0.0264378109538249,642,0.022542371358004,642,0.0381120111717853,642,0.0640960730300359
,641,0.0263526460627712,641,0.0226624906483417,641,0.0380480628714533,641,0.0641965037127845
,640,0.0264547854103219,640,0.0225205325774983,640,0.0380497864980029,640,0.0641948231756794
,639,0.0265264595955997,639,0.0226680815720044,639,0.0381044092235926,639,0.0642334471622394
,638,0.0264510713315348,638,0.0226037766605078,638,0.0379966962888124,638,0.064197494032338
,637,0.0266185115518169,637,0.022673890754298,637,0.0381217328161537,637,0.0643158384719049
,636,0.0265793767664969,636,0.0226652724647772,636,0.0381149502506206,636,0.0643808020581506
,635,0.0266862489340352,635,0.0228447372747973,635,0.0380986725255073,635,0.0643738669421495
,634,0.0268268769549849,634,0.0230755399718461,634,0.0381773255848971,634,0.0648471799632803
,633,0.0269490411423627,633,0.023241000843285,633,0.0381818761977832,633,0.0648488029171159
,632,0.027038042148088,632,0.0230838388175177,632,0.0383237887998042,632,0.0648029718313334
,631,0.0268969601867159,631,0.0229905678253356,631,0.0381889141960841,631,0.0647253254764103
,630,0.0269716271048153,630,0.0231047231275338,630,0.0382505651527677,630,0.0649003198256985
,629,0.02705294629678,629,0.0231062246525727,629,0.0383319883551536,629,0.0649066020604724
,628,0.0270277390245276,628,0.0231213493942929,628,0.0383332324391466,628,0.0648699619813465
,627,0.0271907994769199,627,0.0235163352726115,627,0.03834363764482,627,0.0653641569352737
,626,0.0272892219504322,626,0.0236672299576637,626,0.0382845179034323,626,0.0655182172319033
,625,0.0273513572814494,625,0.0237779266818883,625,0.0384845565945595,625,0.0655347129580821
,624,0.0274346777862043,624,0.0236145024177721,624,0.0384807664840304,624,0.0654070379325352
,623,0.0272504401163791,623,0.0234828345272089,623,0.0383667109467081,623,0.0653603956462669
,622,0.027434346898847,622,0.0236116325176556,622,0.0384082233558368,622,0.0653979799095191
,621,0.0273162913523084,621,0.0235638036408809,621,0.0383045628632913,621,0.0653291932487021
,620,0.0274275361900742,620,0.0237623689304166,620,0.0384700468728747,620,0.0655443457886835
,619,0.0275241920749042,619,0.0237996647196917,619,0.0384805402098212,619,0.0655815546034301
,618,0.0275725970421406,618,0.0236811167615079,618,0.0384644184758544,618,0.0655097588999892
,617,0.0276798794705905,617,0.0238543564194915,617,0.0385942861488589,617,0.0655785440629948
,616,0.0276140558416328,616,0.0237961646853974,616,0.038562685494609,616,0.0656962115143544
,615,0.027793535613525,615,0.0238685773896759,615,0.0384915712147362,615,0.065681817520051
,614,0.0277669883507096,614,0.0238723241458642,614,0.0384729035243938,614,0.065675343389455
,613,0.0277533290088979,613,0.0236222649092979,613,0.0384344958611719,613,0.0655202942140422
,612,0.0276964886849696,612,0.0235999071227798,612,0.0383668523310131,612,0.065381308826108
,611,0.0278589448381874,611,0.0235767032534699,611,0.0385114277296784,611,0.0654157350161327
,610,0.0280692318525919,610,0.0239954928208289,610,0.0386125346643422,610,0.0658857568614044
,609,0.0280577720796183,609,0.0242933974020714,609,0.0385663631606705,609,0.0661965938612266
,608,0.028109578182572,608,0.0242066813241547,608,0.0386465723165247,608,0.0660077264782245
,607,0.0279869491080292,607,0.0235932929371199,607,0.0385809043914856,607,0.0654107394381755
,606,0.0278651274854553,606,0.0233800257809936,606,0.0384759016145136,606,0.0652053084535563
,605,0.0280605886704903,605,0.0238675108007591,605,0.038468321577593,605,0.0655180667263371
,604,0.0283084097095647,604,0.0242884972631387,604,0.0385654295963363,604,0.0658803642328515
,603,0.0283548020964162,603,0.0242360774485176,603,0.0386394703085086,603,0.0659949795325262
,602,0.0282531266243612,602,0.0238961455197262,602,0.0385120783146162,602,0.0656094331992693
,601,0.0281181118701638,601,0.0236494073876385,601,0.0383898137528649,601,0.0652397206944405
,600,0.0282569113987962,600,0.0235297526906627,600,0.0384878093277312,600,0.0652186338492066
,599,0.0282965568212889,599,0.0234587352628723,599,0.0386761699829309,599,0.0650000647921072
,598,0.028226937994055,598,0.0233981651255442,598,0.0385867889189885,598,0.0649551196042454
,597,0.0285468900202233,597,0.0241415187982742,597,0.0387756736766432,597,0.0656548978153359
,596,0.0287364078877273,596,0.0242837066779654,596,0.0388059594738182,596,0.0658305383076623
,595,0.0287809098455862,595,0.0241738114781766,595,0.0388474006594419,595,0.0658028864820774
,594,0.028848570408671,594,0.024236050076899,594,0.0388610454123862,594,0.0659357699028989
,593,0.0289060044070564,593,0.0243188297374992,593,0.0389010196458393,593,0.0657725558397983
,592,0.0288732749501024,592,0.0241222811650539,592,0.0389543904165874,592,0.0656786557232839
,591,0.0289960438889548,591,0.0242441795234397,591,0.0389264442666186,591,0.0658977775425723
,590,0.0290550196286274,590,0.0244776718042477,590,0.0389713232040077,590,0.0660379831380754
,589,0.0290611086172183,589,0.0246358048765718,589,0.0389545603074969,589,0.0662005734383918
,588,0.029330714950783,588,0.0248397399151825,588,0.039162953223382,588,0.0665094636856101
,587,0.0293484121621143,587,0.02487937613846,587,0.0392038901923759,587,0.0664717529471837
,586,0.0294307316749692,586,0.0248447559177833,586,0.039196014129701,586,0.0664713909399628
,585,0.029451674121424,585,0.0249246086134527,585,0.0391862400778744,585,0.0666394248907078
,584,0.0295509705750083,584,0.0252123974678018,584,0.0393125547721885,584,0.0668542010779163
,583,0.0296872908227976,583,0.0252021649966624,583,0.0392682072726286,583,0.0668666713205377
,582,0.0298300031862892,582,0.0253763693511826,582,0.0394778847505612,582,0.0671659739676171
,581,0.0297953464945776,581,0.0253352608120457,581,0.0392503278684469,581,0.067127088305943
,580,0.0298931131936598,580,0.0252773093210698,580,0.039382499840323,580,0.067063404315599
,579,0.0296956061074074,579,0.0251848828180733,579,0.0393393354872608,579,0.067079233809191
,578,0.0298656054197123,578,0.0252423830142336,578,0.0393724665088453,578,0.0670327438651079
,577,0.0298850991562705,577,0.0252876258767833,577,0.0393407241619671,577,0.067135124994871
,576,0.0300849118713974,576,0.0255795268061868,576,0.0394908122225823,576,0.0673834896857016
,575,0.0301578259084539,575,0.025704334176271,575,0.039483271150472,575,0.0675558085083094
,574,0.0302419641646229,574,0.0257037574260682,574,0.03964540470416,574,0.0676156023957806
,573,0.0302735202136511,573,0.0255338966299305,573,0.0396093036259386,573,0.0675760413301795
,572,0.0302340824486822,572,0.0258692062779517,572,0.0394997709596296,572,0.0678845498208971
,571,0.0304080962810179,571,0.0260842218761763,571,0.0396251559686595,571,0.0680546151288891
,570,0.030418618733733,570,0.0258355510231742,570,0.0396644632000285,570,0.0679049190322263
,569,0.0304628491396361,569,0.0258372543285125,569,0.0395504366624494,569,0.0678663605897259
,568,0.0303917994761885,568,0.0256018769088345,568,0.0394956317733431,568,0.0675177648876108
,567,0.0304853409042208,567,0.0257864052995685,567,0.0396311680997057,567,0.0677163663104449
,566,0.030601233605588,566,0.0261366728109832,566,0.0397586335201111,566,0.0681764988923462
,565,0.0306457048432518,565,0.0261178139363101,565,0.0395897371313809,565,0.0682404371969565
,564,0.0306228992237308,564,0.0258785203153382,564,0.0397080569814954,564,0.0681502115006946
,563,0.0307493313275479,563,0.025868986480072,563,0.0397282244857293,563,0.0679241390006412
,562,0.0306455659503489,562,0.0259095685493606,562,0.0396643781155991,562,0.0680308177197248
,561,0.0307910389364619,561,0.0260909015960619,561,0.0397054191071635,561,0.0681732885956312
,560,0.0308336954309441,560,0.026102694438758,560,0.0396910670823923,560,0.0682172656674367
,559,0.030776756199703,559,0.0260241365045214,559,0.0397599668007526,559,0.0682217787180694
,558,0.0308101018422456,558,0.0260648705104583,558,0.0397296427702185,558,0.0682753634199768
,557,0.030914907191904,557,0.0262648303822144,557,0.0396913790778877,557,0.0683832798701244
,556,0.0309833458664634,556,0.0260974439727421,556,0.0398451066637165,556,0.0682702439626927
,555,0.0309340589267483,555,0.0259547710527325,555,0.0397766473385448,555,0.0681224115895353
,554,0.030917492209857,554,0.0259129757473648,554,0.0396413775695091,554,0.0680171030113378
,553,0.0311254280754386,553,0.0264143999475782,553,0.039783654490241,553,0.0685571174846599
,552,0.0311084925502827,552,0.0263553140892149,552,0.0396518425251447,552,0.0685487210076408
,551,0.030903260903989,551,0.0261522058810941,551,0.0396674978889106,551,0.0683045363904409
,550,0.0309726707247749,550,0.0260992032841264,550,0.0397622645918895,550,0.068245919791995
,549,0.0309980246147474,549,0.0257930804403845,549,0.039718495179002,549,0.0680415657519565
,548,0.0312248020237914,548,0.0259774702543998,548,0.0398016126056766,548,0.0681236834420508
,547,0.0312643298616187,547,0.0262493207822997,547,0.039800960086112,547,0.0685430527196335
,546,0.0313272035040419,546,0.026526377046548,546,0.0398453336500044,546,0.0688331397268294
,545,0.0312777662514059,545,0.0261661723724451,545,0.0398065774605595,545,0.0683984000097245
,544,0.0312700882634826,544,0.026034965550264,544,0.0397881368570952,544,0.0683614641635428
,543,0.0313584767936483,543,0.0259671922606603,543,0.0398297853635478,543,0.0682345003212667
,542,0.0314253435252787,542,0.0264550330167037,542,0.0398568533599048,542,0.0687226248701544
,541,0.0317903006010192,541,0.0273397510275942,541,0.0399058864793079,541,0.0696556964672802
,540,0.0318132233137848,540,0.0271591634974658,540,0.0399354282009815,540,0.0694871599532903
,539,0.0316685213489952,539,0.0264711002214901,539,0.0399197915542671,539,0.0688238279775354
,538,0.0315314943864812,538,0.0261558624190887,538,0.0398022083852657,538,0.0683044758007249
,537,0.0316246134480372,537,0.0264989991433159,537,0.039896039685288,537,0.0687750582979072
,536,0.0318140589154777,536,0.0267997279052778,536,0.0399447934313783,536,0.069111735250316
,535,0.0315554890781078,535,0.02606715194766,535,0.0399296956444431,535,0.0682009706132439
,534,0.0318514676650077,534,0.0265081891214127,534,0.0400551764692761,534,0.0687715402989702
,533,0.0321147570621302,533,0.0272440457186876,533,0.04014500224549,533,0.0695745039570415
,532,0.0319958683622425,532,0.0269259606039934,532,0.0400582990511781,532,0.0691806683409947
,531,0.0318178469966504,531,0.0261901473969716,531,0.0400002510857414,531,0.0684614315131035
,530,0.0317782966010921,530,0.0260359275343913,530,0.0399684060602578,530,0.0683514353661189
,529,0.0320413186848007,529,0.0269049743534124,529,0.0400028339843018,529,0.0692416579030537
,528,0.0324225529366944,528,0.0276757410608777,528,0.0401488069078186,528,0.0700210682334948
,527,0.0322575724270868,527,0.0271167837148922,527,0.0401151339648548,527,0.0695139233274287
,526,0.0322421261425992,526,0.0271403979470215,526,0.0400791073747791,526,0.069468994607198
,525,0.0324365830755231,525,0.0274537318084315,525,0.0401507376447342,525,0.0697193970257756
,524,0.0322698685083667,524,0.027144861925168,524,0.0400518835890464,524,0.0693999853692008
,523,0.0322608903829775,523,0.0269622895949878,523,0.0400440205191452,523,0.0691247864709562
,522,0.0322972780331775,522,0.0268284189397764,522,0.0400750478281852,522,0.0691691028446251
,521,0.0322346820103365,521,0.0266867994639658,521,0.039989068163714,521,0.0689906507642866
,520,0.0323225699430973,520,0.0266135851084493,520,0.0400551480822708,520,0.0688564654736642
,519,0.0324358299551675,519,0.0269080588831008,519,0.0401162979943583,519,0.0692746911668201
,518,0.0326525035375525,518,0.027373550625695,518,0.0401462799268832,518,0.0696888828061312
,517,0.0326306527167455,517,0.0272831026249712,517,0.0401383299703955,517,0.0695621683994537
,516,0.0326724297654817,516,0.0270671070893445,516,0.0401541164549905,516,0.0693517886774626
,515,0.0326166721169589,515,0.0269469754117428,515,0.0400772053447273,515,0.0692466066603155
,514,0.0327348377055658,514,0.0268626193669255,514,0.0402098848183198,514,0.0692038913307347
,513,0.0326371269194086,513,0.0268595626974137,513,0.040179444172285,513,0.0692176435688945
,512,0.0327716838124176,512,0.0270546268336185,512,0.0401484945835359,512,0.0694766190997355
,511,0.032831146623119,511,0.0271460743716006,511,0.0401961408296073,511,0.0695587047837239
,510,0.0329172285791739,510,0.0271071124455174,510,0.0401961692258298,510,0.0695839837369228
,509,0.0329543135772949,509,0.0272689072244918,509,0.0402477682289378,509,0.0695979910981373
,508,0.0330943324062409,508,0.0273758389480458,508,0.0403443375958835,508,0.0697443813796215
,507,0.0329973506660734,507,0.027305347612938,507,0.0403616655485088,507,0.0696454554077144
,506,0.032995255965353,506,0.0270960637660089,506,0.0402692104543033,506,0.0694423251245485
,505,0.0330621237986199,505,0.0271901656324086,505,0.0403353898254568,505,0.069595347591913
,504,0.0331208441452654,504,0.0273170356468654,504,0.040275742733339,504,0.0696951739090374
,503,0.0332281088898318,503,0.0273336309901285,503,0.040339167750484,503,0.0696558484136022
,502,0.0331781474371162,502,0.0271595768447081,502,0.0403055652553877,502,0.0695103689591589
,501,0.0333221514867324,501,0.0271554709462224,501,0.0403631427174346,501,0.0696899161211266
,500,0.0334183670972115,500,0.0272238157874776,500,0.0404259554528294,500,0.0696752979817358
,499,0.0333794254401449,499,0.0271976340330241,499,0.0404038236515247,499,0.0696802820737724
,498,0.0334816652233779,498,0.0273255262083795,498,0.0404880100601536,498,0.0698133845674844
,497,0.0335945846992645,497,0.0276474905706983,497,0.0404985522687714,497,0.0701645587183611
,496,0.0337378316537585,496,0.0277187824495983,496,0.0404879532295338,496,0.0702568472057234
,495,0.0337165696001785,495,0.027407325282282,495,0.0404824122798112,495,0.0699370097612676
,494,0.0336073382237256,494,0.0270359208967851,494,0.0404327457951199,494,0.0694650760953791
,493,0.0335282780013859,493,0.0268386897995885,493,0.0404865608816713,493,0.0692070485389528
,492,0.0338787470428829,492,0.027743533179803,492,0.0405765896197538,492,0.0703395066264106
,491,0.0341786942133468,491,0.0284216501104388,491,0.0406890096509886,491,0.0710332664429953
,490,0.0338759204508996,490,0.0274832933932528,490,0.0406515141230673,490,0.0700183613214984
,489,0.0337959998799116,489,0.0271639583496643,489,0.0405386775165105,489,0.069713348718251
,488,0.0341547501831116,488,0.028010859198064,488,0.0407589493085329,488,0.0705393420190912
,487,0.0342855202731872,487,0.0283971646911889,487,0.0407205095335942,487,0.0709390450381464
,486,0.0340473123489718,486,0.0275462011860346,486,0.0406045568905139,486,0.0700871342827977
,485,0.0339879627329526,485,0.0272342062475202,485,0.0405797159528868,485,0.0698346652954577
,484,0.0343841350294296,484,0.0285453972109687,484,0.040756447207825,484,0.0712748726766362
,483,0.0347173495691235,483,0.0291674028971901,483,0.0408553764665685,483,0.0717765668845559
,482,0.0347112648791299,482,0.0287161359780789,482,0.0408864049147995,482,0.0713649872094498
,481,0.0345937657655719,481,0.0284306597656292,481,0.0408068047589473,481,0.0710836624042207
,480,0.034606941129702,480,0.028177576167156,480,0.0408075156639727,480,0.0708041041387617
,479,0.0346358722678627,479,0.0281242429725296,479,0.0407816394707651,479,0.0706861413895855
,478,0.0347627490945677,478,0.028241938250473,478,0.0408488354634326,478,0.0708964067406361
,477,0.0348201011718411,477,0.0283105924445414,477,0.0408935722042652,477,0.0709451409194779
,476,0.0348903923347314,476,0.0283730398889851,476,0.0409259402466074,476,0.0710806439696718
,475,0.0348661846363534,475,0.0282093969149103,475,0.040945652371688,475,0.0708802546547349
,474,0.0349378579264183,474,0.0281947844938477,474,0.0409563194791192,474,0.0708768719354647
,473,0.0350292409919085,473,0.0282976067144185,473,0.0409615535689849,473,0.071008177349356
,472,0.0351045335364871,472,0.0284458881660633,472,0.0410354918274524,472,0.071101438055442
,471,0.0351403743423868,471,0.0283655236150274,471,0.0410178524693537,471,0.0710693936257157
,470,0.0351408514913118,470,0.0283438321567437,470,0.040997653439224,470,0.0710268949562764
,469,0.0352277013268549,469,0.0283845079840928,469,0.0410083218239936,469,0.0709764446179497
,468,0.0353854452803182,468,0.0284492047669146,468,0.0411686636503291,468,0.0711398579004328
,467,0.0353568573085476,467,0.0285450654762756,467,0.0410875890175389,467,0.0712572729346406
,466,0.0355468706419337,466,0.0286272881425425,466,0.041153437880923,466,0.0713333504246412
,465,0.0355985664057662,465,0.0287734694866871,465,0.0411957867638175,465,0.0714238737653581
,464,0.0356385786560787,464,0.0287689610784452,464,0.0411924567625496,464,0.0714664723339946
,463,0.0356600474223026,463,0.0285941649674853,463,0.0412233100596273,463,0.0712774654198733
,462,0.0356572092130112,462,0.0284018074185733,462,0.0412292589639752,462,0.0710902176626148
,461,0.0358342815451376,461,0.0285278156214041,461,0.0413296910459673,461,0.0711516284695864
,460,0.0360607582593922,460,0.0292370342163372,460,0.0413049224736215,460,0.0719966185741996
,459,0.0362351251110389,459,0.0295974127575483,459,0.0413965162984349,459,0.0723162035772043
,458,0.0361969711042305,458,0.0293473874212877,458,0.0413716869683631,458,0.072164359151093
,457,0.0361573293779415,457,0.0291216156609756,457,0.0413438980255233,457,0.071915964811466
,456,0.0362688925147487,456,0.0290795421667349,456,0.0413803998514243,456,0.071900080229811
,455,0.0363458638682833,455,0.0291247990188363,455,0.0415100602326282,455,0.0719050899197645
,454,0.0363125970610029,454,0.0290253508692803,454,0.041424792711567,454,0.071845099625362
,453,0.0363722652294497,453,0.0291641084910975,453,0.0414483435565045,453,0.0719598948142754
,452,0.0365032543499119,452,0.029399818480572,452,0.0414175881737227,452,0.0721905238427739
,451,0.0365492915014973,451,0.0293001965715412,451,0.0415524154213867,451,0.0721278045813293
,450,0.0365173887849467,450,0.0292015111583879,450,0.0414589091026533,450,0.0719155982376479
,449,0.0367623366973166,449,0.0294131142084864,449,0.0417173751265656,449,0.0721841964889469
,448,0.0367414613109475,448,0.0293647252538655,448,0.0416105572793862,448,0.0721594992943341
,447,0.0368206296949553,447,0.0295261443331253,447,0.0416043467537192,447,0.0724055558298481
,446,0.0370796195693989,446,0.0298918098626308,446,0.0416985112759752,446,0.0727686581695498
,445,0.0372088763309293,445,0.0299058139433501,445,0.0417368952303324,445,0.0727672502099242
,444,0.0372802321655543,444,0.0299151872239046,444,0.041771207145016,444,0.0727058247630087
,443,0.0371986392815489,443,0.0295283331969585,443,0.0417117329826493,443,0.0722675293186198
,442,0.037313375720288,442,0.0296837984507373,442,0.0418126187385308,442,0.072512607029879
,441,0.0373815606714112,441,0.0298803850857092,441,0.0418250743398512,441,0.0728195926478796
,440,0.0375700912106251,440,0.0301318273760656,440,0.0419214819452544,440,0.073044675789106
,439,0.037607378083966,439,0.030070680079771,439,0.0418308319696575,439,0.0729068440657204
,438,0.0376784888760011,438,0.0301372655742831,438,0.0419001290367811,438,0.0729438929517271
,437,0.0376722213990579,437,0.030026600550023,437,0.041888868579955,437,0.0728712372472362
,436,0.0376870997463255,436,0.0299047046927662,436,0.0418782925686702,436,0.0727608838407737
,435,0.0378668659426984,435,0.0300717342705647,435,0.042008700519466,435,0.0728938623939209
,434,0.0380266170082634,434,0.0302644167381552,434,0.0420607434814234,434,0.073034231996277
,433,0.0380704422926187,433,0.0303729492500783,433,0.0420381860127165,433,0.0731696226266394
,432,0.0381086764718086,432,0.0303438565452393,432,0.0419954127407023,432,0.0731473200897703
,431,0.0381234567351098,431,0.0301542465090463,431,0.0419717181612719,431,0.0729674405393627
,430,0.0382005596485841,430,0.0301435362343088,430,0.0420329389313259,430,0.0729010879935485
,429,0.0383669088847479,429,0.0303160426325894,429,0.0420817050114069,429,0.0730652884691314
,428,0.0383475113856131,428,0.0301626539822946,428,0.0421504145883798,428,0.0728073176268987
,427,0.0384001637561945,427,0.0301486693641122,427,0.042098902777245,427,0.0729745448737222
,426,0.0385001982215176,426,0.0301785259596099,426,0.0421141046862318,426,0.0729129370124667
,425,0.0386850553357226,425,0.0304153425865587,425,0.0422771950325297,425,0.0731573070731932
,424,0.038837379682391,424,0.0306332602154567,424,0.0422888079630071,424,0.0733939983910995
,423,0.0388446264675082,423,0.0304961984568315,423,0.0422553966600287,423,0.0732429410969329
,422,0.0389314840675428,422,0.0304845078551306,422,0.0422941437378826,422,0.073193029267944
,421,0.0391330107698264,421,0.0308883630052863,421,0.0423499878392199,421,0.0735792984324141
,420,0.0391828687892807,420,0.0309152407417431,420,0.0423093239479503,420,0.0737028041589501
,419,0.0393498215081351,419,0.0310324993835543,419,0.0424469687519848,419,0.0736883570514926
,418,0.0393634820556232,418,0.0309347260561012,418,0.0423809234826358,418,0.0736529314654293
,417,0.0393910311886954,417,0.0309304453272288,417,0.0423822648380527,417,0.0737364239169845
,416,0.0394461913925214,416,0.0308793578068768,416,0.0424402895603838,416,0.0736153006963736
,415,0.0395382162458355,415,0.030849258452511,415,0.0424722021806637,415,0.0736305734271136
,414,0.03961557076204,414,0.030939979735568,414,0.042477825667145,414,0.0735676152045285
,413,0.039707971888525,413,0.0308681015714406,413,0.0425002632467024,413,0.0735544604500933
,412,0.0397149779322514,412,0.0307140733221707,412,0.0424894154171845,412,0.073412512576543
,411,0.0399321078496069,411,0.0309553241791605,411,0.0426267460972452,411,0.073679032634357
,410,0.0399668167084005,410,0.0311285983456494,410,0.0425135379330623,410,0.0738194721924435
,409,0.0400336312660431,409,0.0311450340648336,409,0.0425788895626342,409,0.0737143990004635
,408,0.0401709257168633,408,0.0311717608178546,408,0.0426833184085911,408,0.0738610483137219
,407,0.0402383964629108,407,0.0311903119870176,407,0.0426747506996452,407,0.0738451231150536
,406,0.0403253060511608,406,0.03118455464282,406,0.0426832898492805,406,0.073881975955948
,405,0.0404067782812014,405,0.0313236700977901,405,0.0427616351018288,405,0.0740440919425505
,404,0.0407706070132375,404,0.0317876825309811,404,0.0427886007912088,404,0.0745300964699716
,403,0.040790141478469,403,0.0318935877010405,403,0.0428608222399486,403,0.0745569880308297
,402,0.0408653019160105,402,0.0317304510073395,402,0.0429173964781488,402,0.0744040203051834
,401,0.0409593632084852,401,0.0316221077410421,401,0.0429057095795371,401,0.0744121006189337
,400,0.0410091753060966,400,0.0317028266154617,400,0.0428995662259377,400,0.0744797292150935
,399,0.0411373589095662,399,0.0317903841567058,399,0.042952201868009,399,0.074533845821989
,398,0.0412652672296179,398,0.031876538622924,398,0.04294537201899,398,0.0746125896925011
,397,0.0413358691743577,397,0.0318007451864367,397,0.0430607222898924,397,0.0745558201341706
,396,0.0412909729799851,396,0.0315649815436575,396,0.0430526902206914,396,0.0742556519165186
,395,0.0414277542953831,395,0.0317493323989961,395,0.0430807316491725,395,0.0744596638395163
,394,0.0415883650294896,394,0.0320703023674014,394,0.043110347192874,394,0.0747520708436652
,393,0.0416381353652177,393,0.031858515243605,393,0.043180249027852,393,0.0745383020611571
,392,0.04180988254445,392,0.03210695277388,392,0.0431391642550214,392,0.0747632325011698
,391,0.0420992165073249,391,0.0326060404650892,391,0.0432938027376219,391,0.0753338737910785
,390,0.0422326008413759,390,0.0325448228410471,390,0.0434249797862349,390,0.0753047481922926
,389,0.0421574030954451,389,0.0321321499804941,389,0.0433242908591405,389,0.0748632389916941
,388,0.0423475907042325,388,0.0322661601297289,388,0.0434543899345599,388,0.0750653211415002
,387,0.0424624112079082,387,0.0323960558989121,387,0.0434183713596321,387,0.075131943644955
,386,0.0426756074629338,386,0.0325813738028276,386,0.0435460376338574,386,0.0753335351101007
,385,0.0427111075077542,385,0.0325826852303773,385,0.0435507879325262,385,0.0752027931960026
,384,0.0429337700948898,384,0.0327507760544991,384,0.0436804968865996,384,0.0754792538958856
,383,0.0430668393390353,383,0.0329395406345555,383,0.0437248392157102,383,0.0756122665048165
,382,0.0431052014901246,382,0.0328035079660599,382,0.043744707421932,382,0.0755176625710226
,381,0.0432179635246059,381,0.0327036884355833,381,0.0437449078263368,381,0.0754659795141627
,380,0.043349603918257,380,0.0326708389826129,380,0.0438098437228681,380,0.0754044791469089
,379,0.0434269251430938,379,0.0324445327589281,379,0.0440021315254066,379,0.0751163410613988
,378,0.043514303537799,378,0.0325118180125541,378,0.0439797880885021,378,0.0752203688747003
,377,0.0438696345619925,377,0.0331513248672937,377,0.0441293104885125,377,0.0758509781054428
,376,0.0440599433417549,376,0.033404417028298,376,0.0441778826817653,376,0.0760322103996562
,375,0.0442308167972192,375,0.0333460217040333,375,0.0443377651141231,375,0.0760492028778327
,374,0.0443612450995042,374,0.0332781319857417,374,0.0443603276647668,374,0.0759831179003468
,373,0.0444641247626644,373,0.0332925531213101,373,0.0445035569577932,373,0.0759385632435316
,372,0.0445974343280637,372,0.0333904674074635,372,0.0445707863513834,372,0.0760124432171673
,371,0.0448732752560277,371,0.0335760983473442,371,0.0445937339192236,371,0.0762794532649737
,370,0.0449605719422811,370,0.033589634418958,370,0.0446571328775175,370,0.0763522493807552
,369,0.0449938474783688,369,0.0333517239172922,369,0.0447390775498601,369,0.0760831281441747
,368,0.0450905303897698,368,0.0334091135946508,368,0.0448359046630197,368,0.0760668745267982
,367,0.0452853111591145,367,0.0336254622975063,367,0.0449148975971151,367,0.0763112981355566
,366,0.0454298805417861,366,0.0336193369472148,366,0.0449928138599332,366,0.0763654891549059
,365,0.0455376420388056,365,0.03361323965236,365,0.0450385825444825,365,0.0761785031802867
,364,0.0453906515331948,364,0.0332050275491712,364,0.0448976740756133,364,0.0757336706748696
,363,0.0454659513652528,363,0.0330896392427568,363,0.0450218422465698,363,0.0755276426063395
,362,0.0456776655708898,362,0.0337266969221897,362,0.0449546004161582,362,0.0762113895978162
,361,0.0460892567710867,361,0.0345617540994127,361,0.0451596889601569,361,0.0769688361994592
,360,0.0460548610531022,360,0.0343702379583655,360,0.0450847581001008,360,0.0767688939027859
,359,0.0459154639622076,359,0.0338145235768288,359,0.0450577068991495,359,0.076193064213674
,358,0.0459415039921025,358,0.0339328476409895,358,0.0450000492406433,358,0.0761423495049863
,357,0.0462080652796005,357,0.034603521103155,357,0.0450494942352648,357,0.0769273941420301
,356,0.0462621401024938,356,0.0346093519842717,356,0.0450749942026696,356,0.0768740290252373
,355,0.0463556783748647,355,0.034586365310817,355,0.0450664653307127,355,0.0767955846294057
,354,0.0464265942717402,354,0.034698506934942,354,0.045098370488158,354,0.0769234077543993
,353,0.0465099107598904,353,0.0347264907843761,353,0.0450426026091902,353,0.0768620096460638
,352,0.0465369085002156,352,0.0346990116377021,352,0.0451213172304632,352,0.0767688630116916
,351,0.046565608045246,351,0.0346744220795201,351,0.0450986002367655,351,0.0767281813473348
,350,0.046762464269727,350,0.0349180799660972,350,0.0451554380326945,350,0.0769676617988686
,349,0.0468208177232877,349,0.0350121244931435,349,0.0451705175241847,349,0.0769352434153287
,348,0.04683872319579,348,0.034734061875196,348,0.0451837591856051,348,0.0766570516485892
,347,0.046881168746349,347,0.0346938244428543,347,0.0451234138017853,347,0.0765466275751194
,346,0.0469115348547655,346,0.0349034644918892,346,0.0451398420808702,346,0.0766358972120933
,345,0.0471221950957811,345,0.0352403906043875,345,0.0452286000006417,345,0.0769397243633018
,344,0.0472878701007153,344,0.0355769601994698,344,0.0452473592551796,344,0.0773463541970965
,343,0.0473409248564806,343,0.0356063493988106,343,0.045279565010566,343,0.0772304667174983
,342,0.0474331366262112,342,0.0354986642679029,342,0.0452739338587492,342,0.0771188456241362
,341,0.047549049820859,341,0.0356758405691998,341,0.045302607525088,341,0.0772505368210805
,340,0.0477371352705837,340,0.0359078580591125,340,0.0454493095533301,340,0.0775965749445312
,339,0.0478162531343957,339,0.0360198633610884,339,0.0454973109856536,339,0.077548821682953
,338,0.0479578517167446,338,0.0361768543750242,338,0.0455383032348154,338,0.0777591239364815
,337,0.0480130700436065,337,0.036109870977343,337,0.0455003004719046,337,0.0775842879588104
,336,0.0481464903040293,336,0.0362419346594417,336,0.0455092115626277,336,0.0777074211251068
,335,0.0482015012259686,335,0.0362435104379209,335,0.0455519010977201,335,0.0777892506281595
,334,0.0483390590239207,334,0.03632984932571,334,0.045594681083659,334,0.0777012295843458
,333,0.0485113931969386,333,0.0368084858491755,333,0.0456283502858759,333,0.0782109649502613
,332,0.0486361357626622,332,0.0368199816389237,332,0.0456987736491088,332,0.0781685364565271
,331,0.0487651426097709,331,0.0368842847800628,331,0.0456956390058719,331,0.0781363072082236
,330,0.0489124976417563,330,0.0369508240384951,330,0.0458325203300984,330,0.0782082684945921
,329,0.0490029573204412,329,0.0370244208346901,329,0.0457885663393174,329,0.0782830316062204
,328,0.0489642155548641,328,0.0368930771851803,328,0.0457359309604303,328,0.0781536921113995
,327,0.049141841770168,327,0.0369747817948511,327,0.0458274285732501,327,0.0780854580370093
,326,0.0493142918656565,326,0.0371933939447854,326,0.0458263642022437,326,0.0782314833567299
,325,0.049460411954766,325,0.0372495731036732,325,0.0459488415200522,325,0.078277203836504
,324,0.0497367765396546,324,0.0378203217806036,324,0.0460109421130342,324,0.0788498767878083
,323,0.0498774928917104,323,0.0380795695845965,323,0.0460499681597323,323,0.0790860582428242
,322,0.0498235467182436,322,0.0379036698644643,322,0.0460469173247092,322,0.078858288565546
,321,0.0499519774967923,321,0.0377210084726188,321,0.0461063549031096,321,0.0786652932536725
,320,0.0500403011398736,320,0.0377908388605863,320,0.0461107015052633,320,0.0785363051381292
,319,0.0503965953326429,319,0.0381949064773021,319,0.0462937012576387,319,0.0790404388543267
,318,0.050499141100697,318,0.0383056372314091,318,0.0464270263699676,318,0.0790203169166709
,317,0.0505507284205581,317,0.0381320199093739,317,0.0463650678731842,317,0.0788271564903462
,316,0.0505520370850291,316,0.0381017245524937,316,0.0464252115603014,316,0.0787349838700081
,315,0.0508780464419216,315,0.0387730980661039,315,0.0464641019988492,315,0.0793351395063968
,314,0.051071481042391,314,0.0389582696089185,314,0.0465110920559994,314,0.0795577497638531
,313,0.0511201661923286,313,0.0387482201528309,313,0.0465943094869579,313,0.0792788367578381
,312,0.0513670827519451,312,0.0390479820581235,312,0.0467397189256931,312,0.0795048376314223
,311,0.0514822730511461,311,0.0392828286954083,311,0.0466985554763523,311,0.0797465077050309
,310,0.0517416140186399,310,0.0394948663117083,310,0.0468603203114842,310,0.0798365620180421
,309,0.05203440408651,309,0.0399266023656631,309,0.0469702544540712,309,0.0803278188709259
,308,0.0521852664059787,308,0.0399368755415764,308,0.0470920450604221,308,0.0801685088434254
,307,0.0522678557322309,307,0.0398501287630609,307,0.0471727191297337,307,0.0800432131455085
,306,0.0523763346459235,306,0.0399136902930909,306,0.0471676116359455,306,0.0799507198643474
,305,0.0526237036485284,305,0.0401120677557302,305,0.0472495696347228,305,0.0801857262075439
,304,0.0527455995926362,304,0.0401087176631006,304,0.0473204295960472,304,0.080078790335856
,303,0.0528412465441335,303,0.0401783651586899,303,0.0474450037454858,303,0.080082992558661
,302,0.0531826136051692,302,0.040513811929682,302,0.047606526978048,302,0.0803312760107232
,301,0.0533596322940776,301,0.0407248025645366,301,0.0476833676225276,301,0.0805477913895292
,300,0.0535578945869738,300,0.0408067763227705,300,0.0478394017359042,300,0.0805183451871853
,299,0.0535977804836902,299,0.0406221226216133,299,0.0478618579253756,299,0.0803195343055663
,298,0.0539602305764129,298,0.0410336709573264,298,0.0480169731753057,298,0.0805572956164791
,297,0.0543766699422097,297,0.0416193889137834,297,0.0482098026378834,297,0.0812414605023563
,296,0.0545801522524745,296,0.0418247608077463,296,0.0483842846997078,296,0.0813072892161371
,295,0.0547871364417266,295,0.0419390440025816,295,0.0484407727723692,295,0.0814587737297525
,294,0.0550497813358974,294,0.0421117373746177,294,0.0485307579341893,294,0.0816319279117007
,293,0.0553123499478937,293,0.0421796244427295,293,0.048807081708111,293,0.081716749927157
,292,0.0553842143635503,292,0.0419314317898851,292,0.0488126429976494,292,0.0813566751051943
,291,0.0557591371537643,291,0.0425340645372027,291,0.0490470060091923,291,0.0819791313300834
,290,0.0560873130416061,290,0.0429522304450088,290,0.0491268846328727,290,0.0823518947574273
,289,0.0563880003326408,289,0.0430647812568089,289,0.0493693639111872,289,0.0824973586347349
,288,0.0564091048774826,288,0.042684546460723,288,0.0493012136435109,288,0.082061206897072
,287,0.0566601094597343,287,0.0430882782755145,287,0.0494579172334882,287,0.0825389913015751
,286,0.0568998388064936,286,0.0435602886857426,286,0.049539902437569,286,0.0828976357031268
,285,0.057011694833838,285,0.0437520651871392,285,0.049549564133872,285,0.0830788242448042
,284,0.057046939878026,284,0.0434280980830579,284,0.0494932507846181,284,0.0827454606465862
,283,0.0571025584792879,283,0.0434877219363561,283,0.0495471269289476,283,0.0826977642103384
,282,0.0573822945844342,282,0.0440518641218828,282,0.0495009096673946,282,0.0833151848851429
,281,0.0575675653443608,281,0.0442503642143424,281,0.0495164019113851,281,0.0834876691806578
,280,0.0576046585402455,280,0.0442760179515566,280,0.0495744011925102,280,0.0833333742145662
,279,0.0576213293430081,279,0.0441470480226217,279,0.0494496499456416,279,0.0832657012202621
,278,0.0576650784642908,278,0.0442970293478307,278,0.0494353203528393,278,0.0832864598405663
,277,0.0577553692996722,277,0.0444804134099856,277,0.0493387384678253,277,0.0835053010035986
,276,0.0578440523435819,276,0.0447345724866097,276,0.0492975599312105,276,0.0836468207417012
,275,0.0578144794594849,275,0.0446126952620039,275,0.049217099059814,275,0.0834473571146915
,274,0.0577941640549776,274,0.0445516547435576,274,0.0491099860064388,274,0.0833232131849018
,273,0.0577185588832266,273,0.0445754905039864,273,0.0489906708515315,273,0.0831853414766839
,272,0.0579095042961819,272,0.0453405929921378,272,0.0489373272661387,272,0.0839385407982643
,271,0.0579835452132385,271,0.0458180794576379,271,0.0488147284995864,271,0.0842444104913124
,270,0.0576997557298628,270,0.0456043416637221,270,0.0485146061205032,270,0.0838872903716196
,269,0.0574775203839076,269,0.0454054518051643,269,0.0482975411967804,269,0.0835091913954483
,268,0.0574110994417299,268,0.0455990513194505,268,0.0481280391999428,268,0.0834603444067549
,267,0.0573878781459583,267,0.0461278868417759,267,0.0479185671397289,267,0.0838641166129128
,266,0.0572408092327099,266,0.0463348839509112,266,0.0476860832925261,266,0.0839215822669884
,265,0.0569775742162104,265,0.0460664315261418,265,0.0473665597267162,265,0.0832720039592948
,264,0.0566810502633469,264,0.045973358394896,264,0.0471026622503815,264,0.0829797283744674
,263,0.0565135520998848,263,0.0461468001338085,263,0.0468801306263304,263,0.0828902731874576
,262,0.05619206589365,262,0.0459034083887267,262,0.0465722069035839,262,0.0823762709546962
,261,0.0561024234655314,261,0.0464072655174454,261,0.0463690426299477,261,0.0827095077581174
,260,0.0563393105188597,260,0.0477830207201663,260,0.0462887768753025,260,0.0838951094391207
,259,0.0563500677863756,259,0.0483360209995427,259,0.0461086289478169,259,0.0842559445101694
,258,0.055919690351657,258,0.047894315962935,258,0.0457853447558077,258,0.0835572594345578
,257,0.0557194642847736,257,0.0479512895865419,257,0.0455319787924792,257,0.0833155925686632
,256,0.0554050937348806,256,0.0480118268312461,256,0.0453181805900753,256,0.0830733392206326
,255,0.0551058500506658,255,0.0477694395089519,255,0.0450200907261015,255,0.0825679487050942
,254,0.0546378630314185,254,0.0472397858071262,254,0.0446706457977097,254,0.0817882132261819
,253,0.0545836745624669,253,0.0477878753838103,253,0.0444569843334696,253,0.0821494906204944
,252,0.0546716828806587,252,0.0487109000453076,252,0.0443262692716206,252,0.0830092165912901
,251,0.0543176444593376,251,0.0485032017966634,251,0.0440077175642495,251,0.082495104950101
,250,0.0537781913127323,250,0.0478646614179447,250,0.0435711346791722,250,0.0816042198523641
,249,0.05335898835259,249,0.0477036777787082,249,0.0431942879309361,249,0.081175891414325
,248,0.0532493858619359,248,0.0481122204605421,248,0.042915882021228,248,0.0812185835371334
,247,0.0534596889844569,247,0.0494457919318372,247,0.0427645486867378,247,0.0825743039395869
,246,0.0533713404876238,246,0.0499543588917841,246,0.0425075714109272,246,0.0830729317644583
,245,0.0526556720871372,245,0.0488771823367992,245,0.0419800439070887,245,0.0816928481248783
,244,0.0521534493295581,244,0.048337033671974,244,0.0415084652288905,244,0.0809160530682392
,243,0.0520240449872861,243,0.0486860544057571,243,0.041224790162185,243,0.0809623065836452
,242,0.0522153926120236,242,0.0498077241654631,242,0.0410681834353667,242,0.0822045089315451
,241,0.0519966748098062,241,0.0500259520455357,241,0.0407287828960383,241,0.0823244536153208
,240,0.0516165594545123,240,0.0497113787135127,240,0.0403143419876131,240,0.0818190582566583
,239,0.0512709151165155,239,0.049358836171438,239,0.039883696036959,239,0.0812614047062817
,238,0.0510076919564475,238,0.049246933081846,238,0.0394455110595667,238,0.0809153357564877
,237,0.0507273465222966,237,0.0491522193115182,237,0.0390926469639884,237,0.0806701157710421
,236,0.0505202521943647,236,0.04924812184627,236,0.0387060243571338,236,0.0806285995325908
,235,0.0502803556826195,235,0.0492910355214132,235,0.0382224946498461,235,0.0804334765108381
,234,0.0500902652486548,234,0.0493160607906846,234,0.0377403780089318,234,0.0802352961014836
,233,0.0495683949044246,233,0.048694654658595,233,0.0370307917298859,233,0.0793765011978932
,232,0.0490723650109523,232,0.0481583769320146,232,0.0362842294109593,232,0.0785207348498856
,231,0.0484765156913799,231,0.0474946412699736,231,0.0355411676274781,231,0.0774111619853738
,230,0.0480801220472001,230,0.0473657802657895,230,0.0348878396632662,230,0.0770054605484707
,229,0.0481383347036728,229,0.0484622181707718,229,0.0344880129086197,229,0.0779681031539627
,228,0.0480228134823248,228,0.0492350746099899,228,0.0339274736639728,228,0.0787677851496773
,227,0.0472205362647102,227,0.0483582714035662,227,0.0329420818800341,227,0.0774553110620037
,226,0.0464700655073762,226,0.0478560197824397,226,0.0319613727640504,226,0.0766380589320576
,225,0.0456875580574689,225,0.0472191221640514,225,0.0309855976876763,225,0.0755281046505662
,224,0.0449680364654013,224,0.0468544091116532,224,0.0301243915825925,224,0.0748491222885707
,223,0.0441753034906868,223,0.0465193900314217,223,0.0292136379551863,223,0.0740142546197036
,222,0.0433576128769749,222,0.0461994565440985,222,0.0281880999585093,222,0.073287955516988
,221,0.042534749725701,221,0.0459666247491543,221,0.0273174767109085,221,0.0726554544226336
,220,0.0415568306250008,220,0.045620443108049,220,0.0262549305736499,220,0.0717430984960191
,219,0.0405007403064017,219,0.0451642846042199,219,0.0252195850313573,219,0.0707640078330594
,218,0.0395466088847613,218,0.044785020385421,218,0.0241487981249619,218,0.0697014954955394
,217,0.0386517503477664,217,0.0447869431459572,217,0.0232626847115678,217,0.0692088700156731
,216,0.0374980668910761,216,0.0445004882875948,216,0.022056261739135,216,0.068344618339963
,215,0.0363033661143598,215,0.0441004276536974,215,0.0208878102074873,215,0.0670742492690116
,214,0.035228768110249,214,0.0437546991256058,214,0.0197080830058444,214,0.0660670966154499
,213,0.0340717544307262,213,0.0435925699060855,213,0.018578262240249,213,0.0651356199862593
,212,0.0330421517509072,212,0.0434669213226913,212,0.0173933593550582,212,0.0642765168078465
,211,0.031927047069545,211,0.0433071017019301,211,0.0162012011162703,211,0.0633340430666592
,210,0.0305013079872808,210,0.0426383683785221,210,0.0147558868632393,210,0.0616367368016346
,209,0.0291215049359048,209,0.0422106335375014,209,0.0133302609526918,209,0.0601814040670639
,208,0.0276363453750056,208,0.0416410984042435,208,0.0117973308248231,208,0.0586349864957324
,207,0.0261226247959186,207,0.0407989564448064,207,0.010249701836525,207,0.0567638205609674
,206,0.0245713175408288,206,0.0401091435208995,206,0.00855581531412086,206,0.0550608005589456
,205,0.0228363611461291,205,0.0389317672041613,205,0.00645731527098477,205,0.0529368853234887
,204,0.0205998589928171,204,0.0371458785921617,204,0.00393097042936788,204,0.0500713246890584
,203,0.0179280364744696,203,0.0347471854119556,203,0.000553561670337088,203,0.046524259403316
,202,0.0148092370950933,202,0.0316539591371583,202,-0.00331922186366231,202,0.0423148597204914
,201,0.0112332180050112,201,0.0276681540788244,201,-0.00791638833184827,201,0.0373241514463382
,200,0.00669665606755849,200,0.0227475350124806,200,-0.0134791121795182,200,0.0311206727135138

