0.03 mM K+_260.00nm_10.0-75.0C,,0.03 mM K+_260.00nm_75.0-10.0C,,0.3 mM K+_260.00nm_10.0-75.0C,,0.3 mM K+_260.00nm_75.0-10.0C,,3.3 mM K+_260.00nm_10.0-75.0C,,3.3 mM K+_260.00nm_75.0-10.0C,,33.3 mM K+_260.00nm_10.0-75.0C,,33.3 mM K+_260.00nm_75.0-10.0C,,Derivative 1-5-0.5(0.03 mM K+_260.00nm_10.0-75.0C),,Derivative 1-5-0.5(0.03 mM K+_260.00nm_75.0-10.0C),,Derivative 1-5-0.5(0.3 mM K+_260.00nm_10.0-75.0C),,Derivative 1-5-0.5(0.3 mM K+_260.00nm_75.0-10.0C),,Derivative 1-5-0.5(3.3 mM K+_260.00nm_10.0-75.0C),,Derivative 1-5-0.5(3.3 mM K+_260.00nm_75.0-10.0C),,Derivative 1-5-0.5(33.3 mM K+_260.00nm_10.0-75.0C),,Derivative 1-5-0.5(33.3 mM K+_260.00nm_75.0-10.0C),
Temperature (C),Abs,Temperature (C),Abs,Temperature (C),Abs,Temperature (C),Abs,Temperature (C),Abs,Temperature (C),Abs,Temperature (C),Abs,Temperature (C),Abs,Temperature (C),Abs,Temperature (C),Abs,Temperature (C),Abs,Temperature (C),Abs,Temperature (C),Abs,Temperature (C),Abs,Temperature (C),Abs,Temperature (C),Abs
10.100000381469727,0.26719199575549568,75,0.34287065662444066,10.100000381469727,0.24846012374327933,75,0.33091262069669081,10.100000381469727,0.2768641531460907,75,0.35923059718329869,10.100000381469727,0.29246033424208739,75,0.37719883779175495,11.1000003814697,-2.8631704481085762E-05,11.3000001907349,0.00076797307701781392,11.1000003814697,0.00037952937418594956,11.3000001907349,0.00034959116601385176,11.1000003814697,6.7519576987251639E-06,11.3000001907349,0.0003470784577075392,11.1000003814697,0.00070747995050624013,11.3000001907349,0.00021762675896752626
10.5,0.26728307606730517,74.5,0.34321214016725993,10.5,0.24833477976341276,74.5,0.33141183904835086,10.5,0.27666682516919738,74.5,0.35975243785819333,10.5,0.29268600410411372,74.5,0.38007790369129107,11.6000003814697,-0.00021739635849371552,11.8000001907349,0.00074974499875679612,11.6000003814697,0.00058197684120386839,11.8000001907349,0.00034808480995707214,11.6000003814697,0.00025190072483383119,11.8000001907349,0.00029690912924706936,11.6000003814697,0.00033609999809414148,11.8000001907349,0.00025799465947784483
11,0.26735566373312042,74,0.3433927900662484,11,0.24837027069493997,74,0.33166908628721292,11,0.27661114142492788,74,0.35991259255423758,11,0.29306961707686952,74,0.37919051574886,12.1000003814697,-0.00039340514922514558,12.3000001907349,0.00086191046284511685,12.1000003814697,0.00046960861072875559,12.3000001907349,0.00060532847419381142,12.1000003814697,-0.00032846693648025393,12.3000001907349,0.00029771728441119194,12.1000003814697,0.00015639107732567936,12.3000001907349,0.00023273754050023854
11.5,0.26728926251914342,73.5,0.34393491377847013,11.5,0.2486293950905934,73.5,0.33160240743793085,11.5,0.27659514851457229,73.5,0.36002973380164738,11.5,0.29341002499492475,73.5,0.37889579567098053,12.6000003814697,-0.0001535031187813729,12.8000001907349,0.00098023004829883575,12.6000003814697,0.00055715092457830906,12.8000001907349,0.00069072004407644272,12.6000003814697,-0.00057620758889243007,12.8000001907349,0.00031288046739064157,12.6000003814697,0.00033852818887680769,12.8000001907349,0.00029981625266373158
12,0.267187016192473,73,0.34412955230594205,12,0.24892913797480309,73,0.33174835758685894,12,0.27685748835971613,73,0.36013442860486106,12,0.29347501815553967,73,0.378544292146595,13.1000003814697,0.00022869317035656422,13.3000001907349,0.00085461180424317718,13.1000003814697,0.00034213881008327007,13.3000001907349,0.00050306878983974457,13.1000003814697,-0.00050847837701439857,13.3000001907349,0.00028317834949120879,13.1000003814697,0.00047329370863735676,13.3000001907349,0.00026746097137220204
12.5,0.26691964694918324,72.5,0.34433683586662184,12.5,0.24909682134631633,72.5,0.3318820225163478,12.5,0.27636538767910279,72.5,0.3600334742911932,12.5,0.2935890665446857,72.5,0.3788959679861823,13.6000003814697,0.000382554397219792,13.8000001907349,0.00082967698108404875,13.6000003814697,0.00028453191043809056,13.8000001907349,0.00051548657938838,13.6000003814697,-0.00079344178084284067,13.8000001907349,0.00028305055457167327,13.6000003814697,0.00036189323873259127,13.8000001907349,0.00017198323621414602
13,0.26697761902021,72,0.34432003777607179,13,0.24948595722507244,72,0.33190103490059625,13,0.27630487035549089,72,0.3599455453583974,13,0.29377952789664752,72,0.379716500548306,14.1000003814697,0.00095153937581926584,14.3000001907349,0.00090917391935363412,14.1000003814697,0.0007860095938667655,14.3000001907349,0.000633245159406215,14.1000003814697,0.000133724111947231,14.3000001907349,0.00033030490158125758,14.1000003814697,0.00022359927243087441,14.3000001907349,0.0002430611930321902
13.5,0.26710072447338656,71.5,0.34444011741139396,13.5,0.2494905886105821,71.5,0.33188779804383373,13.5,0.27590094218122446,71.5,0.35992057769938179,13.5,0.29404406109227982,71.5,0.37973044300407366,14.6000003814697,0.0010345150949433446,14.8000001907349,0.00091917777899652719,14.6000003814697,0.00054482719860970974,14.8000001907349,0.0006891964003443718,14.6000003814697,0.001305202255025506,14.8000001907349,0.00033571227686479688,14.6000003814697,0.00031540129566565156,14.8000001907349,0.000319144717650488
14,0.26729418327520815,71,0.34452460188172157,14,0.24973818566203368,71,0.33178652682164927,14,0.275521205921877,71,0.35975006434702816,14,0.29416730077145786,71,0.37966890114023533,15.1000003814697,0.00090008304687216878,15.3000001907349,0.00099350512027740479,15.1000003814697,0.00027864784351550043,15.3000001907349,0.00068238034145906568,15.1000003814697,0.0014047438744455576,15.3000001907349,0.00030541399610228837,15.1000003814697,0.00035952110192738473,15.3000001907349,0.00031006266362965107
14.5,0.26795717888121973,70.5,0.34471126346754094,14.5,0.25021484055742388,70.5,0.331876400223031,14.5,0.27583328375918653,70.5,0.3596792294942775,14.5,0.29428313098032055,70.5,0.37980349463362117,15.6000003814697,0.0013932834845036268,15.8000001907349,0.0011040765093639493,15.6000003814697,0.00071093643782660365,15.8000001907349,0.000512602215167135,15.6000003814697,0.00064630311680957675,15.8000001907349,0.00027439722907729447,15.6000003814697,0.00030251609859988093,15.8000001907349,0.00026185999740846455
15,0.26833256605398736,70,0.34479760384358948,15,0.25034326402323176,70,0.33188283940428071,15,0.27661802816777814,70,0.359645581249085,15,0.29446775943235759,70,0.37996799027000078,16.1000003814697,0.0016672307392582297,16.3000001907349,0.0011890038149431348,16.1000003814697,0.000505111354868859,16.3000001907349,0.00047297775745391846,16.1000003814697,0.00027420051628723741,16.3000001907349,0.00029907710268162191,16.1000003814697,0.00021063904569018632,16.3000001907349,0.00022118473134469241
15.5,0.26884836210551949,69.5,0.34502021811364758,15.5,0.25049775876446356,69.5,0.33197756596786321,15.5,0.27724612746062893,69.5,0.35972649358717773,15.5,0.29463706491447578,69.5,0.37995152244698233,16.6000003814697,0.0012273932807147503,16.8000001907349,0.0012329496676102281,16.6000003814697,-0.00017353637667838484,16.8000001907349,0.00069806253304705024,16.6000003814697,2.0270219465601258E-05,16.8000001907349,0.00028421706520020962,16.6000003814697,6.54128598398529E-05,16.8000001907349,0.00021700849174521863
16,0.26962588921685243,69,0.34512600510484975,16,0.25099053235483171,69,0.33230750110220958,16,0.27738546551648186,69,0.36007136718759236,16,0.29477939658340874,69,0.37995594351160261,17.1000003814697,0.00095254741609096527,17.3000001907349,0.0012537144357338548,17.1000003814697,-3.926646604668349E-05,17.3000001907349,0.00075779022881761193,17.1000003814697,-0.00045324623351916671,17.3000001907349,0.00022114410239737481,17.1000003814697,-5.5169955885503441E-05,17.3000001907349,0.00025401476887054741
16.5,0.27049232452867267,68.5,0.34511011573081929,16.5,0.25107755993277514,68.5,0.33292614811292315,16.5,0.27758440795490913,68.5,0.36053447012935641,16.5,0.29486809682797555,68.5,0.38002400264215341,17.6000003814697,0.0010688796173781157,17.8000001907349,0.001342486240901053,17.6000003814697,0.000335326069034636,17.8000001907349,0.00074946583481505513,17.6000003814697,-0.00032468809513375163,17.8000001907349,0.00025518462643958628,17.6000003814697,-0.00010731759539339691,17.8000001907349,0.00025985349202528596
17,0.27093153016143723,68,0.34519393623904338,17,0.25091528851655032,68,0.33318578719159886,17,0.27748866789837023,68,0.36070691180460113,17,0.29487305556149035,68,0.38000730553818857,18.1000003814697,0.0013512587174773216,18.3000001907349,0.0014276630245149136,18.1000003814697,0.00045314390445128083,18.3000001907349,0.00073252338916063309,18.1000003814697,-0.00057199154980480671,18.3000001907349,0.00029826854006387293,18.1000003814697,1.0409160495328251E-05,18.3000001907349,0.00023362322826869786
17.5,0.2714874984351005,67.5,0.3454332774236164,17.5,0.25100798663974389,67.5,0.33298033749968109,17.5,0.27718814397048352,67.5,0.36067102925208916,17.5,0.294838998537011,67.5,0.37997122011742118,18.6000003814697,0.0020426134578883648,18.8000001907349,0.0016181844985112548,18.6000003814697,0.00047495090984739363,18.8000001907349,0.00070080329896882176,18.6000003814697,-0.0015843376750126481,18.8000001907349,0.00029987932066433132,18.6000003814697,0.00021644656953867525,18.8000001907349,0.00020394499006215483
18,0.27198943791332886,67,0.34534198631315616,18,0.25119132447926118,67,0.332844158534389,18,0.27714164272794078,67,0.36047431127045221,18,0.29477357422795175,67,0.37993937581685122,19.1000003814697,0.0025784824974834919,19.3000001907349,0.0018606737721711397,19.1000003814697,0.00045877744560129941,19.3000001907349,0.00079324934631586075,19.1000003814697,-0.0022323345765471458,19.3000001907349,0.00028195406775921583,19.1000003814697,0.00013446902448777109,19.3000001907349,0.00019109183631371707
18.5,0.272770536013362,66.5,0.34537456467002892,18.5,0.251434337713159,66.5,0.33283053178537331,18.5,0.27670044139715333,66.5,0.36036238029808981,18.5,0.29481948695000293,66.5,0.37985477041806792,19.6000003814697,0.0018567198421806097,19.8000001907349,0.0018706074915826321,19.6000003814697,0.00078377948375418782,19.8000001907349,0.0007347618811763823,19.6000003814697,-0.0016256570816040039,19.8000001907349,0.00027451058849692345,19.6000003814697,-0.000410575041314587,19.8000001907349,0.00019320275168865919
19,0.27386964762491928,66,0.34539685587553204,19,0.25167235795394405,66,0.33267484246881407,19,0.27575874991873905,66,0.36045424197263193,19,0.29494752950675457,66,0.37980141157842318,20.1000003814697,0.0012037835549563169,20.3000001907349,0.0019540623761713505,20.1000003814697,0.00099116098135709763,20.3000001907349,0.00076172791887074709,20.1000003814697,0.0005518733523786068,20.3000001907349,0.00029224582249298692,20.1000003814697,-0.00052314455388113856,20.3000001907349,0.00021147342340555042
19.5,0.27529616159544268,65.5,0.34545426071526913,19.5,0.25187689519004169,65.5,0.33265755615707815,19.5,0.274597913882492,65.5,0.36051917460773653,19.5,0.29499610497548945,65.5,0.37980584009932283,20.6000003814697,0.0007440824992954731,20.8000001907349,0.0021630802657455206,20.6000003814697,0.0011041517136618495,20.8000001907349,0.00104049826040864,20.6000003814697,0.0022059881594032049,20.8000001907349,0.00031258462695404887,20.6000003814697,-0.00023666156630497426,20.8000001907349,0.00028300590929575264
20,0.27584811323428565,65,0.3454039478038986,20,0.25240069167945983,65,0.33233519307359555,20,0.27395988334048732,65,0.3604676443080938,20,0.29463126559731689,65,0.37970419619860185,21.1000003814697,0.00081009964924305677,21.3000001907349,0.0022440894972532988,21.1000003814697,0.00087443779921159148,21.3000001907349,0.001097789267078042,21.1000003814697,0.0023664308246225119,21.3000001907349,0.0003304571146145463,21.1000003814697,-0.00024040215066634119,21.3000001907349,0.0003388526092749089
20.5,0.27662908523605495,64.5,0.34536033074561662,20.5,0.25282206294952286,64.5,0.33244052990698791,20.5,0.27472570572225136,64.5,0.36032638409543627,20.5,0.2944763022145121,64.5,0.37971922568238825,21.6000003814697,0.0021810054313391447,21.8000001907349,0.0023547559976577759,21.6000003814697,0.00012079818407073617,21.8000001907349,0.0010139665100723505,21.6000003814697,0.0022132741287350655,21.8000001907349,0.00034823513124138117,21.6000003814697,-0.00025627337163314223,21.8000001907349,0.00025499530602246523
21,0.2767081275270879,64,0.34538425457489941,21,0.25347609795504111,64,0.33227230436627647,21,0.27588605886881856,64,0.3602550432642263,21,0.29435864714573229,64,0.37967727949083713,22.1000003814697,0.0028453832492232323,22.3000001907349,0.0025767434854060411,22.1000003814697,4.8279512157023419E-06,22.3000001907349,0.00089919910533353686,22.1000003814697,0.00161352613940835,22.3000001907349,0.00032264395849779248,22.1000003814697,-0.00031806158949621022,22.3000001907349,0.00015671987785026431
21.5,0.27736239617678843,63.5,0.34539818293485525,21.5,0.2537757294054987,63.5,0.33223411832850941,21.5,0.27703126601337275,63.5,0.36021221626279132,21.5,0.29423134403560036,63.5,0.37991163380415971,22.6000003814697,0.0027733659371733665,22.8000001907349,0.0027402921114116907,22.6000003814697,0.00035597928217612207,22.8000001907349,0.00094568310305476189,22.6000003814697,0.00074276572559028864,22.8000001907349,0.00033956640982069075,22.6000003814697,-0.00033518855343572795,22.8000001907349,0.00019560189684852958
22,0.27864763866860015,63,0.34577625858910388,22,0.2537231357186106,63,0.33203740292223272,22,0.27812893256855181,63,0.36011804463254771,22,0.29410670022194163,63,0.37980843952496246,23.1000003814697,0.0031628129072487354,23.3000001907349,0.0028605449479073286,23.1000003814697,0.00055835896637290716,23.3000001907349,0.0013551999581977725,23.1000003814697,0.0002061104605672881,23.3000001907349,0.0004470634157769382,23.1000003814697,2.3589389002154348E-06,23.3000001907349,0.00038464818499051034
22.5,0.28011006726471521,62.5,0.34591796842054751,22.5,0.25379276182751859,62.5,0.33208947036807968,22.5,0.27877749885462211,62.5,0.36002768788898032,22.5,0.29393239091364104,62.5,0.37971051216841478,23.6000003814697,0.0033942065201699734,23.8000001907349,0.0027150872629135847,23.6000003814697,0.00031503185164183378,23.8000001907349,0.0015728367725387216,23.6000003814697,-0.00037428122595883906,23.8000001907349,0.00050029403064399958,23.6000003814697,0.00060202670283615589,23.8000001907349,0.00033812280162237585
23,0.28139977938750532,62,0.34576182819000745,23,0.25401081943916842,62,0.33211583341526646,23,0.27902246877850667,62,0.35992488267369305,23,0.29376856611532204,62,0.37966901643258982,24.1000003814697,0.0025874630082398653,24.3000001907349,0.0024954932741820812,24.1000003814697,0.00050576112698763609,24.3000001907349,0.0013777147978544235,24.1000003814697,-0.00050544994883239269,24.3000001907349,0.00046255244524218142,24.1000003814697,0.001159264356829226,24.3000001907349,0.00014519640535581857
23.5,0.28317688886973763,61.5,0.34570362361081453,23.5,0.25433852034944338,61.5,0.33208809233463432,23.5,0.27910756231868866,61.5,0.35978008868216965,23.5,0.29386194114703656,61.5,0.379622574847385,24.6000003814697,0.0019332935335114598,24.8000001907349,0.0026587967295199633,24.6000003814697,0.0011480683460831642,24.8000001907349,0.0013647697633132339,24.6000003814697,0.00030704287928529084,24.8000001907349,0.00037746236193925142,24.6000003814697,0.0016334252431988716,24.8000001907349,0.00019669574976433069
24,0.28479177326311994,61,0.3456708261702795,24,0.25436454833754407,61,0.33212847159746622,24,0.27877443081813952,61,0.35969650876420034,24,0.29425608525800395,61,0.3795114427386711,25.1000003814697,0.0022017788141965866,25.3000001907349,0.0027061067521572113,25.1000003814697,0.0010048092808574438,25.3000001907349,0.0015525296330451965,25.1000003814697,0.00075650587677955627,25.3000001907349,0.00035434341407381,25.1000003814697,0.0019057781901210546,25.3000001907349,0.0002389310539001599
24.5,0.28592339597954824,60.5,0.34547874242540955,24.5,0.25477043961905688,60.5,0.33189804657880928,24.5,0.27858990488331314,60.5,0.35962966324759893,24.5,0.29490985707850337,60.5,0.37934466828557689,25.6000003814697,0.0030589066445827484,25.8000001907349,0.0023663118481636047,25.6000003814697,0.00082070589996874332,25.8000001907349,0.0015872219810262322,25.6000003814697,0.00012578790483530611,25.8000001907349,0.00038185861194506288,25.6000003814697,0.0014344056835398078,25.8000001907349,0.00021076497796457261
25,0.286836114788885,60,0.34538182130687822,25,0.255423832597493,60,0.33191265561537547,25,0.27892279900025008,60,0.35954217211542705,25,0.29578185410943203,60,0.37910232145569545,26.1000003814697,0.0033457942772656679,26.3000001907349,0.0022043741773813963,26.1000003814697,0.0011743515497073531,26.3000001907349,0.0015455761458724737,26.1000003814697,-0.00057818496134132147,26.3000001907349,0.00036232313141226768,26.1000003814697,0.00038123878766782582,26.3000001907349,0.00018722566892392933
25.5,0.28805059945350076,59.5,0.34541721714921308,25.5,0.25580934389068072,59.5,0.3317947054099194,25.5,0.27929166626400453,59.5,0.35947827300800267,25.5,0.29677033066496161,59.5,0.37890887916946,26.6000003814697,0.0026570504996925592,26.8000001907349,0.0025770412757992744,26.6000003814697,0.0012357159284874797,26.8000001907349,0.0018667104886844754,26.6000003814697,-0.00010765739716589451,26.8000001907349,0.00045755054452456534,26.6000003814697,-0.00033000734401866794,26.8000001907349,0.000226232543354854
26,0.28973468451105328,59,0.34559270055313313,26,0.25624753050823473,59,0.33182029937074414,26,0.27918861711564352,59,0.35947133032058065,26,0.29732817286092494,59,0.37856640495839144,27.1000003814697,0.0015581526095047593,27.3000001907349,0.0029242262244224548,27.1000003814697,0.0011148545891046524,27.3000001907349,0.0024651861749589443,27.1000003814697,0.00099995557684451342,27.3000001907349,0.00057208293583244085,27.1000003814697,-0.00036232545971870422,27.3000001907349,0.0002361536753596738
26.5,0.2913574770381811,58.5,0.34532491364063611,26.5,0.25692874559403572,58.5,0.331677438635296,26.5,0.27882087984235321,58.5,0.35937280793753484,26.5,0.2973538596771953,58.5,0.37823004296086749,27.6000003814697,0.0011219050502404571,27.8000001907349,0.0028436623979359865,27.6000003814697,0.0012304744450375438,27.8000001907349,0.0027350462041795254,27.6000003814697,0.0014100769767537713,27.8000001907349,0.00058912119129672647,27.6000003814697,-0.00011075714428443462,27.8000001907349,0.00020015642803627998
27,0.29254185606600047,58,0.3453821220153897,27,0.257482988292958,58,0.3315495807172501,27,0.2789651285619501,58,0.35930625619473788,27,0.2971240801951463,58,0.37765801979696562,28.1000003814697,0.0018782733241096139,28.3000001907349,0.00277396896854043,28.1000003814697,0.0011331201530992985,28.3000001907349,0.0030617623124271631,28.1000003814697,0.00084294838597998023,28.3000001907349,0.0006545507931150496,28.1000003814697,0.00030568311922252178,28.3000001907349,0.0002689069660846144
27.5,0.29313124894068654,57.5,0.34541507142082895,27.5,0.25804669402725255,57.5,0.33175300304671318,27.5,0.27961482950031569,57.5,0.35922266164911892,27.5,0.29700443035406071,57.5,0.37714339048631451,28.6000003814697,0.0028666025027632713,28.8000001907349,0.0029633347876369953,28.6000003814697,0.0011381140211597085,28.8000001907349,0.0034929306712001562,28.6000003814697,0.0004681540303863585,28.8000001907349,0.00065721088321879506,28.6000003814697,0.0007852441631257534,28.8000001907349,0.00034222161048091948
28,0.29372020857276737,57,0.34540274370994484,28,0.25870488477642278,57,0.33165125516306243,28,0.28032567750515169,57,0.35926329238057569,28,0.29696559206281542,57,0.37643830833199365,29.1000003814697,0.0032860268838703632,29.3000001907349,0.0029365636873990297,29.1000003814697,0.001512536546215415,29.3000001907349,0.003556686220690608,29.1000003814697,0.00073213392170146108,29.3000001907349,0.00060432130703702569,29.1000003814697,0.0010900970082730055,29.3000001907349,0.00028113272855989635
28.5,0.29485830579253136,56.5,0.34538154165475582,28.5,0.25920321672191315,56.5,0.33143992438819969,28.5,0.28056476532179264,56.5,0.35922001167395834,28.5,0.29722430816760853,56.5,0.37550274538746475,29.6000003814697,0.00320178410038352,29.8000001907349,0.0027336794883012772,29.6000003814697,0.0017323970096185803,29.8000001907349,0.0034894284326583147,29.6000003814697,0.00035910392762161791,29.8000001907349,0.00070139934541657567,29.6000003814697,0.00090572662884369493,29.8000001907349,0.00020187092013657093
29,0.29640513943831176,56,0.34532873797079111,29,0.2598237368513005,56,0.33132465096651237,29,0.2808243159111431,56,0.35914522472247051,29,0.29765241193314224,56,0.3740412133694927,30.1000003814697,0.0031784903258085251,30.3000001907349,0.0027606845833361149,30.1000003814697,0.0018210260896012187,30.3000001907349,0.0037283529527485371,30.1000003814697,-7.82993811299093E-05,30.3000001907349,0.000824982300400734,30.1000003814697,5.934555156272836E-05,30.3000001907349,0.00019120794604532421
29.5,0.29807520809082105,55.5,0.345409196763621,29.5,0.26064963452748741,55.5,0.33148879275880022,29.5,0.28127666964288928,55.5,0.359151158814378,29.5,0.29825127041611338,55.5,0.37253481850502657,30.6000003814697,0.0026588388718664646,30.8000001907349,0.00287920911796391,30.6000003814697,0.0021985666826367378,30.8000001907349,0.004045452456921339,30.6000003814697,0.00061448820633813739,30.8000001907349,0.00080322643043473363,30.6000003814697,-0.00060654786648228765,30.8000001907349,0.000266423390712589
30,0.29959931539086643,55,0.34525337106869958,30,0.26152431883057509,55,0.33138842927124451,30,0.28128536840479734,55,0.35909754416654877,30,0.29861485035497271,55,0.37023335808066815,31.1000003814697,0.0015524998307228088,31.3000001907349,0.0028729764744639397,31.1000003814697,0.0025992738083004951,31.3000001907349,0.0039703389629721642,31.1000003814697,0.0011526223970577121,31.3000001907349,0.00082514836685732007,31.1000003814697,-0.00025809998624026775,31.3000001907349,0.00033228122629225254
30.5,0.30125535173541612,54.5,0.34528911141803603,30.5,0.26243941593435088,54.5,0.33125513376601723,30.5,0.28123133542359907,54.5,0.35892039978933238,30.5,0.29848666399712692,54.5,0.36778320214864008,31.6000003814697,0.0019233400234952569,31.8000001907349,0.0028766936156898737,31.6000003814697,0.0027279544156044722,31.8000001907349,0.0040758722461760044,31.6000003814697,0.0012344472343102098,31.8000001907349,0.00097648089285939932,31.6000003814697,0.00039594582631252706,31.8000001907349,0.00025800627190619707
31,0.30241821335476865,54,0.34516702749970879,31,0.26364390394256737,54,0.33136539110547758,31,0.281775906903461,54,0.35877840036522779,31,0.29811234819850568,54,0.36458621633922828,32.1000003814697,0.0032306469511240721,32.3000001907349,0.0029155765660107136,32.1000003814697,0.0027449578046798706,32.3000001907349,0.0043384390883147717,32.1000003814697,0.0011071624467149377,32.3000001907349,0.0011366454418748617,32.1000003814697,0.0003415850515011698,32.3000001907349,0.00019901321502402425
31.5,0.30298397756210538,53.5,0.34490956426551889,31.5,0.26496787717664733,53.5,0.33132296232432767,31.5,0.28229291609356677,53.5,0.35867814536528542,31.5,0.29814371579826482,53.5,0.36079549731409088,32.6000003814697,0.0036833416670560837,32.8000001907349,0.0029503693804144859,32.6000003814697,0.0029353678692132235,32.8000001907349,0.0042376439087092876,32.6000003814697,0.00047066816478036344,32.8000001907349,0.0012145370710641146,32.6000003814697,0.00036009561154060066,32.8000001907349,0.00023489841260015965
32,0.3042327832671089,53,0.34486462713020793,32,0.26634876923875922,53,0.3313364978808086,32,0.28297562790622888,53,0.35851080234084481,32,0.29841785481542155,53,0.35691310790931224,33.1000003814697,0.0029788236133754253,33.3000001907349,0.0030337006319314241,33.1000003814697,0.0035835199523717165,33.3000001907349,0.0043264860287308693,33.1000003814697,0.00052552158012986183,33.3000001907349,0.0013127624988555908,33.1000003814697,0.00056365982163697481,33.3000001907349,0.00024719297653064132
32.5,0.30597907275435793,52.5,0.34477783426891562,32.5,0.26771308322803739,52.5,0.33106556850454427,32.5,0.28345997792512634,52.5,0.35837668572937914,32.5,0.29848737509228862,52.5,0.35207221123310967,33.6000003814697,0.0020857558120042086,33.8000001907349,0.0029238390270620584,33.6000003814697,0.0040846238844096661,33.8000001907349,0.0045027262531220913,33.6000003814697,0.0012516576098278165,33.8000001907349,0.0015742793912068009,33.6000003814697,0.00046358970575965941,33.8000001907349,0.00023386330576613545
33,0.30785016007820482,52,0.34467335856334064,33,0.26922793755382485,52,0.33096270906927411,33,0.28355548715242984,52,0.35817531577232153,33,0.29875661402223325,52,0.34739645492063431,34.1000003814697,0.0024607137311249971,34.3000001907349,0.0028302471619099379,34.1000003814697,0.0039528398774564266,34.3000001907349,0.0043714032508432865,34.1000003814697,0.0014568818733096123,34.3000001907349,0.0019056606106460094,34.1000003814697,0.00032901979284361005,34.3000001907349,0.00027478227275423706
33.5,0.30911885861418081,51.5,0.34441081849153915,33.5,0.27116294838570942,51.5,0.33071158072930668,33.5,0.28394455529741941,51.5,0.35805747716245856,33.5,0.29902627089671474,51.5,0.34274527618265049,34.6000003814697,0.00317050376906991,34.8000001907349,0.0028120416682213545,34.6000003814697,0.0039201490581035614,34.8000001907349,0.0042903372086584568,34.6000003814697,0.0010964549146592617,34.8000001907349,0.0022203349508345127,34.6000003814697,0.00023265813069883734,34.8000001907349,0.00031390204094350338
34,0.3100673393668219,51,0.3443872394224155,34,0.27323977381613324,51,0.33063826457479156,34,0.28468113797064259,51,0.35791845899425107,34,0.29923623314210523,51,0.33784210420827365,35.1000003814697,0.00295659271068871,35.3000001907349,0.0027683330699801445,35.1000003814697,0.004146843682974577,35.3000001907349,0.00427265465259552,35.1000003814697,0.001112733967602253,35.3000001907349,0.00257905968464911,35.1000003814697,0.00034514546860009432,35.3000001907349,0.00026691221864894032
34.5,0.31148669326801021,50.5,0.34414018498811944,34.5,0.27513385555978814,50.5,0.33063393064358904,34.5,0.28538399103301787,50.5,0.35783608676252249,34.5,0.29938568332517,50.5,0.33352742316304645,35.6000003814697,0.0026018712669610977,35.8000001907349,0.0026535827200859785,35.6000003814697,0.0042976797558367252,35.8000001907349,0.0041942265816032887,35.6000003814697,0.0018955980194732547,35.8000001907349,0.0030599613673985004,35.6000003814697,0.00039109497447498143,35.8000001907349,0.00025638160877861083
35,0.31313942481433804,50,0.344113753678997,35,0.27715214390783022,50,0.33048076295361872,35,0.28584602805036774,50,0.35760087423028886,35,0.29947879795673055,50,0.32992909239175128,36.1000003814697,0.0026833328884094954,36.3000001907349,0.0024428302422165871,36.1000003814697,0.00459299935027957,36.3000001907349,0.0042092008516192436,36.1000003814697,0.0022651855833828449,36.3000001907349,0.0037426585331559181,36.1000003814697,0.00024252088041976094,36.3000001907349,0.00043363237637095153
35.5,0.31448779968409357,49.5,0.34413615304834588,35.5,0.27924891085729892,49.5,0.33035687358389987,35.5,0.28645699194838331,49.5,0.35743815561431996,35.5,0.2997086543965512,49.5,0.32659193524059138,36.6000003814697,0.002799678361043334,36.8000001907349,0.0023687316570430994,36.6000003814697,0.0046650026924908161,36.8000001907349,0.0041822134517133236,36.6000003814697,0.0020809776615351439,36.8000001907349,0.0045347157865762711,36.6000003814697,0.00024047232000157237,36.8000001907349,0.00045763779780827463
36,0.31579204401493549,49,0.34391918005355776,36,0.2814077388943943,49,0.33020852430083952,36,0.28759822885514585,49,0.35710425648790706,36,0.29987280064875194,49,0.32374998123221427,37.1000003814697,0.0024823984131217003,37.3000001907349,0.0023211517836898565,37.1000003814697,0.0043872441165149212,37.3000001907349,0.0039306082762777805,37.1000003814697,0.0025895519647747278,37.3000001907349,0.0051123173907399178,37.1000003814697,0.000309034890960902,37.3000001907349,0.000234501640079543
36.5,0.31714644081854881,48.5,0.34381089744152771,36.5,0.283783214877428,48.5,0.33008016049567207,36.5,0.28868726311310311,48.5,0.3568813136244024,36.5,0.29997214773431163,48.5,0.32153389680228694,37.6000003814697,0.0024466086179018021,37.8000001907349,0.0020331782288849354,37.6000003814697,0.0044293096289038658,37.8000001907349,0.0038222128059715033,37.6000003814697,0.0031686215661466122,37.8000001907349,0.0058842548169195652,37.6000003814697,0.00046571082202717662,37.8000001907349,0.00024758710060268641
37,0.31859723857229771,48,0.34365966317823748,37,0.28607779455386628,48,0.32992974103878125,37,0.28967760524581471,48,0.35655845076655651,37,0.30011611975842628,48,0.31978109918693,38.1000003814697,0.0024638264440000057,38.3000001907349,0.0017143773147836328,38.1000003814697,0.0047805714420974255,38.3000001907349,0.0037089930847287178,38.1000003814697,0.0036721986252814531,38.3000001907349,0.0067807617597281933,38.1000003814697,0.00046664441470056772,38.3000001907349,0.00043577677570283413
37.5,0.31967463339916152,47.5,0.34357321658835765,37.5,0.28821450605531074,47.5,0.32980455916085283,37.5,0.29117879352548393,47.5,0.35626993762868442,37.5,0.30026208031955071,47.5,0.31804460205961022,38.6000003814697,0.002292553661391139,38.8000001907349,0.0015128690283745527,38.6000003814697,0.0049513108097016811,38.8000001907349,0.0031960955820977688,38.6000003814697,0.0046880021691322327,38.8000001907349,0.0072540012188255787,38.6000003814697,0.00022802942839916795,38.8000001907349,0.00048378531937487423
38,0.32104611540100564,47,0.343575328198487,38,0.29048738011685576,47,0.3297340398080274,38,0.29275399473871411,47,0.35586089599499321,38,0.30055060070062845,47,0.31675896903703871,39.1000003814697,0.0023099675308912992,39.3000001907349,0.0013501284411177039,39.1000003814697,0.0046766931191086769,39.3000001907349,0.0029012104496359825,39.1000003814697,0.0053389184176921844,39.3000001907349,0.00781446322798729,39.1000003814697,0.00025838226429186761,39.3000001907349,0.00040519647882319987
38.5,0.32215137752413425,46.5,0.34341017496118947,38.5,0.292925322357955,46.5,0.32950264688055103,38.5,0.29471774659271821,46.5,0.35530168384264627,38.5,0.30074359504051107,46.5,0.31576913459064526,39.6000003814697,0.0021993573755025864,39.8000001907349,0.0012420422863215208,39.6000003814697,0.0045042163692414761,39.8000001907349,0.0028639060910791159,39.6000003814697,0.0057215001434087753,39.8000001907349,0.0082210628315806389,39.6000003814697,0.00041599458199925721,39.8000001907349,0.00041160962427966297
39,0.3233572442317843,46,0.34324902587924139,39,0.29542335266953196,46,0.32940425780833837,39,0.29725312241068774,46,0.35460450805708355,39,0.30081451566968109,46,0.31494006410949338,40.1000003814697,0.0019562747329473495,40.3000001907349,0.0009613309521228075,40.1000003814697,0.0044815633445978165,40.3000001907349,0.0026337297167629004,40.1000003814697,0.0066531701013445854,40.3000001907349,0.00834451150149107,40.1000003814697,0.00037091883132234216,40.3000001907349,0.00052036589477211237
39.5,0.32446465393756962,45.5,0.34314432023465052,39.5,0.29764904253658725,45.5,0.3291974739775273,39.5,0.29995031359568003,45.5,0.35372495710624458,39.5,0.30098894833701773,45.5,0.31411532960558208,40.6000003814697,0.0014344672672450542,40.8000001907349,0.00066907325526699424,40.6000003814697,0.0043143280781805515,40.8000001907349,0.0021355738863348961,40.6000003814697,0.0072411964647471905,40.8000001907349,0.0080230571329593658,40.6000003814697,0.00034494826104491949,40.8000001907349,0.00056265440071001649
40,0.32557175756157186,45,0.34305110273926903,40,0.29995079094692279,45,0.32895448840327551,40,0.30286049028001921,45,0.35260663698779282,40,0.30121035090773657,45,0.31349975376137496,41.1000003814697,0.0013282611034810543,41.3000001907349,0.0007153227343223989,41.1000003814697,0.0042487015016376972,41.3000001907349,0.0016917100874707103,41.1000003814697,0.00738503597676754,41.3000001907349,0.0075983698479831219,41.1000003814697,0.00052177236648276448,41.3000001907349,0.00059645884903147817
40.5,0.32649073179921373,44.5,0.3427410778829979,40.5,0.30214943756888135,44.5,0.3286338252945028,40.5,0.30642530150916686,44.5,0.35134123865930317,40.5,0.30137111855572724,44.5,0.31290181393080113,41.6000003814697,0.0013558738864958286,41.8000001907349,0.00062227965099737048,41.6000003814697,0.0038665891624987125,41.8000001907349,0.001500695594586432,41.6000003814697,0.0079583460465073586,41.8000001907349,0.00708990590646863,41.6000003814697,0.00056932528968900442,41.8000001907349,0.000640054524410516
41,0.32709214916710483,44,0.34265102329501168,41,0.30428158506573622,44,0.32836112572021675,41,0.31001359045098259,44,0.34970768024308313,41,0.30154867307461308,44,0.31241368687654775,42.1000003814697,0.0011798336636275053,42.3000001907349,0.00045632911496795714,42.1000003814697,0.0035677405539900064,42.3000001907349,0.001220785896293819,42.1000003814697,0.007940683513879776,42.3000001907349,0.0061691408045589924,42.1000003814697,0.00042887200834229589,42.3000001907349,0.00068720633862540126
41.5,0.32783440091974347,43.5,0.34260857581521303,41.5,0.30642819871412641,43.5,0.32807110258673222,41.5,0.313737764952425,43.5,0.34764787212161141,41.5,0.30186077610522627,43.5,0.31198940151649923,42.6000003814697,0.0011477295774966478,42.8000001907349,0.0005463596316985786,42.6000003814697,0.0033393986523151398,42.8000001907349,0.00097052933415398,42.6000003814697,0.0074477894231677055,42.8000001907349,0.0054680090397596359,42.6000003814697,0.00042041807319037616,42.8000001907349,0.00081136636435985565
42,0.32846063196933739,43,0.342396720459062,42,0.30821983066038461,43,0.32761930430805852,42,0.31787369771373869,43,0.34528831760715029,42,0.3021181665056073,43,0.3115286780278696,43.1000003814697,0.00087839941261336207,43.3000001907349,0.00038512237370014191,43.1000003814697,0.0026725584175437689,43.3000001907349,0.00081075786147266626,43.1000003814697,0.0072077494114637375,43.3000001907349,0.0047594737261533737,43.1000003814697,0.00053515640320256352,43.3000001907349,0.00088212155969813466
42.5,0.32903267740504089,42.5,0.34204964951814315,42.5,0.31003855229761951,42.5,0.32715845408111516,42.5,0.32170110322366768,42.5,0.34239901209291412,42.5,0.30231167667977177,42.5,0.311129697193953,43.6000003814697,0.000614442746154964,43.8000001907349,0.00013009631948079914,43.6000003814697,0.0023388429544866085,43.8000001907349,0.00061393965734168887,43.6000003814697,0.0066927261650562286,43.8000001907349,0.0039837057702243328,43.6000003814697,0.00065781577723100781,43.8000001907349,0.00088668597163632512
43,0.32962580681358084,42,0.34194195931483012,43,0.31163413403400125,42,0.32653250651413557,43,0.3253901463322405,42,0.3394898968451705,43,0.30253767193902076,42,0.31080594496062319,44.1000003814697,0.00067014491651207209,44.3000001907349,0.00029353154241107404,44.1000003814697,0.0022896220907568932,44.3000001907349,0.00057315954472869635,44.1000003814697,0.0060986513271927834,44.3000001907349,0.0031933640129864216,44.1000003814697,0.00067623401992022991,44.3000001907349,0.0010114756878465414
43.5,0.32997100675002683,41.5,0.34152236058377611,43.5,0.31283152658577829,41.5,0.32572580795960548,43.5,0.32896944673090567,41.5,0.33562099893378661,43.5,0.30282348123928488,41.5,0.31047319224655012,44.6000003814697,0.00058918452123180032,44.8000001907349,0.00044045303366146982,44.6000003814697,0.0020278631709516048,44.8000001907349,0.00058797438396140933,44.6000003814697,0.0055198227055370808,44.8000001907349,0.0025582630187273026,44.6000003814697,0.00062390661332756281,44.8000001907349,0.0011556820245459676
44,0.33027454469529982,41,0.34119553529077651,44,0.31402604307011273,41,0.32494629400447705,44,0.33218638964219283,41,0.33206059132739169,44,0.30317341636140072,41,0.31018625036925346,45.1000003814697,0.00049937271978706121,45.3000001907349,0.00026662443997338414,45.1000003814697,0.0017945715226233006,45.3000001907349,0.00050400383770465851,45.1000003814697,0.0046448861248791218,45.3000001907349,0.0021471134386956692,45.1000003814697,0.00066875899210572243,45.3000001907349,0.0013442995259538293
44.5,0.33064147786415626,40.5,0.34088676419290781,44.5,0.31514739145442705,40.5,0.32379694963296873,44.5,0.33517478082855334,40.5,0.32781858865305141,44.5,0.3034996895496021,40.5,0.30990854030425297,45.6000003814697,0.000453591113910079,45.8000001907349,0.00022121382062323391,45.6000003814697,0.0015246069524437189,45.8000001907349,0.00034813868114724755,45.6000003814697,0.0038597562815994024,45.8000001907349,0.0017374568851664662,45.6000003814697,0.00080067734234035015,45.8000001907349,0.00157413340639323
45,0.330880705112184,40,0.34037426753640859,45,0.31610149737534293,40,0.32248499975838668,45,0.3378360987530466,40,0.323765131586245,45,0.30380463561015031,40,0.30963101223527528,46.1000003814697,0.00026026536943390965,46.3000001907349,0.00032499307417310774,46.1000003814697,0.0010896035237237811,46.3000001907349,0.00031390588264912367,46.1000003814697,0.0033725351095199585,46.3000001907349,0.001374582527205348,46.1000003814697,0.00090641318820416927,46.3000001907349,0.0017269450472667813
45.5,0.33115142369731609,39.5,0.33971269980137342,45.5,0.31698471577231635,39.5,0.32099402417391115,45.5,0.3399944437489818,39.5,0.31956139897605407,45.5,0.30415702503572123,39.5,0.30945767917519978,46.6000003814697,0.00020462398242671043,46.8000001907349,0.0002348043053643778,46.6000003814697,0.00082727306289598346,46.8000001907349,0.00032439286587759852,46.6000003814697,0.00285156536847353,46.8000001907349,0.0010796168353408575,46.6000003814697,0.00095284456619992852,46.8000001907349,0.00204440183006227
46,0.3313540390528002,39,0.33908226459237295,46,0.31769052068074644,39,0.319590983398099,46,0.34183969044618728,39,0.3157146305335306,46,0.30457974303838348,39,0.30924526071007347,47.1000003814697,0.00032970277243293822,47.3000001907349,8.6975407612044364E-05,47.1000003814697,0.00082366954302415252,47.3000001907349,0.00022479722974821925,47.1000003814697,0.0023613844532519579,47.3000001907349,0.00078621989814564586,47.1000003814697,0.0010843154741451144,47.3000001907349,0.002732075285166502
46.5,0.33144725726145963,38.5,0.33826250863913609,46.5,0.31815889485179139,38.5,0.31800127202665252,46.5,0.34347292482697217,38.5,0.3121631866486293,46.5,0.30504721105989968,38.5,0.30899782302567808,47.6000003814697,0.00038846945972181857,47.8000001907349,0.00017402340017724782,47.6000003814697,0.00071755802491679788,47.8000001907349,0.00023890574811957777,47.6000003814697,0.0018151109106838703,47.8000001907349,0.00063148530898615718,47.6000003814697,0.0012517133727669716,47.8000001907349,0.0033198199234902859
47,0.33156320384714416,38,0.33745701314662224,47,0.318559444438467,38,0.31602645818743685,47,0.34479360470795684,38,0.30867347273791823,47,0.30551915842954469,38,0.30876716855866326,48.1000003814697,0.00031184981344267726,48.3000001907349,0.00025515950983390212,48.1000003814697,0.00052996148588135839,48.3000001907349,0.00028315023519098759,48.1000003814697,0.0012257919879630208,48.3000001907349,0.00056299922289326787,48.1000003814697,0.0015243985690176487,48.3000001907349,0.0037152622826397419
47.5,0.33175345773143977,37.5,0.336377311806222,47.5,0.31898993521107111,37.5,0.31419404644092946,47.5,0.34593106169230253,37.5,0.30590109190775211,47.5,0.30610781400922693,37.5,0.30866721386331247,48.6000003814697,0.00035611281055025756,48.8000001907349,0.00031567536643706262,48.6000003814697,0.0005084348376840353,48.8000001907349,0.00027813171618618071,48.6000003814697,0.0012086121132597327,48.8000001907349,0.00055444642202928662,48.6000003814697,0.001894783228635788,48.8000001907349,0.0045785466209053993
48,0.33195006375045377,37,0.33521641514868894,48,0.31930533476532985,37,0.31219373864307892,48,0.34673659459942324,37,0.3033258610042901,48,0.30673736961534165,37,0.30858563016241131,49.1000003814697,0.00017746613593772054,49.3000001907349,0.00026592705398797989,49.1000003814697,0.00052201468497514725,49.3000001907349,0.00027325941482558846,49.1000003814697,0.0010878898901864886,49.3000001907349,0.00052930437959730625,49.1000003814697,0.0021513227839022875,49.3000001907349,0.0057650245726108551
48.5,0.33206537169485412,36.5,0.33401181157481996,48.5,0.31954996393531615,36.5,0.31008186872941795,48.5,0.34724806460975288,36.5,0.3010841291321838,48.5,0.30757222827952424,36.5,0.3082814572099421,49.6000003814697,0.0001274430105695501,49.8000001907349,3.8239606510614976E-05,49.6000003814697,0.00047359807649627328,49.8000001907349,0.00028694755746982992,49.6000003814697,0.00063274014974012971,49.8000001907349,0.00043813587399199605,49.6000003814697,0.0024832040071487427,49.8000001907349,0.0066351359710097313
49,0.33231148820683531,36,0.33283915788584062,49,0.31981714291769137,36,0.30797463282243032,49,0.34795140123969992,36,0.29926977267929666,49,0.30856576549007686,36,0.30809472942700261,50.1000003814697,0.00031124067027121782,50.3000001907349,0.00016226861043833196,50.1000003814697,0.00049014779506251216,50.3000001907349,0.00020964494615327567,50.1000003814697,0.00063137221150100231,50.3000001907349,0.000350085407262668,50.1000003814697,0.0031491520348936319,50.3000001907349,0.0074745276942849159
49.5,0.33227747108527561,35.5,0.33143100742033638,49.5,0.3200756806407038,35.5,0.30590600950971247,49.5,0.3483886612052195,35.5,0.29777511496757242,49.5,0.30967786320067853,35.5,0.30798415463415607,50.6000003814697,0.00025595756596885622,50.8000001907349,0.0002880943357013166,50.6000003814697,0.00038104498526081443,50.8000001907349,7.4279130785726011E-05,50.6000003814697,0.0005499777034856379,50.8000001907349,0.000247758551267907,50.6000003814697,0.003769533708691597,50.8000001907349,0.0087709305807948112
50,0.33243299949049288,35,0.33010480789221675,50,0.32029290246317565,35,0.30372766088269959,50,0.34864641908287686,35,0.29650952628795313,50,0.3109674281664348,35,0.30784547358108216,51.1000003814697,0.00025452091358602047,51.3000001907349,0.000272161269094795,51.1000003814697,0.00029015153995715082,51.3000001907349,0.00022567558335140347,51.1000003814697,0.00048913637874647975,51.3000001907349,0.00023120432160794735,51.1000003814697,0.0045220735482871532,51.3000001907349,0.0095406994223594666
50.5,0.33256891248349252,34.5,0.32863851296455637,50.5,0.3205682620479276,34.5,0.30160829731574312,50.5,0.349031289330674,34.5,0.29541790729364836,50.5,0.31270593822119747,34.5,0.30767573834121775,51.6000003814697,0.00026799453189596534,51.8000001907349,0.0003559608303476125,51.6000003814697,0.00045819033402949572,51.8000001907349,0.0003576281014829874,51.6000003814697,0.00059871835401281714,51.8000001907349,0.00029708290821872652,51.6000003814697,0.0054766298271715641,51.8000001907349,0.009413781575858593
51,0.332693932621187,34,0.32727194734374904,51,0.32070096583621832,34,0.29942944979520858,51,0.34921789374925982,34,0.29447437982196917,51,0.31461262855645522,34,0.3075485908887915,52.1000003814697,0.00030000050901435316,52.3000001907349,0.00026705607888288796,52.1000003814697,0.00051432015607133508,52.3000001907349,0.000380137498723343,52.1000003814697,0.00043834652751684189,52.3000001907349,0.00033707745024003088,52.1000003814697,0.0065778177231550217,52.3000001907349,0.009511265903711319
51.5,0.33282406167012435,33.5,0.32578962929520922,51.5,0.320863065165973,33.5,0.29712060414750935,51.5,0.34951742039913397,33.5,0.29370556420597621,51.5,0.317075864839273,33.5,0.30743583576692884,52.6000003814697,0.00030911076464690268,52.8000001907349,0.0001247772597707808,52.6000003814697,0.00034217309439554811,52.8000001907349,0.00032424207893200219,52.6000003814697,0.00025183855905197561,52.8000001907349,0.00031840751762501895,52.6000003814697,0.0076086297631263733,52.8000001907349,0.00913185253739357
52,0.3329589640948783,33,0.32423518673298546,52,0.32112846384462268,33,0.29499673770356882,52,0.34980828642515627,33,0.29307825679371124,52,0.319895254398852,33,0.30730787271766075,53.1000003814697,0.00019383433391340077,53.3000001907349,0.00022813740361016244,53.1000003814697,0.00022582452220376581,53.3000001907349,0.00011458918743301183,53.1000003814697,0.00023816159227862954,53.3000001907349,0.00028027984080836177,53.1000003814697,0.008269372396171093,53.3000001907349,0.008073822595179081
52.5,0.33311445248714239,32.5,0.32281984391523089,52.5,0.32137515834935226,32.5,0.29293156153952471,52.5,0.34998906865623514,32.5,0.29246189955887014,52.5,0.323431106153819,32.5,0.30718551306854064,53.6000003814697,0.00025639828527346253,53.8000001907349,0.0003919584269169718,53.6000003814697,0.00030416468507610261,53.8000001907349,-5.6683991715544835E-05,53.6000003814697,0.00028369837673380971,53.8000001907349,0.00024160069006029516,53.6000003814697,0.0086030261591076851,53.8000001907349,0.0073030637577176094
53,0.33327607140464777,32,0.32130605096166548,53,0.32150435482124745,32,0.29063695749915591,53,0.35009097336182349,32,0.29189703531738104,53,0.32729905081462285,32,0.3071006238207164,54.1000003814697,0.00040985373198054731,54.3000001907349,0.00019562033412512392,54.1000003814697,0.00029849671409465373,54.3000001907349,-3.7789795896969736E-05,54.1000003814697,0.00029349583201110363,54.3000001907349,0.00029809997067786753,54.1000003814697,0.0094638681039214134,54.3000001907349,0.0061825397424399853
53.5,0.33332485726926797,31.5,0.31992350497363137,53.5,0.3216140094578237,31.5,0.28872725021072471,53.5,0.35022894056973414,31.5,0.29141588931464579,53.5,0.33159376396948681,31.5,0.30696939865231559,54.6000003814697,0.00034889951348304749,54.8000001907349,9.2638336354866624E-05,54.6000003814697,0.00027082685846835375,54.8000001907349,0.00019223298295401037,54.6000003814697,0.00040537343011237681,54.8000001907349,0.00028660055249929428,54.6000003814697,0.00958883948624134,54.8000001907349,0.0050849807448685169
54,0.333513127563701,31,0.31844768006052604,54,0.32179880998291593,31,0.28671149890284559,54,0.3503720056497675,31,0.29101971099596563,54,0.3357875269947051,31,0.30677682455113486,55.1000003814697,0.0001918667257996276,55.3000001907349,0.00010431530245114118,55.1000003814697,0.0003378874680493027,55.3000001907349,5.7832268794300035E-05,55.1000003814697,0.00038954525371082127,55.3000001907349,0.00010679969273041934,55.1000003814697,0.0086872614920139313,55.3000001907349,0.004178192000836134
54.5,0.33371217149686933,30.5,0.31702847474038093,54.5,0.32191791707615153,30.5,0.28464209557662662,54.5,0.35051350512179491,30.5,0.29062621304793718,54.5,0.34089370403802594,30.5,0.30666841288000052,55.6000003814697,0.00016869275714270771,55.8000001907349,-3.0277419682533946E-06,55.6000003814697,0.000163978838827461,55.8000001907349,-0.0001117117571993731,55.6000003814697,6.8481633206829429E-05,55.8000001907349,4.3962991185253486E-05,55.6000003814697,0.0079442895948886871,55.8000001907349,0.0032700661104172468
55,0.33387756231693522,30,0.315627060520704,55,0.32206220569289012,30,0.28283950368444671,55,0.35075182541544264,30,0.29018248821353015,55,0.34538865755166293,30,0.3065670148883784,56.1000003814697,0.00028996897162869573,56.3000001907349,3.3909618650795892E-05,56.1000003814697,0.00021000074048060924,56.3000001907349,0.00019127766427118331,56.1000003814697,5.5421987781301141E-05,56.3000001907349,0.00011297551827738062,56.1000003814697,0.0070180012844502926,56.3000001907349,0.0026260495651513338
55.5,0.33393281398701463,29.5,0.31432480876387137,55.5,0.3222599120689133,29.5,0.2811074024149956,55.5,0.35092528429722381,29.5,0.2898622098881275,55.5,0.34972642375362034,29.5,0.30647585578101361,56.6000003814697,0.00026758431340567768,56.8000001907349,6.056346683180891E-05,56.6000003814697,0.00044865402742289007,56.8000001907349,0.00038454483728855848,56.6000003814697,0.00031718701939098537,56.8000001907349,4.4219330447958782E-05,56.6000003814697,0.006052057258784771,56.8000001907349,0.0019220475805923343
56,0.33404136313029908,29,0.31277922968141,56,0.32225501962068737,29,0.27932507422189129,56,0.35087389516673739,29,0.28956626533966495,56,0.35348962569097131,29,0.30632708513984219,57.1000003814697,0.00045271238195709884,57.3000001907349,3.4890308597823605E-06,57.1000003814697,0.00023566493473481387,57.3000001907349,4.6888773795217276E-05,57.1000003814697,0.0004563518741633743,57.3000001907349,9.7693346106098033E-06,57.1000003814697,0.0049108695238828659,57.3000001907349,0.0013369295047596097
56.5,0.3342141920115107,28.5,0.31130970634454141,56.5,0.32244280117623636,28.5,0.27753140417320787,56.5,0.35097307210399492,28.5,0.28922954945002877,56.5,0.35692221479572883,28.5,0.30614096296974397,57.6000003814697,0.00052660302026197314,57.8000001907349,-9.8344993602950126E-05,57.6000003814697,-2.4109518562909216E-05,57.8000001907349,-0.0001474165910622105,57.6000003814697,0.00047304591862484813,57.8000001907349,0.00011204090696992353,57.6000003814697,0.0038747831713408232,57.8000001907349,0.001125205191783607
57,0.33430135167885738,28,0.30995887964409724,57,0.322676462122857,28,0.27607469517500222,57,0.35114764093847189,28,0.28888634544674041,57,0.35974322139842391,28,0.3060168818007914,58.1000003814697,0.00014168878260534257,58.3000001907349,0.00010750048386398703,58.1000003814697,0.00011840328079415485,58.3000001907349,0.00016083424270618707,58.1000003814697,0.00030207689269445837,58.3000001907349,0.00017270699026994407,58.1000003814697,0.0031668189913034439,58.3000001907349,0.00098783406428992748
57.5,0.3346225906027025,27.5,0.30853306940430253,57.5,0.32272686358448105,27.5,0.274733561990665,57.5,0.35139854516259328,27.5,0.28863330347461313,57.5,0.362062184337316,27.5,0.30593403874982972,58.6000003814697,0.00011279617319814861,58.8000001907349,0.00018603831995278597,58.6000003814697,0.00026004336541518569,58.8000001907349,0.00019910895207431167,58.6000003814697,0.00037283869460225105,58.8000001907349,0.00013177920482121408,58.6000003814697,0.0026771491393446922,58.8000001907349,0.000765411532483995
58,0.33484155363515639,27,0.30701907610322415,58,0.32268624824685421,27,0.27342497974892171,58,0.35162889425133348,27,0.28829887938223481,58,0.36381966490444351,27,0.3057955807793788,59.1000003814697,0.00025897414889186621,59.3000001907349,-0.00013483785733114928,59.1000003814697,0.00016041564231272787,59.3000001907349,9.0161483967676759E-05,59.1000003814697,0.0006119295721873641,59.3000001907349,7.150819874368608E-05,59.1000003814697,0.0021547824144363403,59.3000001907349,0.000583029817789793
58.5,0.33482243365697489,26.5,0.30576680186260946,58.5,0.32281621652491455,26.5,0.27263540912072,58.5,0.35172768566001861,26.5,0.28811276585036216,58.5,0.36536652547191334,26.5,0.3056870672273192,59.6000003814697,0.00032485451083630323,59.8000001907349,-8.1316378782503307E-05,59.6000003814697,0.0002134069218300283,59.8000001907349,8.64051835378632E-05,59.6000003814697,0.00039547999040223658,59.8000001907349,0.00011925299622816965,59.6000003814697,0.0017072639893740416,59.8000001907349,0.000465641263872385
59,0.33495549056686669,26,0.30472884586978727,59,0.32293406866255092,26,0.27181466843089236,59,0.351971034093141,26,0.28792887054355282,59,0.36660338435839773,26,0.30560864631129453,60.1000003814697,0.00044259818969294429,60.3000001907349,0.00023016845807433128,60.1000003814697,0.00029621191788464785,60.3000001907349,0.00017788461991585791,60.1000003814697,0.00013250486517790705,60.3000001907349,0.00015901731967460364,60.1000003814697,0.001397256157360971,60.3000001907349,0.00042534581734798849
59.5,0.33506184282239632,25.5,0.30351668450711411,59.5,0.32298620120997318,25.5,0.27106393119116667,59.5,0.35231228033201523,25.5,0.28772625076981317,59.5,0.36762562034332891,25.5,0.3054807456271259,60.6000003814697,0.000496621651109308,60.8000001907349,0.00027694637537933886,60.6000003814697,0.000370239868061617,60.8000001907349,0.00022726155293639749,60.6000003814697,0.00021433016809169203,60.8000001907349,0.00014426112466026098,60.6000003814697,0.0013374271802604198,60.8000001907349,0.00033627400989644229
60,0.33526191858336846,25,0.30212556419790881,60,0.32313772414217962,25,0.27021750983799475,60,0.35241403274221178,25,0.28756207918577881,60,0.36840321451932978,25,0.30539011931621551,61.1000003814697,0.00054812635062262416,61.3000001907349,0.00012348179006949067,61.1000003814697,0.00040174470632337034,61.3000001907349,5.8559522585710511E-05,61.1000003814697,0.00027381198015064,61.3000001907349,0.00019760956638492644,61.1000003814697,0.001332942396402359,61.3000001907349,0.00019991167937405407
60.5,0.33548426766923062,24.5,0.30077408827295715,60.5,0.32326659842021827,24.5,0.26961994009200768,60.5,0.35248025956621704,24.5,0.28737333320194564,60.5,0.3690785228918303,24.5,0.30523265894831536,61.6000003814697,0.00062249827897176147,61.8000001907349,0.00018018536502495408,61.6000003814697,0.00030025708838365972,61.8000001907349,-9.2926302386331372E-06,61.6000003814697,0.00023317636805586517,61.8000001907349,0.00025119024212472141,61.6000003814697,0.0012823003344237804,61.8000001907349,0.00010029986151494086
61,0.33574761754830518,24,0.2996293690156433,61,0.32349048830643473,24,0.26890798334017768,61,0.35261612168486456,24,0.28712833377516489,61,0.36975525220225691,24,0.3052672074123513,62.1000003814697,0.00056757044512778521,62.3000001907349,0.00014937671949155629,62.1000003814697,0.00026856054319068789,62.3000001907349,-7.0540852902922779E-05,62.1000003814697,0.00025881748297251761,62.3000001907349,0.00021526729688048363,62.1000003814697,0.0010393342236056924,62.3000001907349,0.00010973272583214566
61.5,0.33601857710202143,23.5,0.29816713217308266,61.5,0.32366899080708816,23.5,0.26809139874454763,61.5,0.3527488330788533,23.5,0.28688401796680268,61.5,0.37040964400749843,23.5,0.30498300374121939,62.6000003814697,0.0003381943388376385,62.8000001907349,-0.00035001235664822161,62.6000003814697,0.00031317182583734393,62.8000001907349,4.8506724851904437E-05,62.6000003814697,0.00029510166496038437,62.8000001907349,0.00018881785217672586,62.6000003814697,0.00091490027261897922,62.8000001907349,0.00021515943808481097
62,0.33635317484470956,23,0.29677230208733757,62,0.3238069636371842,23,0.26739938431879706,62,0.35285335292669762,23,0.28664424879791572,62,0.37105847931999064,23,0.30484249470382441,63.1000003814697,0.00060981250135228038,63.3000001907349,-0.00050988671137019992,63.1000003814697,0.00048913300270214677,63.3000001907349,0.00021952942188363522,63.1000003814697,0.000264168280409649,63.3000001907349,0.00015613368304912,63.1000003814697,0.00080924713984131813,63.3000001907349,9.1445411953827715E-07
62.5,0.33661781407595115,22.5,0.29539028423725072,62.5,0.32394565524159258,22.5,0.26702839188808858,62.5,0.3530008208018644,22.5,0.28651002669260039,62.5,0.37149088568851896,22.5,0.30473237503877715,63.6000003814697,0.00074237235821783543,63.8000001907349,-0.00016494347073603421,63.6000003814697,0.00064828642643988132,63.8000001907349,0.00023722703917883337,63.6000003814697,0.0002880180545616895,63.8000001907349,0.00010952714364975691,63.6000003814697,0.00045298133045434952,63.8000001907349,-0.00021403511345852166
63,0.33671021258122852,22,0.29411366205173956,63,0.324107073733574,22,0.26651605808195639,63,0.35314588764375576,22,0.28632829407501853,63,0.37198998743415584,22,0.30468577258320845,64.1000003814697,0.00043712681508623064,64.3000001907349,1.4779691809962969E-05,64.1000003814697,0.0006944741471670568,64.3000001907349,9.8200602224096656E-05,64.1000003814697,0.00035315821878612041,64.3000001907349,0.00017696792201604694,64.1000003814697,0.00045148524804972112,64.3000001907349,-6.3555264205206186E-05
63.5,0.3371729610847935,21.5,0.29295377970873759,63.5,0.32439997550169036,21.5,0.266041840220668,63.5,0.35326913132290882,21.5,0.28616204010998614,63.5,0.372342471182274,21.5,0.30452786251038422,64.6000003814697,0.00053674634546041489,64.8000001907349,8.0648424045648426E-05,64.6000003814697,0.00065193942282348871,64.8000001907349,0.00013867871894035488,64.6000003814697,0.00038809466059319675,64.8000001907349,0.00022723586880601943,64.6000003814697,0.00062778423307463527,64.8000001907349,7.828683010302484E-05
64,0.33745619827558365,21,0.29184776333113444,64,0.32472595959866607,21,0.26546938119708391,64,0.35342670384535779,21,0.2859915257766521,64,0.37250110555063543,21,0.30435923935390591,65.1000003814697,0.00056122808018699288,65.3000001907349,4.2158910218859091E-05,65.1000003814697,0.00054126093164086342,65.3000001907349,0.00032163085415959358,65.1000003814697,0.00052365637384355068,65.3000001907349,7.5220108556095511E-05,65.1000003814697,0.00045366658014245331,65.3000001907349,0.00010213672067038715
64.5,0.33764394101936041,20.5,0.29073318806724319,64.5,0.32508502026333741,20.5,0.26492085871895871,64.5,0.35361483560159507,20.5,0.28584265276318149,64.5,0.37278263785160087,20.5,0.3042157723021171,65.6000003814697,0.00031837169080972672,65.8000001907349,-6.2292012444231659E-05,65.6000003814697,0.00038645672611892223,65.8000001907349,0.00024263007799163461,65.6000003814697,0.0005612726672552526,65.8000001907349,-0.00013564986875280738,65.6000003814697,0.00026070376043207943,65.8000001907349,5.843814869876951E-05
65,0.33797390634909352,20,0.2898051326973427,65,0.32538572752126549,20,0.26461622360499065,65,0.35380104106066368,20,0.28568989323411009,65,0.373110650695011,20,0.30412834523364857,66.1000003814697,0.00029658799758180976,66.3000001907349,-8.0171099398285151E-05,66.1000003814697,0.00031936346204020083,66.3000001907349,0.00016149735893122852,66.1000003814697,0.00039884442230686545,66.3000001907349,-8.3198043284937739E-05,66.1000003814697,0.00041615846566855907,66.3000001907349,0.00010425096843391657
65.5,0.33821740626907715,19.5,0.28887463206163794,65.5,0.32565071069704721,19.5,0.26422202559769348,65.5,0.35411100550175439,19.5,0.28556270201629635,65.5,0.37327696084937256,19.5,0.30401685615580393,66.6000003814697,0.0004042973741889,66.8000001907349,3.9397356886183843E-05,66.6000003814697,0.00040453052497468889,66.8000001907349,0.0001375332212774083,66.6000003814697,0.00035696965642273426,66.8000001907349,0.00022223230917006731,66.6000003814697,0.00040037947474047542,66.8000001907349,0.00013512594159692526
66,0.33833040981510243,19,0.28789740295359523,66,0.32580293158752172,19,0.26379646519559791,66,0.35436452105550137,19,0.28541502345889,66,0.37338964528453988,19,0.3039357914416409,67.1000003814697,0.00040250050369650126,67.3000001907349,-4.7153822379186749E-05,67.1000003814697,0.00051611079834401608,67.3000001907349,0.0003095748252235353,67.1000003814697,0.00051313871517777443,67.3000001907349,0.0003166395181324333,67.1000003814697,0.00018889860075432807,67.3000001907349,8.5800777014810592E-05
66.5,0.338513162225914,18.5,0.28715333089244144,66.5,0.32597902673326684,18.5,0.26350759723792144,66.5,0.35453915370059397,18.5,0.28526669801850807,66.5,0.37366876736478521,18.5,0.30382156142314226,67.6000003814697,0.00037514962605200708,67.8000001907349,-0.00029826143872924149,67.6000003814697,0.00060696463333442807,67.8000001907349,0.00018614159489516169,67.6000003814697,0.000610886316280812,67.8000001907349,4.3627922423183918E-05,67.6000003814697,0.00023958551173564047,67.8000001907349,6.5516287577338517E-05
67,0.3387200279489444,18,0.28642185669393638,67,0.32619305622266503,18,0.26308232764239586,67,0.35472212971668948,18,0.28511666733408658,67,0.37380730313747434,18,0.30371303583736931,68.1000003814697,0.00038936286000534892,68.3000001907349,-0.00017099299293477088,68.1000003814697,0.00047084919060580432,68.3000001907349,-0.00059547595446929336,68.1000003814697,0.000567127950489521,68.3000001907349,-0.00045995094114914536,68.1000003814697,0.00028804887551814318,68.3000001907349,-1.2073737707396504E-05
67.5,0.33891641863581412,17.5,0.28576232783905681,67.5,0.32646760401083691,17.5,0.26274867876180569,67.5,0.35502292794219181,17.5,0.28498183391607235,67.5,0.37388466979417212,17.5,0.30357341371492808,68.6000003814697,0.00043385490425862372,68.8000001907349,-4.0977516619022936E-05,68.6000003814697,0.00039670558180660009,68.8000001907349,-0.0010301388101652265,68.6000003814697,0.00060247391229495406,68.8000001907349,-0.00081623636651784182,68.6000003814697,0.00030541312298737466,68.8000001907349,-8.0132544098887593E-05
68,0.33909927124015155,17,0.28514622486776625,68,0.3267920510565217,17,0.26235333845421394,68,0.3553214166303611,17,0.28490116754104833,68,0.37403968986651814,17,0.30344705486893281,69.1000003814697,0.00042149933869950473,69.3000001907349,-0.00024435913655906916,69.1000003814697,0.00052106811199337244,69.3000001907349,-0.00065380160231143236,69.1000003814697,0.00062159780645743012,69.3000001907349,-0.00061526993522420526,69.1000003814697,0.00046057882718741894,69.3000001907349,-4.346823970990954E-06
68.5,0.33930085172243934,16.5,0.28452030032594278,68.5,0.32696565969624003,16.5,0.261975338954762,68.5,0.35559248419588463,16.5,0.28472288305070259,68.5,0.37416960352321776,16.5,0.30334684840451231,69.6000003814697,0.00037257932126522064,69.8000001907349,-0.0003355805529281497,69.6000003814697,0.00046905514318495989,69.8000001907349,-0.00018533808179199696,69.6000003814697,0.0005573927192017436,69.8000001907349,-0.0001757506252033636,69.6000003814697,0.000498066539876163,69.8000001907349,-6.8592620664276183E-05
69,0.33952603163638823,16,0.2839333176112514,69,0.32718986200169337,16,0.26181298043815632,69,0.35591584740984056,16,0.28459194724224035,69,0.37433223967811341,16,0.30323103268754936,70.1000003814697,0.00042217285954393446,70.3000001907349,-0.00028507373644970357,70.1000003814697,0.00049060757737606764,70.3000001907349,-8.7296743004117161E-05,70.1000003814697,0.00055621308274567127,70.3000001907349,6.0390782891772687E-05,70.1000003814697,0.00036360870581120253,70.3000001907349,-0.00027697545010596514
69.5,0.33972746156978928,15.5,0.28338179253087281,69.5,0.32747517191287046,15.5,0.26152069430271885,69.5,0.3562154658878946,15.5,0.28445099780290961,69.5,0.37460173453805962,15.5,0.30310458449057881,70.6000003814697,0.00062811031239107251,70.8000001907349,-0.00027608789969235659,70.6000003814697,0.000596102443523705,70.8000001907349,-3.8083428080426529E-05,70.6000003814697,0.00057227886281907558,70.8000001907349,0.00020586758910212666,70.6000003814697,0.00022254390933085233,70.8000001907349,-0.00017806778487283736
70,0.33990866383179108,15,0.28288913534609589,70,0.32766666398883743,15,0.26116852753615083,70,0.35648268658996096,15,0.28429785223683024,70,0.3748276830057638,15,0.30293769233742313,71.1000003814697,0.00067426118766888976,71.3000001907349,-0.00023898198560345918,71.1000003814697,0.0005676763248629868,71.3000001907349,9.5910094387363642E-05,71.1000003814697,0.000516493630129844,71.3000001907349,0.0002296817401656881,71.1000003814697,0.00020273268455639482,71.3000001907349,0.00010663740977179259
70.5,0.34013087206352466,14.5,0.28245152969126397,70.5,0.32795396999512016,14.5,0.26083023134764111,70.5,0.35676959668947583,14.5,0.28412843179084052,70.5,0.37499200708651376,14.5,0.30278490291063731,71.6000003814697,0.00057810550788417459,71.8000001907349,-0.00012725923443213105,71.6000003814697,0.0006428529741242528,71.8000001907349,5.9892598073929548E-05,71.6000003814697,0.0005322379874996841,71.8000001907349,0.00013252101780381054,71.6000003814697,0.00034568793489597738,71.8000001907349,-0.00046923142508603632
71,0.34050008500226286,14,0.28196675965211793,71,0.32825301432694526,14,0.26050920881871847,71,0.35705751664208268,14,0.28395516589762437,71,0.37507699389589277,14,0.30264735405591453,72.1000003814697,0.00068640831159427762,72.3000001907349,-0.00013061490608379245,72.1000003814697,0.00054682878544554114,72.3000001907349,-9.41385151236318E-05,72.1000003814697,0.00055945734493434429,72.3000001907349,0.00017477828077971935,72.1000003814697,0.00060833647148683667,72.3000001907349,-0.0012243816163390875
71.5,0.3408065728423863,13.5,0.28157713631878845,71.5,0.328516679683257,13.5,0.26025419216529072,71.5,0.35729322409137715,13.5,0.2838295711239911,71.5,0.37519766125822407,13.5,0.30260838793356465,72.6000003814697,0.00059702969156205654,72.8000001907349,-0.0002967249893117696,72.6000003814697,0.00029210495995357633,72.8000001907349,-0.00026289912057109177,72.6000003814697,0.0005794968456029892,72.8000001907349,9.3763461336493492E-05,72.6000003814697,0.00075260334415361285,72.8000001907349,-0.000517073436640203
72,0.34107999459439353,13,0.28117007272413469,72,0.32888244710156722,13,0.26004681988844325,72,0.35758686658430305,13,0.28368144395152917,72,0.3753908394556088,13,0.30243172495659221,73.1000003814697,0.00041162190609611571,73.3000001907349,-0.00062948232516646385,73.1000003814697,0.00059610483003780246,73.3000001907349,-0.00015006338071543723,73.1000003814697,0.0006116918521001935,73.3000001907349,-0.00014916335931047797,73.1000003814697,0.00051336642354726791,73.3000001907349,0.00043375926907174289
72.5,0.34147941081093047,12.5,0.28060906172159339,72.5,0.32910272219940623,12.5,0.259633509059257,72.5,0.35784894464258205,12.5,0.283522698873339,72.5,0.37574910143239071,12.5,0.30228039029830545,73.6000003814697,0.000443330907728523,73.8000001907349,-0.00077028945088386536,73.6000003814697,0.00096333364490419626,73.8000001907349,-7.9813515185378492E-05,73.6000003814697,0.00051999132847413421,73.8000001907349,-0.00023103039711713791,73.6000003814697,0.0004345463530626148,73.8000001907349,0.0013460891786962748
73,0.34170257954129,12,0.2802448001083116,73,0.32920260386691041,12,0.25933619371337063,73,0.35815794834981179,12,0.28337179954824737,73,0.37613256407243073,12,0.30220450814736732,,,,,,,,,,,,,,,,
73.5,0.34191583821529353,11.5,0.2798444494346784,73.5,0.32962806450630133,11.5,0.25924130939487039,73.5,0.35845948916311221,11.5,0.28323820545496003,73.5,0.37630517454558976,11.5,0.30201619368318283,,,,,,,,,,,,,,,,
74,0.34214617473289116,11,0.27947758949636992,74,0.33012152014272328,11,0.25898095766604595,74,0.35869587518779333,11,0.28304257109740771,74,0.37656645287687573,11,0.30197090519723874,,,,,,,,,,,,,,,,
74.5,0.34238047238241387,10.5,0.27908092973946697,74.5,0.33042558098776292,10.5,0.25890529007620516,74.5,0.35890299197832576,10.5,0.28288689692299118,74.5,0.37691110079968132,10.5,0.30180235657540816,,,,,,,,,,,,,,,,
74.699996948242188,0.34251249160336494,10.300000190734863,0.27894532156988855,74.699996948242188,0.33057398894193407,10.300000190734863,0.25883173507335705,74.699996948242188,0.35898327307428246,10.300000190734863,0.28284032613525795,74.699996948242188,0.37701867206452616,10.300000190734863,0.30175022509657484,,,,,,,,,,,,,,,,
