CSV Report,2023_08_03_DNA_MOPS_75_Na_salz.csv
Worksheet Type,Thermal

METHOD
X mode,nm
Y mode,Abs
Collect mode,Wavelength
Wavelengths (nm),260.00,400.00
Averaging Time (s),2
Spectral Bandwidth (nm),2
Detector module,Multicell Peltier UV-Vis
Zero,Off
Experiment Zones,1

Temperature Collection
Start (°C),21.0
Return (°C),21.0

Derivative
Lower limit (°C),-5
Upper limit (°C),110

Number of stages,5
Stage,Collect data,Data Interval (°C),Rate (°C/min),End (°C),Hold (min)
Stage 1,No,1.0,2.0,80.0,5.00
Stage 2,Yes,0.5,1.0,5.0,5.00
Stage 3,Yes,0.5,1.0,80.0,5.00
Stage 4,Yes,0.5,1.0,5.0,5.00
Stage 5,Yes,0.5,1.0,80.0,0.00

SAMPLES
Name,0_mM_Na(I)_MOPS_pH7.5_unentsalzen_260.00nm_80.0-5.0C,,0_mM_Na(I)_MOPS_pH7.5_unentsalzen_260.00nm_5.0-80.0C,,0_mM_Na(I)_MOPS_pH7.5_unentsalzen_260.00nm_80.0-5.0C_R1,,0_mM_Na(I)_MOPS_pH7.5_unentsalzen_260.00nm_5.0-80.0C_R1,,0_mM_Na(I)_MOPS_ph7.5_entsalzen_260.00nm_80.0-5.0C,,0_mM_Na(I)_MOPS_ph7.5_entsalzen_260.00nm_5.0-80.0C,,0_mM_Na(I)_MOPS_ph7.5_entsalzen_260.00nm_80.0-5.0C_R1,,0_mM_Na(I)_MOPS_ph7.5_entsalzen_260.00nm_5.0-80.0C_R1,,0_mM_unentsalzen_260.00nm_80.0-5.0C,,0_mM_unentsalzen_260.00nm_5.0-80.0C,,0_mM_unentsalzen_260.00nm_80.0-5.0C_R1,,0_mM_unentsalzen_260.00nm_5.0-80.0C_R1,,0_mM_entsalzen_260.00nm_80.0-5.0C,,0_mM_entsalzen_260.00nm_5.0-80.0C,,0_mM_entsalzen_260.00nm_80.0-5.0C_R1,,0_mM_entsalzen_260.00nm_5.0-80.0C_R1,,0_mM_Na(I)_MOPS_pH7.5_unentsalzen_400.00nm_80.0-5.0C,,0_mM_Na(I)_MOPS_pH7.5_unentsalzen_400.00nm_5.0-80.0C,,0_mM_Na(I)_MOPS_pH7.5_unentsalzen_400.00nm_80.0-5.0C_R1,,0_mM_Na(I)_MOPS_pH7.5_unentsalzen_400.00nm_5.0-80.0C_R1,,0_mM_Na(I)_MOPS_ph7.5_entsalzen_400.00nm_80.0-5.0C,,0_mM_Na(I)_MOPS_ph7.5_entsalzen_400.00nm_5.0-80.0C,,0_mM_Na(I)_MOPS_ph7.5_entsalzen_400.00nm_80.0-5.0C_R1,,0_mM_Na(I)_MOPS_ph7.5_entsalzen_400.00nm_5.0-80.0C_R1,,0_mM_unentsalzen_400.00nm_80.0-5.0C,,0_mM_unentsalzen_400.00nm_5.0-80.0C,,0_mM_unentsalzen_400.00nm_80.0-5.0C_R1,,0_mM_unentsalzen_400.00nm_5.0-80.0C_R1,,0_mM_entsalzen_400.00nm_80.0-5.0C,,0_mM_entsalzen_400.00nm_5.0-80.0C,,0_mM_entsalzen_400.00nm_80.0-5.0C_R1,,0_mM_entsalzen_400.00nm_5.0-80.0C_R1,
Collection Time,2023-08-03 10:47:27 (+02:00),,2023-08-03 10:47:27 (+02:00),,2023-08-03 10:47:27 (+02:00),,2023-08-03 10:47:27 (+02:00),,2023-08-03 10:47:27 (+02:00),,2023-08-03 10:47:27 (+02:00),,2023-08-03 10:47:27 (+02:00),,2023-08-03 10:47:27 (+02:00),,2023-08-03 10:47:27 (+02:00),,2023-08-03 10:47:27 (+02:00),,2023-08-03 10:47:27 (+02:00),,2023-08-03 10:47:27 (+02:00),,2023-08-03 10:47:27 (+02:00),,2023-08-03 10:47:27 (+02:00),,2023-08-03 10:47:27 (+02:00),,2023-08-03 10:47:27 (+02:00),,2023-08-03 10:47:27 (+02:00),,2023-08-03 10:47:27 (+02:00),,2023-08-03 10:47:27 (+02:00),,2023-08-03 10:47:27 (+02:00),,2023-08-03 10:47:27 (+02:00),,2023-08-03 10:47:27 (+02:00),,2023-08-03 10:47:27 (+02:00),,2023-08-03 10:47:27 (+02:00),,2023-08-03 10:47:27 (+02:00),,2023-08-03 10:47:27 (+02:00),,2023-08-03 10:47:27 (+02:00),,2023-08-03 10:47:27 (+02:00),,2023-08-03 10:47:27 (+02:00),,2023-08-03 10:47:27 (+02:00),,2023-08-03 10:47:27 (+02:00),,2023-08-03 10:47:27 (+02:00),
Cell Number,Cell 3,,Cell 3,,Cell 3,,Cell 3,,Cell 4,,Cell 4,,Cell 4,,Cell 4,,Cell 5,,Cell 5,,Cell 5,,Cell 5,,Cell 6,,Cell 6,,Cell 6,,Cell 6,,Cell 3,,Cell 3,,Cell 3,,Cell 3,,Cell 4,,Cell 4,,Cell 4,,Cell 4,,Cell 5,,Cell 5,,Cell 5,,Cell 5,,Cell 6,,Cell 6,,Cell 6,,Cell 6,
Module Serial Number,MY2226ZC01,,MY2226ZC01,,MY2226ZC01,,MY2226ZC01,,MY2226ZC01,,MY2226ZC01,,MY2226ZC01,,MY2226ZC01,,MY2226ZC01,,MY2226ZC01,,MY2226ZC01,,MY2226ZC01,,MY2226ZC01,,MY2226ZC01,,MY2226ZC01,,MY2226ZC01,,MY2226ZC01,,MY2226ZC01,,MY2226ZC01,,MY2226ZC01,,MY2226ZC01,,MY2226ZC01,,MY2226ZC01,,MY2226ZC01,,MY2226ZC01,,MY2226ZC01,,MY2226ZC01,,MY2226ZC01,,MY2226ZC01,,MY2226ZC01,,MY2226ZC01,,MY2226ZC01,
Instrument Serial Number,MY2228ZA03,,MY2228ZA03,,MY2228ZA03,,MY2228ZA03,,MY2228ZA03,,MY2228ZA03,,MY2228ZA03,,MY2228ZA03,,MY2228ZA03,,MY2228ZA03,,MY2228ZA03,,MY2228ZA03,,MY2228ZA03,,MY2228ZA03,,MY2228ZA03,,MY2228ZA03,,MY2228ZA03,,MY2228ZA03,,MY2228ZA03,,MY2228ZA03,,MY2228ZA03,,MY2228ZA03,,MY2228ZA03,,MY2228ZA03,,MY2228ZA03,,MY2228ZA03,,MY2228ZA03,,MY2228ZA03,,MY2228ZA03,,MY2228ZA03,,MY2228ZA03,,MY2228ZA03,
Instrument Name,MY2228ZA03,,MY2228ZA03,,MY2228ZA03,,MY2228ZA03,,MY2228ZA03,,MY2228ZA03,,MY2228ZA03,,MY2228ZA03,,MY2228ZA03,,MY2228ZA03,,MY2228ZA03,,MY2228ZA03,,MY2228ZA03,,MY2228ZA03,,MY2228ZA03,,MY2228ZA03,,MY2228ZA03,,MY2228ZA03,,MY2228ZA03,,MY2228ZA03,,MY2228ZA03,,MY2228ZA03,,MY2228ZA03,,MY2228ZA03,,MY2228ZA03,,MY2228ZA03,,MY2228ZA03,,MY2228ZA03,,MY2228ZA03,,MY2228ZA03,,MY2228ZA03,,MY2228ZA03,
,Temperature (°C),Abs,Temperature (°C),Abs,Temperature (°C),Abs,Temperature (°C),Abs,Temperature (°C),Abs,Temperature (°C),Abs,Temperature (°C),Abs,Temperature (°C),Abs,Temperature (°C),Abs,Temperature (°C),Abs,Temperature (°C),Abs,Temperature (°C),Abs,Temperature (°C),Abs,Temperature (°C),Abs,Temperature (°C),Abs,Temperature (°C),Abs,Temperature (°C),Abs,Temperature (°C),Abs,Temperature (°C),Abs,Temperature (°C),Abs,Temperature (°C),Abs,Temperature (°C),Abs,Temperature (°C),Abs,Temperature (°C),Abs,Temperature (°C),Abs,Temperature (°C),Abs,Temperature (°C),Abs,Temperature (°C),Abs,Temperature (°C),Abs,Temperature (°C),Abs,Temperature (°C),Abs,Temperature (°C),Abs
,80,0.168717972542547,5,0.189378852278025,,,,,80,0.218548665548097,5,0.226526646066507,,,,,80,0.181996622395247,5,0.194856285964813,,,,,80,0.20275215417865,5,0.21197343249617,,,,,80,-0.0375102242696298,5,0.020012540093932,,,,,80,-0.0228446638154787,5,0.0342824805516363,,,,,80,-0.0430996415229664,5,0.0129014116663075,,,,,80,-0.0402069869938593,5,0.0162183132254218,,,,
,79.5,0.153279918739702,5.5,0.190192293383528,,,,,79.5,0.202847754907798,5.5,0.227452254602496,,,,,79.5,0.166452724052004,5.5,0.195100524291515,,,,,79.5,0.187311462308359,5.5,0.212047831846744,,,,,79.5,-0.0506154996616065,5.5,0.0204789050357122,,,,,79.5,-0.0359739209025052,5.5,0.0348158412871457,,,,,79.5,-0.0562537949617427,5.5,0.0129865420605814,,,,,79.5,-0.0533953912541401,5.5,0.0161995710136906,,,,
,79,0.157714990954362,6,0.191392183385423,,,,,79,0.206902748048139,6,0.228831905790367,,,,,79,0.170719834325493,6,0.196562137090978,,,,,79,0.191714081266226,6,0.212642711416275,,,,,79,-0.0462688048431076,6,0.0212849368039036,,,,,79,-0.0316363183130794,6,0.0357649876484724,,,,,79,-0.0517588689561696,6,0.0139781227458644,,,,,79,-0.0489041577170971,6,0.0166768408045079,,,,
,78.5,0.166231918739143,6.5,0.19338858827709,,,,,78.5,0.214911742435896,6.5,0.231060415463404,,,,,78.5,0.179519133402127,6.5,0.200336343744881,,,,,78.5,0.200592076408944,6.5,0.213364730291428,,,,,78.5,-0.038417916033973,6.5,0.0226359981438766,,,,,78.5,-0.0237871989796581,6.5,0.0375430758051973,,,,,78.5,-0.0437027262688945,6.5,0.0168742539856332,,,,,78.5,-0.0408569785677645,6.5,0.0175350573196963,,,,
,78,0.190920622360191,7,0.196013476417262,,,,,78,0.239614344740394,7,0.233349571770126,,,,,78,0.201615346714875,7,0.20456046524513,,,,,78,0.222978324556928,7,0.214068245031296,,,,,78,-0.0174710254592286,7,0.0246208192728571,,,,,78,-0.00283840374365786,7,0.0394685100755388,,,,,78,-0.0239472082762013,7,0.019957632775614,,,,,78,-0.021086951275942,7,0.0181454773604976,,,,
,77.5,0.216261376806253,7.5,0.198815236673091,,,,,77.5,0.264674882227808,7.5,0.235698879729218,,,,,77.5,0.227878649056065,7.5,0.20854568798272,,,,,77.5,0.249162097488753,7.5,0.214692333294429,,,,,77.5,0.00196113426267235,7.5,0.0269127736795354,,,,,77.5,0.0165835767596524,7.5,0.041353809058953,,,,,77.5,-0.00368291711014823,7.5,0.0226639337624068,,,,,77.5,-0.00082773674272766,7.5,0.0185399800855989,,,,
,77,0.231952485872629,8,0.201972340063329,,,,,77,0.280165229369678,8,0.238181400971425,,,,,77,0.243320228569342,8,0.212468011259883,,,,,77,0.264637660316714,8,0.215245284836151,,,,,77,0.0137987522040724,8,0.0296329741221179,,,,,77,0.0284203676930855,8,0.043173935092239,,,,,77,0.00806370289236398,8,0.0252491269260336,,,,,77,0.0109173978400812,8,0.0188151952643764,,,,
,76.5,0.238935025478688,8.5,0.205228672658241,,,,,76.5,0.287130905291525,8.5,0.240499300029761,,,,,76.5,0.250658600503584,8.5,0.216160561333734,,,,,76.5,0.272011872088502,8.5,0.215778884932156,,,,,76.5,0.0181183456249744,8.5,0.0325136545193343,,,,,76.5,0.0327324883643946,8.5,0.0447225499618806,,,,,76.5,0.0125210339836261,8.5,0.0276667385427744,,,,,76.5,0.0153698563802931,8.5,0.0190261530086157,,,,
,76,0.240137982250458,9,0.208603917251336,,,,,76,0.288358531495898,9,0.242735932486388,,,,,76,0.251865085645048,9,0.219970692924327,,,,,76,0.273241645496019,9,0.216299251340688,,,,,76,0.0187498938373057,9,0.0354822575494832,,,,,76,0.0333468242079471,9,0.0461435470041604,,,,,76,0.0130775659680061,9,0.0301856016294726,,,,,76,0.0159301605923542,9,0.0191843204613414,,,,
,75.5,0.240224226811502,9.5,0.211804982466021,,,,,75.5,0.288383067974854,9.5,0.244658682513528,,,,,75.5,0.251941782988556,9.5,0.223221897288069,,,,,75.5,0.273304552611956,9.5,0.216680528444619,,,,,75.5,0.0187661849698939,9.5,0.0382512286993783,,,,,75.5,0.03338216815401,9.5,0.0473470335096294,,,,,75.5,0.0131153764515031,9.5,0.0323167768962303,,,,,75.5,0.0159590198138,9.5,0.0192327285189767,,,,
,75,0.240204641116521,10,0.2149442308246,,,,,75,0.288351234826098,10,0.246044500150281,,,,,75,0.251915510632802,10,0.226517147454017,,,,,75,0.273268836996388,10,0.217097459314518,,,,,75,0.0187456258995131,10,0.0409588869824112,,,,,75,0.0333557165136262,10,0.0481979127625536,,,,,75,0.0130831686216821,10,0.0343760439311873,,,,,75,0.0159415058046107,10,0.0192551888295112,,,,
,74.5,0.240101883886605,10.5,0.217347472874798,,,,,74.5,0.288554483523516,10.5,0.246532312072127,,,,,74.5,0.251855231587346,10.5,0.228982231250435,,,,,74.5,0.273312330512387,10.5,0.217458418962616,,,,,74.5,0.0186975107305978,10.5,0.0429515940932958,,,,,74.5,0.0333083154344293,10.5,0.0483991237622218,,,,,74.5,0.0130372652268609,10.5,0.0358872700826996,,,,,74.5,0.0159098475850757,10.5,0.0192327486574126,,,,
,74,0.239991701511143,11,0.218680742150298,,,,,74,0.28820057584174,11,0.246610403138747,,,,,74,0.251828333975179,11,0.230599198949163,,,,,74,0.273313044788597,11,0.217611538871478,,,,,74,0.018654473263229,11,0.0438630667401672,,,,,74,0.0332542371964103,11,0.0482596111225757,,,,,74,0.0129932982343235,11,0.0368684422511493,,,,,74,0.015822959426438,11,0.0190898003742314,,,,
,73.5,0.239860092176202,11.5,0.219046547600705,,,,,73.5,0.287978059232916,11.5,0.246692795731836,,,,,73.5,0.251783579297075,11.5,0.231919397190504,,,,,73.5,0.272794215287058,11.5,0.217595733519444,,,,,73.5,0.0186027147188749,11.5,0.0439137946453503,,,,,73.5,0.0332020412295921,11.5,0.0481509161629755,,,,,73.5,0.0129314324858829,11.5,0.0375901385860801,,,,,73.5,0.015769004802061,11.5,0.0188537963456293,,,,
,73,0.239712051925908,12,0.21865262936269,,,,,73,0.287831846064748,12,0.246333676379553,,,,,73,0.251754299702903,12,0.232904728591625,,,,,73,0.271279522902607,12,0.217547768515134,,,,,73,0.0185403253995158,12,0.0431034940897716,,,,,73,0.0331338745231882,12,0.0476860906912821,,,,,73,0.0128741784697217,12,0.0380836036007458,,,,,73,0.0156935974648825,12,0.0185979000298836,,,,
,72.5,0.239603964069588,12.5,0.218218845373046,,,,,72.5,0.287713486504713,12.5,0.245434598301411,,,,,72.5,0.251781075002328,12.5,0.233052381018466,,,,,72.5,0.272234578716432,12.5,0.217559466979719,,,,,72.5,0.0185425356959277,12.5,0.0422382959845377,,,,,72.5,0.0331062059195213,12.5,0.0469003988943021,,,,,72.5,0.0128352679996637,12.5,0.0380346794647388,,,,,72.5,0.0156551009843007,12.5,0.0183961424378779,,,,
,72,0.239520458535348,13,0.216801127549919,,,,,72,0.28765250970043,13,0.243427157752987,,,,,72,0.251849468496356,13,0.232323862480676,,,,,72,0.272533809896152,13,0.217403782863434,,,,,72,0.0185028844236335,13,0.0403739503910155,,,,,72,0.0330990413448689,13,0.0453205104296793,,,,,72,0.0128244263321121,13,0.0373140974088564,,,,,72,0.0156396033701992,13,0.0180913937781284,,,,
,71.5,0.239560775149459,13.5,0.214354926122035,,,,,71.5,0.287644335828299,13.5,0.24061461157349,,,,,71.5,0.251942722138699,13.5,0.230741314810585,,,,,71.5,0.272689637287036,13.5,0.217154220872054,,,,,71.5,0.0185183226633571,13.5,0.0376488765033688,,,,,71.5,0.0331096728407391,13.5,0.0431834042430351,,,,,71.5,0.0128287689581139,13.5,0.03597542048865,,,,,71.5,0.015648327339663,13.5,0.0177214097555686,,,,
,71,0.239813510651401,14,0.21060064825264,,,,,71,0.287619633374487,14,0.237273500506856,,,,,71,0.252041865847698,14,0.227520783414673,,,,,71,0.272766197615347,14,0.216916729399901,,,,,71,0.0185665941082442,14,0.0340200998417322,,,,,71,0.0330982509563533,14,0.0406855345749773,,,,,71,0.0128472517504434,14,0.0335145669437736,,,,,71,0.0156550743434162,14,0.0174105253751722,,,,
,70.5,0.2394396231771,14.5,0.205979347101281,,,,,70.5,0.287570399000087,14.5,0.234208364722134,,,,,70.5,0.252126546190865,14.5,0.222316608273519,,,,,70.5,0.272802223593616,14.5,0.216771390106629,,,,,70.5,0.0185250306070539,14.5,0.0301815451099027,,,,,70.5,0.0331057797535262,14.5,0.0383279898738563,,,,,70.5,0.0128416037472355,14.5,0.0296983762786319,,,,,70.5,0.0156469415914534,14.5,0.0171814558206276,,,,
,70,0.239361310862195,15,0.201450674666128,,,,,70,0.287535189094523,15,0.231609284680854,,,,,70,0.252229901772607,15,0.214982245080898,,,,,70,0.272812940230704,15,0.216882038722654,,,,,70,0.0185457528321335,15,0.0267885109435982,,,,,70,0.0331095426653808,15,0.0362338352807109,,,,,70,0.012854682424571,15,0.0245192615241606,,,,,70,0.0156533670342994,15,0.0171382098188811,,,,
,69.5,0.239393412000122,15.5,0.197766323682854,,,,,69.5,0.287514096361053,15.5,0.229810257529077,,,,,69.5,0.252305380619394,15.5,0.208477003421602,,,,,69.5,0.272828358831755,15.5,0.217161137090081,,,,,69.5,0.0185756624425508,15.5,0.024230733895446,,,,,69.5,0.0331360232825104,15.5,0.0347268583366287,,,,,69.5,0.0128699696347211,15.5,0.0201414933610951,,,,,69.5,0.0156861041083044,15.5,0.0172403689660101,,,,
,69,0.239444833541987,16,0.195668223844971,,,,,69,0.287492659932201,16,0.229284027083613,,,,,69,0.252388527467569,16,0.203576347458637,,,,,69,0.272834735708343,16,0.217177791556869,,,,,69,0.0185956328935835,16,0.0228271317752263,,,,,69,0.0331436428303527,16,0.0342434350044393,,,,,69,0.0128973660846146,16,0.0168827988621448,,,,,69,0.0157050180594497,16,0.017127494354569,,,,
,68.5,0.239638515810379,16.5,0.194768776524212,,,,,68.5,0.287437559526112,16.5,0.229147066381734,,,,,68.5,0.252427942093751,16.5,0.20083324458859,,,,,68.5,0.272855475816239,16.5,0.216473853156549,,,,,68.5,0.0185988727556682,16.5,0.0222032770374197,,,,,68.5,0.0331619610532697,16.5,0.0340703354315261,,,,,68.5,0.0128943853544841,16.5,0.0148646318622517,,,,,68.5,0.0157157607581716,16.5,0.0164741901942207,,,,
,68,0.239387012701302,17,0.194287246038896,,,,,68,0.28739003018523,17,0.228855581487554,,,,,68,0.252478302034755,17,0.199936383417282,,,,,68,0.27292328546393,17,0.215308033965549,,,,,68,0.0186152070057346,17,0.0217642490074071,,,,,68,0.0331806263285296,17,0.0336914101221873,,,,,68,0.0129119895805432,17,0.0139984284900901,,,,,68,0.0157198140955121,17,0.0154226388391994,,,,
,67.5,0.239257314646029,17.5,0.193336239231086,,,,,67.5,0.287358233134044,17.5,0.228216246096985,,,,,67.5,0.252527038023668,17.5,0.19863142590752,,,,,67.5,0.272867885880331,17.5,0.214513124244488,,,,,67.5,0.018631705218469,17.5,0.0209442403782811,,,,,67.5,0.0331805222681089,17.5,0.0331333415524586,,,,,67.5,0.0129151687532854,17.5,0.0128110000812508,,,,,67.5,0.0157056027131018,17.5,0.0146472163231857,,,,
,67,0.23920301637134,18,0.19083880251992,,,,,67,0.287357934141726,18,0.226693822184674,,,,,67,0.252490235254619,18,0.196885946097781,,,,,67,0.272849319220286,18,0.21417324730358,,,,,67,0.0186326772626559,18,0.0190079887082423,,,,,67,0.0331893116657326,18,0.0319339910449265,,,,,67,0.0129261752025075,18,0.0113926496061234,,,,,67,0.015726565150823,18,0.01417933919919,,,,
,66.5,0.239177970957834,18.5,0.18821681525911,,,,,66.5,0.287440519674552,18.5,0.224807992850054,,,,,66.5,0.252502236425719,18.5,0.195873269731489,,,,,66.5,0.272852098973055,18.5,0.213981415895394,,,,,66.5,0.0186352516582518,18.5,0.0170704664319699,,,,,66.5,0.0331915063338805,18.5,0.0304785457423615,,,,,66.5,0.0129274783755173,18.5,0.0104965900320598,,,,,66.5,0.0157268831114785,18.5,0.0136596867147494,,,,
,66,0.239199152846717,19,0.187298461074664,,,,,66,0.287555097412405,19,0.223729021126753,,,,,66,0.252499373383218,19,0.195368703930229,,,,,66,0.272901567523886,19,0.213686197363484,,,,,66,0.0186327160562374,19,0.0162357226345525,,,,,66,0.0331891221322202,19,0.029545651201,,,,,66,0.0129365380032919,19,0.00978678276380924,,,,,66,0.0157409978797225,19,0.0129961935296156,,,,
,65.5,0.239148735953795,19.5,0.186671812947318,,,,,65.5,0.287463846118166,19.5,0.223025412293969,,,,,65.5,0.252472961649376,19.5,0.194929259708971,,,,,65.5,0.272933982114768,19.5,0.213339208772004,,,,,65.5,0.0186508279455228,19.5,0.0154813254385467,,,,,65.5,0.0331957902181366,19.5,0.0287902471748098,,,,,65.5,0.012934469275789,19.5,0.0091177635552661,,,,,65.5,0.0157492950795317,19.5,0.0123131403332225,,,,
,65,0.239120328845654,20,0.186540741947264,,,,,65,0.287331259727292,20,0.222743589143616,,,,,65,0.252499940487017,20,0.194954466822233,,,,,65,0.272869582768645,20,0.213413564241214,,,,,65,0.0186749610219734,20,0.0152475059326018,,,,,65,0.0331923031824169,20,0.0285041920022491,,,,,65,0.0129390261702862,20,0.00890126243808768,,,,,65,0.0157435669942434,20,0.0120733712602503,,,,
,64.5,0.239090008461043,20.5,0.186846001409068,,,,,64.5,0.287241600787519,20.5,0.222944480545626,,,,,64.5,0.252533065813616,20.5,0.195411406876282,,,,,64.5,0.27273657686491,20.5,0.213914710302877,,,,,64.5,0.0186918505505479,20.5,0.0153739950513295,,,,,64.5,0.033189987839975,20.5,0.0286050138505805,,,,,64.5,0.0129437614001531,20.5,0.00903515295532665,,,,,64.5,0.0157353835233138,20.5,0.0121721624943116,,,,
,64,0.239065807839254,21,0.187855819930776,,,,,64,0.287193813669262,21,0.223890323406038,,,,,64,0.252523890659818,21,0.196490572426357,,,,,64,0.272705320156744,21,0.215079293987486,,,,,64,0.0186615269342465,21,0.0161429829838302,,,,,64,0.0332056990030354,21,0.0293727696803331,,,,,64,0.0129430562994152,21,0.00973154024218304,,,,,64,0.0157349684400254,21,0.012850479591063,,,,
,63.5,0.239032890553633,21.5,0.189755392687795,,,,,63.5,0.287130830109351,21.5,0.225777099324191,,,,,63.5,0.252464203083473,21.5,0.198453887612079,,,,,63.5,0.272721269400008,21.5,0.217156113343052,,,,,63.5,0.0186629298467098,21.5,0.0177065934429341,,,,,63.5,0.0332142175453821,21.5,0.030966751955098,,,,,63.5,0.012946322183187,21.5,0.0112323039030491,,,,,63.5,0.0157432740333346,21.5,0.0143281946576715,,,,
,63,0.238977846169623,22,0.19190304652775,,,,,63,0.287126244576982,22,0.227988183864328,,,,,63,0.252363477262968,22,0.200940580646476,,,,,63,0.272677302168917,22,0.219781951661106,,,,,63,0.0186700210220675,22,0.0195324194122133,,,,,63,0.0332166222831412,22,0.0328644707701178,,,,,63,0.0129441769363793,22,0.0132350182134476,,,,,63,0.01574393813196,22,0.0162846985857459,,,,
,62.5,0.238946434629003,22.5,0.192922913286699,,,,,62.5,0.287077575269397,22.5,0.229033542360389,,,,,62.5,0.252271396481878,22.5,0.202115260055153,,,,,62.5,0.272671899627854,22.5,0.221148919028884,,,,,62.5,0.0186782622511701,22.5,0.0201864163954332,,,,,62.5,0.0332193856151496,22.5,0.0335759275600711,,,,,62.5,0.0129405254180038,22.5,0.0138852923339463,,,,,62.5,0.0157437841575278,22.5,0.0169219788745494,,,,
,62,0.238898595708288,23,0.193113201158571,,,,,62,0.286996872723418,23,0.229210090349842,,,,,62,0.252181747801538,23,0.202473418115596,,,,,62,0.272626859977806,23,0.22169941365502,,,,,62,0.0186748189907491,23,0.020132674683255,,,,,62,0.0332132126813681,23,0.0335795261650553,,,,,62,0.0129456130120316,23,0.0138383001127669,,,,,62,0.0157550162258379,23,0.0168732934113468,,,,
,61.5,0.238857518885339,23.5,0.193304131830665,,,,,61.5,0.286914497810163,23.5,0.229446748113819,,,,,61.5,0.252095218357515,23.5,0.202878481345468,,,,,61.5,0.272539451382423,23.5,0.222231213772039,,,,,61.5,0.0186960372441023,23.5,0.020079578543686,,,,,61.5,0.0332058521023691,23.5,0.0336258153794421,,,,,61.5,0.012941569324986,23.5,0.0138137936940517,,,,,61.5,0.0157461112175936,23.5,0.016817552757071,,,,
,61,0.238798067830603,24,0.193496848753417,,,,,61,0.286834754251979,24,0.229638182110814,,,,,61,0.251997378521762,24,0.203271095873835,,,,,61,0.27246604048453,24,0.222715701722446,,,,,61,0.0187356736686421,24,0.0200552633191219,,,,,61,0.0332157205004901,24,0.0336743949816745,,,,,61,0.0129461995245757,24,0.0138143119173412,,,,,61,0.0157547157232691,24,0.0167713235405555,,,,
,60.5,0.238760467041633,24.5,0.193732772093845,,,,,60.5,0.286763188752615,24.5,0.229779212583034,,,,,60.5,0.251917436373677,24.5,0.2037041173794,,,,,60.5,0.272397458763595,24.5,0.223280749589498,,,,,60.5,0.0186942643026527,24.5,0.0200372995366449,,,,,60.5,0.0332273070586698,24.5,0.0336854448589998,,,,,60.5,0.0129600072424526,24.5,0.0138077629626491,,,,,60.5,0.0157655489783429,24.5,0.0167491461088779,,,,
,60,0.23870876660619,25,0.194011577144744,,,,,60,0.286664659627977,25,0.229937065273798,,,,,60,0.251839195880596,25,0.204174806577473,,,,,60,0.272296765158842,25,0.223891293471106,,,,,60,0.0187015480407342,25,0.0200223612208966,,,,,60,0.0332204795167383,25,0.0336649877718359,,,,,60,0.0129529612364044,25,0.0137972813612338,,,,,60,0.015750733918401,25,0.0167309141666479,,,,
,59.5,0.238656640737472,25.5,0.194311503026913,,,,,59.5,0.286574728764155,25.5,0.230082804602099,,,,,59.5,0.251756218631398,25.5,0.20473724661309,,,,,59.5,0.272210691395825,25.5,0.224566233919862,,,,,59.5,0.0186994189024585,25.5,0.0200307728464937,,,,,59.5,0.0332146399681377,25.5,0.0336822782720087,,,,,59.5,0.012956134964665,25.5,0.0138191881004668,,,,,59.5,0.0157445515624956,25.5,0.0167595967927505,,,,
,59,0.238610444947038,26,0.194687175516534,,,,,59,0.286504347215523,26,0.23030555032625,,,,,59,0.251673267141486,26,0.205334925468977,,,,,59,0.272153280452652,26,0.225245055387509,,,,,59,0.0187053732834499,26,0.020042246461459,,,,,59,0.0332130454056284,26,0.0336909236256293,,,,,59,0.0129440094788652,26,0.0138431609680485,,,,,59,0.01574328440922,26,0.0167162613527698,,,,
,58.5,0.2385443135312,26.5,0.195004489743417,,,,,58.5,0.286417732555053,26.5,0.230513588693006,,,,,58.5,0.251615042448006,26.5,0.205923168853105,,,,,58.5,0.272066761142107,26.5,0.225968036148945,,,,,58.5,0.0187038345511805,26.5,0.0200321010880417,,,,,58.5,0.0332115768825553,26.5,0.0337597258222004,,,,,58.5,0.0129539679436969,26.5,0.0138564496720936,,,,,58.5,0.0157488003002311,26.5,0.0167207578324533,,,,
,58,0.238507678754238,27,0.195346373822048,,,,,58,0.286316940623212,27,0.230756042244328,,,,,58,0.251548334726641,27,0.20650392600849,,,,,58,0.271995914292901,27,0.226743806723713,,,,,58,0.01871780383223,27,0.0200296873162629,,,,,58,0.0332218465138867,27,0.0337028207159522,,,,,58,0.0129620497262199,27,0.0138482946676866,,,,,58,0.0157566460695217,27,0.0167233632250778,,,,
,57.5,0.238446210534189,27.5,0.195747338494764,,,,,57.5,0.286229624693504,27.5,0.231047120866074,,,,,57.5,0.251466328034507,27.5,0.207091761161324,,,,,57.5,0.271937152439008,27.5,0.227479705724002,,,,,57.5,0.0187216085413381,27.5,0.020043848112409,,,,,57.5,0.0332218675819517,27.5,0.0337116750294844,,,,,57.5,0.0129715398287726,27.5,0.0138555038166008,,,,,57.5,0.0157725369315049,27.5,0.0167335494946312,,,,
,57,0.238419296655211,28,0.196116983096521,,,,,57,0.286150461018583,28,0.231381635032351,,,,,57,0.251416056885914,28,0.207704185516317,,,,,57,0.271851211952617,28,0.228199148465676,,,,,57,0.018732481169989,28,0.0200332983701694,,,,,57,0.0332367164154331,28,0.0337718139987723,,,,,57,0.0129805106521379,28,0.0138622480047361,,,,,57,0.0157771744454838,28,0.0167237936281729,,,,
,56.5,0.238397878142552,28.5,0.196494114009939,,,,,56.5,0.28606398344649,28.5,0.231616949266032,,,,,56.5,0.251362303875312,28.5,0.20835856746879,,,,,56.5,0.271787945241393,28.5,0.228928359251116,,,,,56.5,0.0187578231056302,28.5,0.020008018960807,,,,,56.5,0.0332417021914415,28.5,0.0337187515352468,,,,,56.5,0.0129983672311761,28.5,0.013858961859831,,,,,56.5,0.0157906546747345,28.5,0.0167186651519308,,,,
,56,0.238428786352774,29,0.196978545979674,,,,,56,0.285979038002201,29,0.231912233025628,,,,,56,0.251302403997523,29,0.209021129175115,,,,,56,0.271728535176444,29,0.22961230140152,,,,,56,0.0187906989915702,29,0.0200246841590558,,,,,56,0.0332426930003556,29,0.0337235998723333,,,,,56,0.0130075711461206,29,0.0138597526765882,,,,,56,0.0157977416892303,29,0.0167192308752426,,,,
,55.5,0.238492916360662,29.5,0.197451657154454,,,,,55.5,0.285894096616891,29.5,0.232219305841783,,,,,55.5,0.251243355046296,29.5,0.2098055615894,,,,,55.5,0.271643251143127,29.5,0.230373924598507,,,,,55.5,0.018866237005545,29.5,0.0200410183637797,,,,,55.5,0.0332767394740994,29.5,0.033711504360448,,,,,55.5,0.0130335017507403,29.5,0.0138681647097709,,,,,55.5,0.015814579989567,29.5,0.0167166149961609,,,,
,55,0.238312573022591,30,0.197946737773313,,,,,55,0.285829749612093,30,0.232559288280437,,,,,55,0.251181806470728,30,0.210542177782867,,,,,55,0.271577153207115,30,0.231114133386715,,,,,55,0.0188237611267724,30,0.0200440329313411,,,,,55,0.0332878623572796,30,0.0337289239329403,,,,,55,0.0130435930567426,30,0.0138836621662988,,,,,55,0.0158355724755664,30,0.0167305130585253,,,,
,54.5,0.238295424137636,30.5,0.198413560310562,,,,,54.5,0.285730863193585,30.5,0.232937657959058,,,,,54.5,0.251120632982337,30.5,0.211326916793895,,,,,54.5,0.271507483995472,30.5,0.232007864561274,,,,,54.5,0.0188583070538892,30.5,0.0200451143676716,,,,,54.5,0.0332927598066713,30.5,0.0337161569055744,,,,,54.5,0.013051955343329,30.5,0.0138804435291413,,,,,54.5,0.0158373627638405,30.5,0.0167333516741821,,,,
,54,0.238257985117769,31,0.198891914859075,,,,,54,0.285655234811244,31,0.233350662289879,,,,,54,0.25105425119163,31,0.212019928787587,,,,,54,0.271442435963509,31,0.232854052087956,,,,,54,0.0188888029715797,31,0.0200373143352785,,,,,54,0.0333160487818552,31,0.0337426869412402,,,,,54,0.0130727121513096,31,0.0138695971900538,,,,,54,0.0158691952047657,31,0.0167284634306954,,,,
,53.5,0.238230541769223,31.5,0.199441761790957,,,,,53.5,0.285557131428102,31.5,0.233826098976307,,,,,53.5,0.250988958510845,31.5,0.212703702079589,,,,,53.5,0.271376992701098,31.5,0.233705866258623,,,,,53.5,0.0189106554328228,31.5,0.0200281614603057,,,,,53.5,0.0333237202865439,31.5,0.033742407207794,,,,,53.5,0.0130785342954229,31.5,0.0138652152239418,,,,,53.5,0.0158901451427223,31.5,0.0167096482011306,,,,
,53,0.238167577260577,32,0.200026734930546,,,,,53,0.285448170723121,32,0.23428728312033,,,,,53,0.250911828590579,32,0.213417596190936,,,,,53,0.271292373180939,32,0.234589733977745,,,,,53,0.0189302165997836,32,0.0200295839919195,,,,,53,0.0333413558756597,32,0.0337598219202392,,,,,53,0.0130830733371109,32,0.0138497514738865,,,,,53,0.0158994495354402,32,0.0167158275122795,,,,
,52.5,0.238121202678195,32.5,0.200681150006148,,,,,52.5,0.285355009363642,32.5,0.234728211997299,,,,,52.5,0.250848540920833,32.5,0.214257390119465,,,,,52.5,0.271194671173046,32.5,0.235534481069133,,,,,52.5,0.0189451819416749,32.5,0.0200176776794602,,,,,52.5,0.0333494815723649,32.5,0.0337559990561618,,,,,52.5,0.0130888169026602,32.5,0.0138396787352673,,,,,52.5,0.0158968152941986,32.5,0.0166893485122937,,,,
,52,0.238062110057849,33,0.201449595139051,,,,,52,0.285235770475188,33,0.235235583390422,,,,,52,0.250779780211543,33,0.215075778782986,,,,,52,0.271134917289526,33,0.236533974284606,,,,,52,0.0189701518218551,33,0.0200199240064145,,,,,52,0.033352210153913,33,0.0337700674950463,,,,,52,0.0131009703383492,33,0.0138371697580229,,,,,52,0.0159118662953476,33,0.0166854183639687,,,,
,51.5,0.238044730647926,33.5,0.202248067625706,,,,,51.5,0.285101588667154,33.5,0.235750894265965,,,,,51.5,0.250686329545621,33.5,0.215904561120839,,,,,51.5,0.271067000706396,33.5,0.237682394439648,,,,,51.5,0.0189863183833386,33.5,0.0200074310290363,,,,,51.5,0.0333485211759763,33.5,0.0337610801657501,,,,,51.5,0.0131035101713982,33.5,0.013827446120308,,,,,51.5,0.0159272168128176,33.5,0.0166659327816915,,,,
,51,0.238037350389903,34,0.203190312083332,,,,,51,0.28498473895348,34,0.236331322817146,,,,,51,0.250603363978904,34,0.216776915723969,,,,,51,0.270950715411159,34,0.238928359669492,,,,,51,0.0189894850396608,34,0.0200048936340466,,,,,51,0.0333463815017267,34,0.0337932333146805,,,,,51,0.0131085500403829,34,0.0138150913905706,,,,,51,0.0159185072667355,34,0.0166854794358171,,,,
,50.5,0.237875877985422,34.5,0.20429583840092,,,,,50.5,0.284844633839063,34.5,0.236865861393058,,,,,50.5,0.250518319144109,34.5,0.217734993716869,,,,,50.5,0.270848626516629,34.5,0.240230676565681,,,,,50.5,0.0189996388260724,34.5,0.0199901878004419,,,,,50.5,0.033374305351126,34.5,0.0337737302895187,,,,,50.5,0.0131164427542969,34.5,0.0138061337059688,,,,,50.5,0.0159385136023594,34.5,0.0166595990918283,,,,
,50,0.237836706570636,35,0.205660842879074,,,,,50,0.284694949428564,35,0.237463705502762,,,,,50,0.250441693148947,35,0.218858530454976,,,,,50,0.270777871957916,35,0.241773411734084,,,,,50,0.0190293289880605,35,0.0199826422583879,,,,,50,0.0333763943381885,35,0.0337662622625456,,,,,50,0.0131135049779782,35,0.0137887608200053,,,,,50,0.0159503710012598,35,0.0166471016173503,,,,
,49.5,0.237785096059816,35.5,0.207175148215783,,,,,49.5,0.28452233661582,35.5,0.238074647875574,,,,,49.5,0.250340246581671,35.5,0.220075083438514,,,,,49.5,0.270665076739967,35.5,0.243334559885559,,,,,49.5,0.0190247093665928,35.5,0.0199673382344782,,,,,49.5,0.0333514021343293,35.5,0.0337609896099575,,,,,49.5,0.013110713779525,35.5,0.0137830819392471,,,,,49.5,0.0159434242158095,35.5,0.0166224172370917,,,,
,49,0.237661655788475,36,0.208865576236435,,,,,49,0.284324173613104,36,0.23875741112405,,,,,49,0.250249645745881,36,0.221393254617105,,,,,49,0.270540679410939,36,0.245102399433493,,,,,49,0.0190268535048236,36,0.01997857299924,,,,,49,0.0333601049465176,36,0.0337626053796559,,,,,49,0.0131140605970855,36,0.0137790146774709,,,,,49,0.0159381579949085,36,0.0166134787806478,,,,
,48.5,0.237589374059832,36.5,0.21072413066638,,,,,48.5,0.284121569851043,36.5,0.239459478125509,,,,,48.5,0.250143300545085,36.5,0.222784197560001,,,,,48.5,0.270434619643345,36.5,0.246851267832842,,,,,48.5,0.0190574751548903,36.5,0.019967497937397,,,,,48.5,0.0333813360397621,36.5,0.0337649025538692,,,,,48.5,0.0131204795026545,36.5,0.0137690587568537,,,,,48.5,0.0159365980346818,36.5,0.0166040242539068,,,,
,48,0.237500881620733,37,0.212751089207096,,,,,48,0.283857454310319,37,0.240231137408598,,,,,48,0.250025877453531,37,0.224312475660498,,,,,48,0.270325897326186,37,0.248642751033524,,,,,48,0.0190547542727481,37,0.0199486500270995,,,,,48,0.0333767429638157,37,0.0337614165442089,,,,,48,0.013121081258391,37,0.0137576950488661,,,,,48,0.0159438450547219,37,0.0165814753125193,,,,
,47.5,0.237419189098007,37.5,0.215007247827774,,,,,47.5,0.283534312884046,37.5,0.241150717634589,,,,,47.5,0.249908332868203,37.5,0.225967793923299,,,,,47.5,0.270199413208642,37.5,0.250539351348403,,,,,47.5,0.0190498906927494,37.5,0.0199490719390705,,,,,47.5,0.0333650376417422,37.5,0.0337797621958931,,,,,47.5,0.0131292812110908,37.5,0.013767592489035,,,,,47.5,0.0159355060567837,37.5,0.0165937436433177,,,,
,47,0.237324336104469,38,0.217268957495795,,,,,47,0.283134673737237,38,0.242179013058794,,,,,47,0.249768301417763,38,0.227644598888917,,,,,47,0.270059410789167,38,0.252391804159576,,,,,47,0.0190623550025164,38,0.019941098949629,,,,,47,0.0333623439617589,38,0.0337698558144523,,,,,47,0.0131292919879038,38,0.0137581476359211,,,,,47,0.0159348150871456,38,0.0165658339354841,,,,
,46.5,0.237240393622806,38.5,0.219575867923968,,,,,46.5,0.282689884642694,38.5,0.243356957906962,,,,,46.5,0.249615570869783,38.5,0.229496205442843,,,,,46.5,0.26992818199501,38.5,0.2543317339353,,,,,46.5,0.0190667210489405,38.5,0.019931757055462,,,,,46.5,0.0333592357350939,38.5,0.0337750374844333,,,,,46.5,0.0131228924780485,38.5,0.013751943553861,,,,,46.5,0.0159358501238293,38.5,0.0165633789099724,,,,
,46,0.237204213217311,39,0.221940067514701,,,,,46,0.282094191546417,39,0.244741051779619,,,,,46,0.249448495579783,39,0.231158306455416,,,,,46,0.269801538815963,39,0.255993319361647,,,,,46,0.0190747732679858,39,0.0199287941516873,,,,,46,0.0333753434266899,39,0.0337747512655313,,,,,46,0.0131258466007939,39,0.0137469684721591,,,,,46,0.0159423462150837,39,0.0165531764420236,,,,
,45.5,0.237107630720532,39.5,0.224068981680832,,,,,45.5,0.281363755158916,39.5,0.246257226996245,,,,,45.5,0.249253125619355,39.5,0.233063713385749,,,,,45.5,0.269659960064721,39.5,0.257846953535395,,,,,45.5,0.0190823391451133,39.5,0.0199190021656309,,,,,45.5,0.0333812558650175,39.5,0.0337591085005722,,,,,45.5,0.0131340731381882,39.5,0.0137289928958168,,,,,45.5,0.0159575328380424,39.5,0.0165380608787894,,,,
,45,0.236890632910569,40,0.226190611615588,,,,,45,0.280478007897738,40,0.24806238038968,,,,,45,0.249015557622773,40,0.234911494661258,,,,,45,0.269484401686859,40,0.259569497397968,,,,,45,0.0190928251718354,40,0.0199123347496301,,,,,45,0.0333731414311283,40,0.0337700439120494,,,,,45,0.01313597141831,40,0.0137282830147465,,,,,45,0.0159753508377087,40,0.0165388853433402,,,,
,44.5,0.236753572034969,40.5,0.228211052378561,,,,,44.5,0.27937016795332,40.5,0.250180303469449,,,,,44.5,0.248720862445134,40.5,0.236741691838662,,,,,44.5,0.26927656059364,40.5,0.261174969116853,,,,,44.5,0.0191060750904683,40.5,0.019900318112743,,,,,44.5,0.0333789441991009,40.5,0.033759638955974,,,,,44.5,0.0131345646260359,40.5,0.0137182951376367,,,,,44.5,0.0159659626652943,40.5,0.0165116225997263,,,,
,44,0.236603178149618,41,0.229907585785499,,,,,44,0.278127476424275,41,0.252345113127388,,,,,44,0.248410470482089,41,0.238378724323714,,,,,44,0.26908117839812,41,0.262600442524587,,,,,44,0.0191154609500128,41,0.0199059982223617,,,,,44,0.0333834838109989,41,0.033764393753354,,,,,44,0.013139904816637,41,0.0137190244243636,,,,,44,0.0159625091938975,41,0.0165032288577262,,,,
,43.5,0.236409055044826,41.5,0.231561967813879,,,,,43.5,0.276577454366065,41.5,0.254926337801952,,,,,43.5,0.248020088511512,41.5,0.24023161851199,,,,,43.5,0.268857726194522,41.5,0.264087316135094,,,,,43.5,0.0191182607323995,41.5,0.0198932967331733,,,,,43.5,0.0333898188088787,41.5,0.0337898340454269,,,,,43.5,0.0131395458142046,41.5,0.013706277537481,,,,,43.5,0.0159698201544286,41.5,0.0164893434715376,,,,
,43,0.236165069697718,42,0.232792656839424,,,,,43,0.274672384310935,42,0.257386397175444,,,,,43,0.247509998353337,42,0.241786047982722,,,,,43,0.268563474268523,42,0.265272370064501,,,,,43,0.0191273668282365,42,0.0198809520600121,,,,,43,0.0333866071247882,42,0.0337595280314472,,,,,43,0.0131483430948607,42,0.0137052715908354,,,,,43,0.0159712375635467,42,0.0164928959074626,,,,
,42.5,0.235902177753949,42.5,0.233996815257785,,,,,42.5,0.272647264543748,42.5,0.260274196256659,,,,,42.5,0.24689471348244,42.5,0.243343551208856,,,,,42.5,0.268185974325965,42.5,0.26640043158911,,,,,42.5,0.0191403998623406,42.5,0.0198493046422321,,,,,42.5,0.0333934121820414,42.5,0.0337320645209893,,,,,42.5,0.0131518640120308,42.5,0.0136787538296019,,,,,42.5,0.0159664097208836,42.5,0.0164637765673049,,,,
,42,0.235562769837236,43,0.234904920531158,,,,,42,0.270233179570201,43,0.262972709700752,,,,,42,0.246177860965765,43,0.244704004494982,,,,,42,0.267762814129785,43,0.267288185466358,,,,,42,0.019154217366499,43,0.0198222948082772,,,,,42,0.0333883176491959,43,0.0337173877886941,,,,,42,0.0131423138162443,43,0.0136526130025423,,,,,42,0.0159781420437866,43,0.0164476653379603,,,,
,41.5,0.235114785329267,43.5,0.235652382177975,,,,,41.5,0.267707854803517,43.5,0.265731779767462,,,,,41.5,0.245320735488837,43.5,0.245953608924838,,,,,41.5,0.267252412294117,43.5,0.268070599151984,,,,,41.5,0.0191646301491219,43.5,0.019792720689216,,,,,41.5,0.0333860443619223,43.5,0.0336788432428291,,,,,41.5,0.013150263090281,43.5,0.0136297674614097,,,,,41.5,0.0159932575349455,43.5,0.0164015317110733,,,,
,41,0.234572181613415,44,0.236265134404081,,,,,41,0.2651185269107,44,0.268397305442254,,,,,41,0.244335908416804,44,0.247024159209178,,,,,41,0.266637071661882,44,0.268688922167037,,,,,41,0.0191603648187379,44,0.0197768125561496,,,,,41,0.0333797638387589,44,0.0336756972989928,,,,,41,0.0131506499974986,44,0.013600776563922,,,,,41,0.0159884056977361,44,0.0163862723206873,,,,
,40.5,0.233933218647126,44.5,0.236752484083481,,,,,40.5,0.262453068706235,44.5,0.271091588182026,,,,,40.5,0.243297692559299,44.5,0.248028978064676,,,,,40.5,0.265970557075144,44.5,0.269231299538434,,,,,40.5,0.0191704169095565,44.5,0.0197171593822382,,,,,40.5,0.0333833434291516,44.5,0.0336385185302613,,,,,40.5,0.0131476359303587,44.5,0.013552710003223,,,,,40.5,0.0159861994356276,44.5,0.0163368711570665,,,,
,40,0.233147699344109,45,0.237078915956335,,,,,40,0.259765828440393,45,0.273389497555672,,,,,40,0.242087487677697,45,0.248831402232463,,,,,40,0.265171697232007,45,0.269636728671183,,,,,40,0.0191883684674654,45,0.0196782454256807,,,,,40,0.0333967956543126,45,0.0335991979066755,,,,,40,0.0131537502989406,45,0.0135223594149242,,,,,40,0.0160243759555275,45,0.0162970411246753,,,,
,39.5,0.232091316836446,45.5,0.23740648132536,,,,,39.5,0.256883219948719,45.5,0.275575921386791,,,,,39.5,0.240805141527747,45.5,0.24948972562903,,,,,39.5,0.264242030113347,45.5,0.269934234182217,,,,,39.5,0.019199724539698,45.5,0.019623623829006,,,,,39.5,0.0334040050013536,45.5,0.0335487708824208,,,,,39.5,0.0131624232236491,45.5,0.0134688797377654,,,,,39.5,0.0160453117704764,45.5,0.0162477533377006,,,,
,39,0.230892793624963,46,0.237382319195866,,,,,39,0.254266912267814,46,0.277131759947385,,,,,39,0.239414219506625,46,0.24976502655061,,,,,39,0.263137612630591,46,0.269968089145116,,,,,39,0.0192066202230722,46,0.0193303639529053,,,,,39,0.0333989079416823,46,0.0332425357857191,,,,,39,0.0131624558746498,46,0.0131689108880688,,,,,39,0.0160128322111149,46,0.0159658933799396,,,,
,38.5,0.229514612450678,46.5,0.0791082052788364,,,,,38.5,0.251831859754254,46.5,0.120334884246815,,,,,38.5,0.237994314877143,46.5,0.0917761648184762,,,,,38.5,0.261970605002346,46.5,0.111706534005697,,,,,38.5,0.0191963587678454,46.5,-0.137865134740716,,,,,38.5,0.033396744745645,46.5,-0.123930062341609,,,,,38.5,0.0131662794731803,46.5,-0.143960589754221,,,,,38.5,0.0160158153250468,46.5,-0.141178129638513,,,,
,38,0.227937948440407,47,-0.207473501583147,,,,,38,0.249582870139993,47,-0.165090042849447,,,,,38,0.236296182998013,47,-0.185025684588144,,,,,38,0.260531274265094,47,-0.165266856268602,,,,,38,0.0191991824363381,47,-0.407683968682586,,,,,38,0.0333957665152894,47,-0.393742409668388,,,,,38,0.0131631928919523,47,-0.40408824622409,,,,,38,0.0160185339975211,47,-0.401320163238765,,,,
,37.5,0.226070921548937,47.5,-0.363133055133512,,,,,37.5,0.24746191767068,47.5,-0.319850310607943,,,,,37.5,0.234724786879308,47.5,-0.34741632279452,,,,,37.5,0.259129776063787,47.5,-0.327792797679781,,,,,37.5,0.0192069678896527,47.5,-0.560075277748316,,,,,37.5,0.0334027147174745,47.5,-0.54612858327047,,,,,37.5,0.0131597747178983,47.5,-0.563497491420919,,,,,37.5,0.0160245424814338,47.5,-0.56074755623825,,,,
,37,0.224243540041428,48,-0.379882699402229,,,,,37,0.245765246156139,48,-0.335790044781365,,,,,37,0.233088899522715,48,-0.366955409911521,,,,,37,0.257646639850309,48,-0.347399467908337,,,,,37,0.0192135029554418,48,-0.616256126743398,,,,,37,0.0334113064646648,48,-0.602301657495443,,,,,37,0.0131613870691817,48,-0.622385526541138,,,,,37,0.0160384798267938,48,-0.619627221686225,,,,
,36.5,0.221992744840349,48.5,-0.196844803649062,,,,,36.5,0.244040871761993,48.5,-0.152175084450961,,,,,36.5,0.231490581085253,48.5,-0.183888069378957,,,,,36.5,0.256107841543842,48.5,-0.164409050801065,,,,,36.5,0.0192290419699012,48.5,-0.408701346999849,,,,,36.5,0.0334155683757517,48.5,-0.394745520506994,,,,,36.5,0.0131752969789949,48.5,-0.414870293809686,,,,,36.5,0.0160397037937139,48.5,-0.41211891830536,,,,
,36,0.219765906240697,49,-0.367947208641843,,,,,36,0.242636548160723,49,-0.322765244984028,,,,,36,0.229810499869302,49,-0.351099594401642,,,,,36,0.25440785635996,49,-0.331661219112849,,,,,36,0.0192323083589871,49,-0.457565023960941,,,,,36,0.03341335807345,49,-0.443598115072767,,,,,36,0.0131760282260947,49,-0.460917596214416,,,,,36,0.0160255647400939,49,-0.458148756157207,,,,
,35.5,0.217430057235513,49.5,-0.0885525641459698,,,,,35.5,0.241396606570007,49.5,-0.0431326685491516,,,,,35.5,0.228094989845592,49.5,-0.0391667204767157,,,,,35.5,0.252680275817174,49.5,-0.0197274444698697,,,,,35.5,0.0192309557017259,49.5,-0.268908294221391,,,,,35.5,0.0334058328508565,49.5,-0.254947999178385,,,,,35.5,0.0131625046635203,49.5,-0.249811021302747,,,,,35.5,0.0160268352009685,49.5,-0.247043099442445,,,,
,35,0.21513735558022,50,0.0742767814634624,,,,,35,0.240329331569403,50,0.120068492990782,,,,,35,0.226548790389783,50,0.0872649577736239,,,,,35,0.251063397014959,50,0.106707180282197,,,,,35,0.0192417365941678,50,-0.12738532323125,,,,,35,0.0334027822808808,50,-0.113423637707105,,,,,35,0.0131709945361344,50,-0.133515256676873,,,,,35,0.0160352729695977,50,-0.130736720972034,,,,
,34.5,0.212822980188892,50.5,0.0814416561278802,,,,,34.5,0.239384507286458,50.5,0.127491744777933,,,,,34.5,0.22497464629796,50.5,0.0944262092193592,,,,,34.5,0.249367585014331,50.5,0.113896762263752,,,,,34.5,0.0192401991596835,50.5,-0.119871286538997,,,,,34.5,0.0334009936692829,50.5,-0.10589564855066,,,,,34.5,0.0131766920811721,50.5,-0.125992455590095,,,,,34.5,0.0160396112476589,50.5,-0.123227824572804,,,,
,34,0.210643670008523,51,0.0797421251587565,,,,,34,0.238575784684022,51,0.125942725198234,,,,,34,0.223445285406971,51,0.0926999701480426,,,,,34,0.247674854668454,51,0.112174117645656,,,,,34,0.0192426422636743,51,-0.121567982923507,,,,,34,0.0334043198372567,51,-0.107586918129203,,,,,34,0.013171275606839,51,-0.127669203488958,,,,,34,0.0160398189908056,51,-0.124899260464055,,,,
,33.5,0.208599071628701,51.5,0.0723019894312972,,,,,33.5,0.237831279385348,51.5,0.118610473327715,,,,,33.5,0.222037201981595,51.5,0.0848672035491975,,,,,33.5,0.246058016353465,51.5,0.104355580878665,,,,,33.5,0.0192609892381325,51.5,-0.129240989886293,,,,,33.5,0.0334100063754517,51.5,-0.115257849871148,,,,,33.5,0.0131761526810769,51.5,-0.135732433330483,,,,,33.5,0.0160423565388257,51.5,-0.132947968188617,,,,
,33,0.206824060041151,52,0.0696380910541444,,,,,33,0.237191970718121,52,0.116081618772758,,,,,33,0.220622941696309,52,0.0825350055656773,,,,,33,0.244392977716396,52,0.102050962055769,,,,,33,0.0192676507530154,52,-0.133151325443434,,,,,33,0.0334063297825853,52,-0.119156498788832,,,,,33,0.0131735570069591,52,-0.139243943637349,,,,,33,0.0160476141466805,52,-0.13643430064608,,,,
,32.5,0.205245499584152,52.5,0.0560866329154737,,,,,32.5,0.236610604889647,52.5,0.102638709184075,,,,,32.5,0.219369865567637,52.5,0.0692888401676794,,,,,32.5,0.242880068677282,52.5,0.0888417106323152,,,,,32.5,0.0192710729155,52.5,-0.142400442343289,,,,,32.5,0.0334139861677476,52.5,-0.128406727207066,,,,,32.5,0.0131705083512266,52.5,-0.148247635609156,,,,,32.5,0.0160541300780401,52.5,-0.1454489796716,,,,
,32,0.203778929779348,53,0.0522071367960706,,,,,32,0.236028083070447,53,0.0988066338537601,,,,,32,0.218225570727653,53,0.0649351402485884,,,,,32,0.241435718888598,53,0.0845135792195409,,,,,32,0.0192788010671974,53,-0.148820258049454,,,,,32,0.0334245098667489,53,-0.134836711622692,,,,,32,0.013181421040217,53,-0.155147986955762,,,,,32,0.0160628440832192,53,-0.152358064142565,,,,
,31.5,0.20257215607323,,,,,,,31.5,0.235479136024291,,,,,,,31.5,0.217110647291127,,,,,,,31.5,0.239960646553567,,,,,,,31.5,0.0192751749865428,,,,,,,31.5,0.0334173979036404,,,,,,,31.5,0.0131838720344475,,,,,,,31.5,0.0160558410251129,,,,,,
,31,0.201533367194805,,,,,,,31,0.234959553150901,,,,,,,31,0.216180915875863,,,,,,,31,0.238743742535385,,,,,,,31,0.019279196161417,,,,,,,31,0.0334250910952562,,,,,,,31,0.0131809027559545,,,,,,,31,0.0160577853365596,,,,,,
,30.5,0.200618301339236,,,,,,,30.5,0.234459384488018,,,,,,,30.5,0.215249147944463,,,,,,,30.5,0.237497811662159,,,,,,,30.5,0.0192787207730705,,,,,,,30.5,0.0334351822294065,,,,,,,30.5,0.013183785846796,,,,,,,30.5,0.0160597011421804,,,,,,
,30,0.199841898029397,,,,,,,30,0.233965024055601,,,,,,,30,0.21442340714727,,,,,,,30,0.236396016159626,,,,,,,30,0.0192853097656695,,,,,,,30,0.033424871545904,,,,,,,30,0.0131843857702105,,,,,,,30,0.0160592320466256,,,,,,
,29.5,0.199126890989151,,,,,,,29.5,0.233480946420884,,,,,,,29.5,0.213583296000932,,,,,,,29.5,0.235266152783989,,,,,,,29.5,0.0192908464234139,,,,,,,29.5,0.0334245029914567,,,,,,,29.5,0.0131848255855988,,,,,,,29.5,0.0160665823401729,,,,,,
,29,0.198508239775107,,,,,,,29,0.233045753203493,,,,,,,29,0.212843030710232,,,,,,,29,0.234296121033986,,,,,,,29,0.0192932902831686,,,,,,,29,0.0334262764140016,,,,,,,29,0.0131899996425042,,,,,,,29,0.0160677870148152,,,,,,
,28.5,0.197959833319209,,,,,,,28.5,0.232648907819345,,,,,,,28.5,0.212126575152614,,,,,,,28.5,0.233371827416848,,,,,,,28.5,0.0193085926558853,,,,,,,28.5,0.0334401306100537,,,,,,,28.5,0.0131937733756343,,,,,,,28.5,0.0160718089562334,,,,,,
,28,0.197411068900003,,,,,,,28,0.232249952166931,,,,,,,28,0.21141361684897,,,,,,,28,0.232483045191574,,,,,,,28,0.0193160848592387,,,,,,,28,0.0334554721564892,,,,,,,28,0.013194552180208,,,,,,,28,0.016081931122563,,,,,,
,27.5,0.196975646863606,,,,,,,27.5,0.231914917582633,,,,,,,27.5,0.210833908243275,,,,,,,27.5,0.231800170629735,,,,,,,27.5,0.0193172199968401,,,,,,,27.5,0.0334584341737099,,,,,,,27.5,0.0131943836743318,,,,,,,27.5,0.01608121717499,,,,,,
,27,0.196603843146937,,,,,,,27,0.23165163646053,,,,,,,27,0.210282538794511,,,,,,,27,0.231147259063032,,,,,,,27,0.0193188428980105,,,,,,,27,0.0334683983505867,,,,,,,27,0.0131984705260894,,,,,,,27,0.0160746255658484,,,,,,
,26.5,0.196200099578863,,,,,,,26.5,0.231378157006511,,,,,,,26.5,0.209647309732071,,,,,,,26.5,0.230409763529565,,,,,,,26.5,0.0193237075639068,,,,,,,26.5,0.0334853897420676,,,,,,,26.5,0.0132016163242468,,,,,,,26.5,0.0160709834859364,,,,,,
,26,0.195761216222296,,,,,,,26,0.231065720699181,,,,,,,26,0.209040041183832,,,,,,,26,0.229732723389796,,,,,,,26,0.0193411968095449,,,,,,,26,0.0334920245015805,,,,,,,26,0.0131966082617565,,,,,,,26,0.0160765350993488,,,,,,
,25.5,0.195374647638928,,,,,,,25.5,0.230768036882995,,,,,,,25.5,0.208401737292606,,,,,,,25.5,0.22901854123976,,,,,,,25.5,0.0193728603320878,,,,,,,25.5,0.0334709369669556,,,,,,,25.5,0.0132037846601026,,,,,,,25.5,0.0160799940158314,,,,,,
,25,0.194974838603345,,,,,,,25,0.230505209892834,,,,,,,25,0.207760008345471,,,,,,,25,0.228321187288896,,,,,,,25,0.019361622060985,,,,,,,25,0.0334871851700599,,,,,,,25,0.0131941421387041,,,,,,,25,0.0160793196053831,,,,,,
,24.5,0.194563832777046,,,,,,,24.5,0.230280594586194,,,,,,,24.5,0.20701479475462,,,,,,,24.5,0.227537030173057,,,,,,,24.5,0.019354400389956,,,,,,,24.5,0.0334931836217742,,,,,,,24.5,0.0131822501922669,,,,,,,24.5,0.0160613588730858,,,,,,
,24,0.194126323935412,,,,,,,24,0.230025233141551,,,,,,,24,0.206286632889203,,,,,,,24,0.226763571816559,,,,,,,24,0.0193664780990793,,,,,,,24,0.0335098922765366,,,,,,,24,0.0131697882994635,,,,,,,24,0.0160577558034149,,,,,,
,23.5,0.193787976950923,,,,,,,23.5,0.229805446033489,,,,,,,23.5,0.205565529454101,,,,,,,23.5,0.225974383654767,,,,,,,23.5,0.0193674178755044,,,,,,,23.5,0.0335141307881252,,,,,,,23.5,0.0131464278938156,,,,,,,23.5,0.0160543555080698,,,,,,
,23,0.193494883857368,,,,,,,23,0.229629488209448,,,,,,,23,0.204974007572821,,,,,,,23,0.225361737412084,,,,,,,23,0.0194061279982756,,,,,,,23,0.0335392112255356,,,,,,,23,0.0131316085363881,,,,,,,23,0.0160747396685063,,,,,,
,22.5,0.193194180670099,,,,,,,22.5,0.229451476006626,,,,,,,22.5,0.204371886401443,,,,,,,22.5,0.224675928291156,,,,,,,22.5,0.0194153759411722,,,,,,,22.5,0.0335507117717784,,,,,,,22.5,0.0131068703162691,,,,,,,22.5,0.0160838322436094,,,,,,
,22,0.192913904492758,,,,,,,22,0.229283076118016,,,,,,,22,0.203800656492369,,,,,,,22,0.224000885524756,,,,,,,22,0.0194200639625275,,,,,,,22,0.0335504902315193,,,,,,,22,0.0130803299170823,,,,,,,22,0.0160507267367859,,,,,,
,21.5,0.192661663680954,,,,,,,21.5,0.229131472423091,,,,,,,21.5,0.203241047848552,,,,,,,21.5,0.223385536672192,,,,,,,21.5,0.0194336643843205,,,,,,,21.5,0.0335710813303034,,,,,,,21.5,0.0130631595686513,,,,,,,21.5,0.0160555169043395,,,,,,
,21,0.192439153372958,,,,,,,21,0.228971959517044,,,,,,,21,0.202714829907225,,,,,,,21,0.222763521047025,,,,,,,21,0.019450175803045,,,,,,,21,0.0335763635003349,,,,,,,21,0.0130471926447368,,,,,,,21,0.0160621558368905,,,,,,
,20.5,0.192201259480444,,,,,,,20.5,0.228825004254971,,,,,,,20.5,0.202209433755131,,,,,,,20.5,0.222126211384967,,,,,,,20.5,0.0194581574012435,,,,,,,20.5,0.0335775919260732,,,,,,,20.5,0.0130362192127879,,,,,,,20.5,0.0160498250068106,,,,,,
,20,0.191968691962363,,,,,,,20,0.2286656874984,,,,,,,20,0.201710821768372,,,,,,,20,0.221535750054931,,,,,,,20,0.0194612553026933,,,,,,,20,0.03357349403273,,,,,,,20,0.0130066584209959,,,,,,,20,0.0160470232663258,,,,,,
,19.5,0.191730445450652,,,,,,,19.5,0.228498000240699,,,,,,,19.5,0.201257904395308,,,,,,,19.5,0.220980162099944,,,,,,,19.5,0.0194609373729811,,,,,,,19.5,0.0335682806733426,,,,,,,19.5,0.0129806491000495,,,,,,,19.5,0.0160412503593298,,,,,,
,19,0.191500394926974,,,,,,,19,0.228324647699238,,,,,,,19,0.200822101618702,,,,,,,19,0.220376963843372,,,,,,,19,0.019443606830399,,,,,,,19,0.0335422713577693,,,,,,,19,0.0129558707011676,,,,,,,19,0.0160207721255739,,,,,,
,18.5,0.191262710340387,,,,,,,18.5,0.228166068778395,,,,,,,18.5,0.200388049641079,,,,,,,18.5,0.219803905807509,,,,,,,18.5,0.0194197129544854,,,,,,,18.5,0.0335205919312123,,,,,,,18.5,0.0129302051016365,,,,,,,18.5,0.0160120025771839,,,,,,
,18,0.191002479702874,,,,,,,18,0.227979813238321,,,,,,,18,0.199980268428141,,,,,,,18,0.219299323821835,,,,,,,18,0.0193936062098466,,,,,,,18,0.0334976161736869,,,,,,,18,0.0128981924821728,,,,,,,18,0.0160277796013437,,,,,,
,17.5,0.19076097872655,,,,,,,17.5,0.227805521943258,,,,,,,17.5,0.199629067432263,,,,,,,17.5,0.218776233502118,,,,,,,17.5,0.0193647062350899,,,,,,,17.5,0.0334714184134272,,,,,,,17.5,0.0128692859151427,,,,,,,17.5,0.0159940280456277,,,,,,
,17,0.190484338270062,,,,,,,17,0.22763840856307,,,,,,,17,0.199245513729334,,,,,,,17,0.218249859007627,,,,,,,17,0.0193038857566132,,,,,,,17,0.0334259243197084,,,,,,,17,0.0128363557722851,,,,,,,17,0.0159499264272185,,,,,,
,16.5,0.190236933322187,,,,,,,16.5,0.227444750260271,,,,,,,16.5,0.198904558869553,,,,,,,16.5,0.217804483922337,,,,,,,16.5,0.0192705372204847,,,,,,,16.5,0.0333956518017001,,,,,,,16.5,0.0128081037130628,,,,,,,16.5,0.0159522075338319,,,,,,
,16,0.190039640764699,,,,,,,16,0.227326776842739,,,,,,,16,0.198573429972703,,,,,,,16,0.217362517405914,,,,,,,16,0.0192367328332631,,,,,,,16,0.0333757102327271,,,,,,,16,0.0127694130441792,,,,,,,16,0.0159263382280924,,,,,,
,15.5,0.18986839965598,,,,,,,15.5,0.227146359386066,,,,,,,15.5,0.198294563303043,,,,,,,15.5,0.216963742157778,,,,,,,15.5,0.0192048321410451,,,,,,,15.5,0.0333498365944762,,,,,,,15.5,0.012744680075279,,,,,,,15.5,0.0159189575554447,,,,,,
,15,0.189753492950081,,,,,,,15,0.227058082415374,,,,,,,15,0.198045810766941,,,,,,,15,0.216598833157929,,,,,,,15,0.019193130097595,,,,,,,15,0.0333487396109092,,,,,,,15,0.0127221468106459,,,,,,,15,0.0159052619721349,,,,,,
,14.5,0.189682569147066,,,,,,,14.5,0.227027893400684,,,,,,,14.5,0.197814599958551,,,,,,,14.5,0.216283865788577,,,,,,,14.5,0.0192240922046517,,,,,,,14.5,0.0333866075586634,,,,,,,14.5,0.0127263474084744,,,,,,,14.5,0.0159306388135787,,,,,,
,14,0.189645883664929,,,,,,,14,0.227018591973745,,,,,,,14,0.197611190507901,,,,,,,14,0.216006354101232,,,,,,,14,0.019259898444553,,,,,,,14,0.0334413051422957,,,,,,,14,0.012727934351092,,,,,,,14,0.0159749233305521,,,,,,
,13.5,0.189600683570803,,,,,,,13.5,0.227013520150602,,,,,,,13.5,0.197422197768213,,,,,,,13.5,0.215772823187112,,,,,,,13.5,0.0192999317574823,,,,,,,13.5,0.0334979239208082,,,,,,,13.5,0.0127396676417047,,,,,,,13.5,0.0160181256015261,,,,,,
,13,0.189548797308906,,,,,,,13,0.226972970982811,,,,,,,13,0.197235855516476,,,,,,,13,0.215524683985321,,,,,,,13,0.0193478947251108,,,,,,,13,0.0335537173589195,,,,,,,13,0.0127538193262338,,,,,,,13,0.0160646194571583,,,,,,
,12.5,0.189515112266249,,,,,,,12.5,0.226960490780644,,,,,,,12.5,0.197011210895748,,,,,,,12.5,0.215303475728061,,,,,,,12.5,0.0193828803151648,,,,,,,12.5,0.0335951870725412,,,,,,,12.5,0.0127399210694808,,,,,,,12.5,0.0160983636406852,,,,,,
,12,0.18946634914737,,,,,,,12,0.226925420105813,,,,,,,12,0.196825142329572,,,,,,,12,0.215070697214666,,,,,,,12,0.0194149534413876,,,,,,,12,0.0336481390364129,,,,,,,12,0.0127437146874449,,,,,,,12,0.0161212974394281,,,,,,
,11.5,0.189440244500543,,,,,,,11.5,0.226894670494086,,,,,,,11.5,0.196665698032368,,,,,,,11.5,0.21485453575142,,,,,,,11.5,0.0194568293846379,,,,,,,11.5,0.0337073265446964,,,,,,,11.5,0.0127555891420587,,,,,,,11.5,0.0161674326938801,,,,,,
,11,0.189410362775037,,,,,,,11,0.22686144965755,,,,,,,11,0.196483719408921,,,,,,,11,0.214629029592052,,,,,,,11,0.0194854980073526,,,,,,,11,0.0337521381965572,,,,,,,11,0.0127535038996761,,,,,,,11,0.0161737280454922,,,,,,
,10.5,0.189364423337534,,,,,,,10.5,0.226834534401151,,,,,,,10.5,0.196324476592033,,,,,,,10.5,0.2144390104636,,,,,,,10.5,0.0195178173120786,,,,,,,10.5,0.0338007675084638,,,,,,,10.5,0.0127523232217933,,,,,,,10.5,0.016214416597359,,,,,,
,10,0.189341975216821,,,,,,,10,0.226806511028467,,,,,,,10,0.19618080833408,,,,,,,10,0.214213288357452,,,,,,,10,0.0195497167381626,,,,,,,10,0.033830887017853,,,,,,,10,0.0127643311558742,,,,,,,10,0.0162171203493547,,,,,,
,9.5,0.189311930666566,,,,,,,9.5,0.226762194611354,,,,,,,9.5,0.196062498706471,,,,,,,9.5,0.214035261061763,,,,,,,9.5,0.0195777658235333,,,,,,,9.5,0.033871243933551,,,,,,,9.5,0.0127736055436897,,,,,,,9.5,0.0162515853873116,,,,,,
,9,0.189239289231126,,,,,,,9,0.226668183405766,,,,,,,9,0.195917888105381,,,,,,,9,0.213858042529215,,,,,,,9,0.0195955154312859,,,,,,,9,0.0338844021505432,,,,,,,9,0.0127781963647441,,,,,,,9,0.0162737291567199,,,,,,
,8.5,0.189197674608579,,,,,,,8.5,0.226594447654547,,,,,,,8.5,0.19577947672765,,,,,,,8.5,0.213677674364346,,,,,,,8.5,0.0196250783060494,,,,,,,8.5,0.0339069505753266,,,,,,,8.5,0.012787962451284,,,,,,,8.5,0.0162989918414771,,,,,,
,8,0.189157886866469,,,,,,,8,0.226534461412674,,,,,,,8,0.19567338794886,,,,,,,8,0.213468419039501,,,,,,,8,0.0196515364031682,,,,,,,8,0.0339382996046886,,,,,,,8,0.0128146033204345,,,,,,,8,0.0162971799368404,,,,,,
,7.5,0.189093305321983,,,,,,,7.5,0.226449424072726,,,,,,,7.5,0.195528354574845,,,,,,,7.5,0.213272244363554,,,,,,,7.5,0.0196727188250327,,,,,,,7.5,0.033953117377224,,,,,,,7.5,0.0128228179646768,,,,,,,7.5,0.0163073367610339,,,,,,
,7,0.189027994763605,,,,,,,7,0.226354731415122,,,,,,,7,0.195418317902138,,,,,,,7,0.213077438960124,,,,,,,7,0.0196693936019677,,,,,,,7,0.0339543426148914,,,,,,,7,0.012835362267799,,,,,,,7,0.0163141505022477,,,,,,
,6.5,0.188975762522835,,,,,,,6.5,0.226271868751739,,,,,,,6.5,0.195298576253812,,,,,,,6.5,0.212899262350417,,,,,,,6.5,0.0196864653638451,,,,,,,6.5,0.0339656555446666,,,,,,,6.5,0.0128562266623459,,,,,,,6.5,0.0163273469566268,,,,,,
,6,0.188916221728896,,,,,,,6,0.226202797877362,,,,,,,6,0.195179663370006,,,,,,,6,0.212740250881561,,,,,,,6,0.0196987970118019,,,,,,,6,0.0339923573163179,,,,,,,6,0.0128757171581366,,,,,,,6,0.0163508457656812,,,,,,
,5.5,0.188861031878246,,,,,,,5.5,0.226122348370882,,,,,,,5.5,0.195051055103697,,,,,,,5.5,0.21256123426676,,,,,,,5.5,0.0197116676124741,,,,,,,5.5,0.0339975109081073,,,,,,,5.5,0.0128741722581153,,,,,,,5.5,0.0163483466350391,,,,,,
,5.30000019073486,0.188845237640129,,,,,,,5.30000019073486,0.226092620877903,,,,,,,5.30000019073486,0.19499616338201,,,,,,,5.30000019073486,0.212482710595055,,,,,,,5.30000019073486,0.0197155156831183,,,,,,,5.30000019073486,0.0340024952576515,,,,,,,5.30000019073486,0.0128664592969971,,,,,,,5.30000019073486,0.0163328359770944,,,,,,
