CSV Report,2023_08_03_DNA_MOPS_75_Na_salz_2.csv
Worksheet Type,Thermal

METHOD
X mode,nm
Y mode,Abs
Collect mode,Wavelength
Wavelengths (nm),260.00,400.00
Averaging Time (s),2
Spectral Bandwidth (nm),2
Detector module,Multicell Peltier UV-Vis
Zero,Off
Experiment Zones,1

Temperature Collection
Start (°C),21.0
Return (°C),21.0

Derivative
Lower limit (°C),-5
Upper limit (°C),110

Number of stages,5
Stage,Collect data,Data Interval (°C),Rate (°C/min),End (°C),Hold (min)
Stage 1,No,1.0,2.0,60.0,5.00
Stage 2,Yes,0.5,1.0,20.0,5.00
Stage 3,Yes,0.5,1.0,60.0,5.00
Stage 4,Yes,0.5,1.0,20.0,5.00
Stage 5,Yes,0.5,1.0,60.0,5.00

SAMPLES
Name,0_mM_Na(I)_MOPS_pH7.5_unentsalzen_260.00nm_60.0-20.0C,,0_mM_Na(I)_MOPS_pH7.5_unentsalzen_260.00nm_20.0-60.0C,,0_mM_Na(I)_MOPS_pH7.5_unentsalzen_260.00nm_60.0-20.0C_R1,,0_mM_Na(I)_MOPS_pH7.5_unentsalzen_260.00nm_20.0-60.0C_R1,,0_mM_Na(I)_MOPS_ph7.5_entsalzen_260.00nm_60.0-20.0C,,0_mM_Na(I)_MOPS_ph7.5_entsalzen_260.00nm_20.0-60.0C,,0_mM_Na(I)_MOPS_ph7.5_entsalzen_260.00nm_60.0-20.0C_R1,,0_mM_Na(I)_MOPS_ph7.5_entsalzen_260.00nm_20.0-60.0C_R1,,0_mM_unentsalzen_260.00nm_60.0-20.0C,,0_mM_unentsalzen_260.00nm_20.0-60.0C,,0_mM_unentsalzen_260.00nm_60.0-20.0C_R1,,0_mM_unentsalzen_260.00nm_20.0-60.0C_R1,,0_mM_entsalzen_260.00nm_60.0-20.0C,,0_mM_entsalzen_260.00nm_20.0-60.0C,,0_mM_entsalzen_260.00nm_60.0-20.0C_R1,,0_mM_entsalzen_260.00nm_20.0-60.0C_R1,,0_mM_Na(I)_MOPS_pH7.5_unentsalzen_400.00nm_60.0-20.0C,,0_mM_Na(I)_MOPS_pH7.5_unentsalzen_400.00nm_20.0-60.0C,,0_mM_Na(I)_MOPS_pH7.5_unentsalzen_400.00nm_60.0-20.0C_R1,,0_mM_Na(I)_MOPS_pH7.5_unentsalzen_400.00nm_20.0-60.0C_R1,,0_mM_Na(I)_MOPS_ph7.5_entsalzen_400.00nm_60.0-20.0C,,0_mM_Na(I)_MOPS_ph7.5_entsalzen_400.00nm_20.0-60.0C,,0_mM_Na(I)_MOPS_ph7.5_entsalzen_400.00nm_60.0-20.0C_R1,,0_mM_Na(I)_MOPS_ph7.5_entsalzen_400.00nm_20.0-60.0C_R1,,0_mM_unentsalzen_400.00nm_60.0-20.0C,,0_mM_unentsalzen_400.00nm_20.0-60.0C,,0_mM_unentsalzen_400.00nm_60.0-20.0C_R1,,0_mM_unentsalzen_400.00nm_20.0-60.0C_R1,,0_mM_entsalzen_400.00nm_60.0-20.0C,,0_mM_entsalzen_400.00nm_20.0-60.0C,,0_mM_entsalzen_400.00nm_60.0-20.0C_R1,,0_mM_entsalzen_400.00nm_20.0-60.0C_R1,
Collection Time,2023-08-03 13:46:05 (+02:00),,2023-08-03 13:46:05 (+02:00),,2023-08-03 13:46:05 (+02:00),,2023-08-03 13:46:05 (+02:00),,2023-08-03 13:46:05 (+02:00),,2023-08-03 13:46:05 (+02:00),,2023-08-03 13:46:05 (+02:00),,2023-08-03 13:46:05 (+02:00),,2023-08-03 13:46:05 (+02:00),,2023-08-03 13:46:05 (+02:00),,2023-08-03 13:46:05 (+02:00),,2023-08-03 13:46:05 (+02:00),,2023-08-03 13:46:05 (+02:00),,2023-08-03 13:46:05 (+02:00),,2023-08-03 13:46:05 (+02:00),,2023-08-03 13:46:05 (+02:00),,2023-08-03 13:46:05 (+02:00),,2023-08-03 13:46:05 (+02:00),,2023-08-03 13:46:05 (+02:00),,2023-08-03 13:46:05 (+02:00),,2023-08-03 13:46:05 (+02:00),,2023-08-03 13:46:05 (+02:00),,2023-08-03 13:46:05 (+02:00),,2023-08-03 13:46:05 (+02:00),,2023-08-03 13:46:05 (+02:00),,2023-08-03 13:46:05 (+02:00),,2023-08-03 13:46:05 (+02:00),,2023-08-03 13:46:05 (+02:00),,2023-08-03 13:46:05 (+02:00),,2023-08-03 13:46:05 (+02:00),,2023-08-03 13:46:05 (+02:00),,2023-08-03 13:46:05 (+02:00),
Cell Number,Cell 3,,Cell 3,,Cell 3,,Cell 3,,Cell 4,,Cell 4,,Cell 4,,Cell 4,,Cell 5,,Cell 5,,Cell 5,,Cell 5,,Cell 6,,Cell 6,,Cell 6,,Cell 6,,Cell 3,,Cell 3,,Cell 3,,Cell 3,,Cell 4,,Cell 4,,Cell 4,,Cell 4,,Cell 5,,Cell 5,,Cell 5,,Cell 5,,Cell 6,,Cell 6,,Cell 6,,Cell 6,
Module Serial Number,MY2226ZC01,,MY2226ZC01,,MY2226ZC01,,MY2226ZC01,,MY2226ZC01,,MY2226ZC01,,MY2226ZC01,,MY2226ZC01,,MY2226ZC01,,MY2226ZC01,,MY2226ZC01,,MY2226ZC01,,MY2226ZC01,,MY2226ZC01,,MY2226ZC01,,MY2226ZC01,,MY2226ZC01,,MY2226ZC01,,MY2226ZC01,,MY2226ZC01,,MY2226ZC01,,MY2226ZC01,,MY2226ZC01,,MY2226ZC01,,MY2226ZC01,,MY2226ZC01,,MY2226ZC01,,MY2226ZC01,,MY2226ZC01,,MY2226ZC01,,MY2226ZC01,,MY2226ZC01,
Instrument Serial Number,MY2228ZA03,,MY2228ZA03,,MY2228ZA03,,MY2228ZA03,,MY2228ZA03,,MY2228ZA03,,MY2228ZA03,,MY2228ZA03,,MY2228ZA03,,MY2228ZA03,,MY2228ZA03,,MY2228ZA03,,MY2228ZA03,,MY2228ZA03,,MY2228ZA03,,MY2228ZA03,,MY2228ZA03,,MY2228ZA03,,MY2228ZA03,,MY2228ZA03,,MY2228ZA03,,MY2228ZA03,,MY2228ZA03,,MY2228ZA03,,MY2228ZA03,,MY2228ZA03,,MY2228ZA03,,MY2228ZA03,,MY2228ZA03,,MY2228ZA03,,MY2228ZA03,,MY2228ZA03,
Instrument Name,MY2228ZA03,,MY2228ZA03,,MY2228ZA03,,MY2228ZA03,,MY2228ZA03,,MY2228ZA03,,MY2228ZA03,,MY2228ZA03,,MY2228ZA03,,MY2228ZA03,,MY2228ZA03,,MY2228ZA03,,MY2228ZA03,,MY2228ZA03,,MY2228ZA03,,MY2228ZA03,,MY2228ZA03,,MY2228ZA03,,MY2228ZA03,,MY2228ZA03,,MY2228ZA03,,MY2228ZA03,,MY2228ZA03,,MY2228ZA03,,MY2228ZA03,,MY2228ZA03,,MY2228ZA03,,MY2228ZA03,,MY2228ZA03,,MY2228ZA03,,MY2228ZA03,,MY2228ZA03,
,Temperature (°C),Abs,Temperature (°C),Abs,Temperature (°C),Abs,Temperature (°C),Abs,Temperature (°C),Abs,Temperature (°C),Abs,Temperature (°C),Abs,Temperature (°C),Abs,Temperature (°C),Abs,Temperature (°C),Abs,Temperature (°C),Abs,Temperature (°C),Abs,Temperature (°C),Abs,Temperature (°C),Abs,Temperature (°C),Abs,Temperature (°C),Abs,Temperature (°C),Abs,Temperature (°C),Abs,Temperature (°C),Abs,Temperature (°C),Abs,Temperature (°C),Abs,Temperature (°C),Abs,Temperature (°C),Abs,Temperature (°C),Abs,Temperature (°C),Abs,Temperature (°C),Abs,Temperature (°C),Abs,Temperature (°C),Abs,Temperature (°C),Abs,Temperature (°C),Abs,Temperature (°C),Abs,Temperature (°C),Abs
,60,0.0705909745593912,20,0.192409453475807,60,0.242678111096044,20,0.193589951428993,60,0.118216661806772,20,0.230059617586155,60,0.29164112310484,20,0.231961337998481,60,0.0833423038890613,20,0.202257763565778,60,0.255879174851532,20,0.203844019803839,60,0.10299441714352,20,0.221174561789183,60,0.276032226541799,20,0.222994445703904,60,-0.125834933838026,20,0.0198084119662139,60,0.0195286441807734,20,0.0196277817344703,60,-0.111618706758668,20,0.0336666552190566,60,0.033755118014205,20,0.0334975046599353,60,-0.132191847675554,20,0.0135401304064486,60,0.0135869398699078,20,0.0133464170667311,60,-0.129638823118958,20,0.0164736687107158,60,0.0161672960440075,20,0.0162459997822555
,59.5,0.0777233219157792,20.5,0.187293330161704,59.5,0.242606909325701,20.5,0.193576692519277,59.5,0.125351926727448,20.5,0.224903364680854,59.5,0.291550638052666,20.5,0.231948139275431,59.5,0.0907287156971238,20.5,0.196702863562831,59.5,0.255783101143433,20.5,0.203884429203852,59.5,0.110419121992781,20.5,0.215589278537488,59.5,0.275882753779174,20.5,0.222984412790664,59.5,-0.120288871350919,20.5,0.0154259372409309,59.5,0.01955553141794,20.5,0.0196099755971614,59.5,-0.106075315689843,20.5,0.0292477537645196,59.5,0.0337533563938358,20.5,0.0334597148464135,59.5,-0.12608824840063,20.5,0.00876407270993305,59.5,0.0135883796259682,20.5,0.0133568898426957,59.5,-0.123532950135652,20.5,0.0116599846529335,59.5,0.0161760907028877,20.5,0.0162222155441925
,59,0.0777357384888855,21,0.177008473036824,59,0.242585124265164,21,0.193633060816906,59,0.125296709228827,21,0.214609951050285,59,0.291538106196524,21,0.232018384059616,59,0.0908671505112158,21,0.186638060573694,59,0.255652811948834,21,0.204052694265688,59,0.110502037244591,21,0.205528721622605,59,0.275748673309188,21,0.223140021853529,59,-0.121870415756848,21,0.00643469250174059,59,0.0195550040585959,21,0.0195929722109608,59,-0.107672365122112,21,0.020252712501246,59,0.0337928997258487,21,0.0334659810584357,59,-0.127774193812416,21,-6.9923641136991E-05,59,0.0135919470790365,21,0.0133708278658963,59,-0.125249189012877,21,0.00279764853032808,59,0.0161845365459696,21,0.0162243202476824
,58.5,0.0823918707071138,21.5,0.167316819258419,58.5,0.24255776413003,21.5,0.193712831305024,58.5,0.129927694650946,21.5,0.204918722957811,58.5,0.291504358615618,21.5,0.232093568972268,58.5,0.0957894318600423,21.5,0.175948550690807,58.5,0.255517382340464,21.5,0.204222813478229,58.5,0.115625809750652,21.5,0.194870235029405,58.5,0.275738070637782,21.5,0.223307676262823,58.5,-0.119683087911034,21.5,-0.0023330715218608,58.5,0.0195721736271252,21.5,0.0195832205488397,58.5,-0.105495615043834,21.5,0.0114923943455158,58.5,0.0338042967005604,21.5,0.0334694516975768,58.5,-0.125400674649061,21.5,-0.0097855748867843,58.5,0.013625975224218,21.5,0.0133802440545662,58.5,-0.122860173099817,21.5,-0.00692675564046627,58.5,0.016207568384983,21.5,0.0162304863536475
,58,0.0905075051659407,22,0.154916987866988,58,0.242493264004899,22,0.19386769526854,58,0.138085442782162,22,0.192501166873883,58,0.291488973115697,22,0.232230826179841,58,0.103425780988465,22,0.164351610859463,58,0.255482194067558,22,0.204480878344552,58,0.123345758900823,22,0.183326893628041,58,0.275778322157758,22,0.223614579597392,58,-0.116431060903758,22,-0.0138518989550282,58,0.0195731097753651,22,0.0196030104148798,58,-0.102231051286174,22,-2.47849278522259E-05,58,0.0337780236922842,22,0.0334877144709886,58,-0.122450717383706,22,-0.0206711386915648,58,0.0136153969315034,22,0.0134010011173109,58,-0.11990748792532,22,-0.0178220126880626,58,0.0162139305121914,22,0.0162454983200322
,57.5,0.095216300619958,22.5,0.14357677021807,57.5,0.242488444237706,22.5,0.194055331775717,57.5,0.142801623799756,22.5,0.181126721784598,57.5,0.291581338201223,22.5,0.232378982142276,57.5,0.108007841619335,22.5,0.153448923778231,57.5,0.255441240616216,22.5,0.204683709721761,57.5,0.127960665945318,22.5,0.172582962947582,57.5,0.275882660730012,22.5,0.224066897261524,57.5,-0.117777292542369,22.5,-0.0244221174323063,57.5,0.0195782652790755,22.5,0.0196247353214702,57.5,-0.103566536656428,22.5,-0.0105841787329013,57.5,0.0337889903397837,22.5,0.0334988044700146,57.5,-0.124012784556962,22.5,-0.0308781900505328,57.5,0.0136298011256253,22.5,0.0134208571842936,57.5,-0.12146852378241,22.5,-0.0280494939796324,57.5,0.0162091215114685,22.5,0.0162539284536216
,57,0.0943364906538489,23,0.132173748870179,57,0.242502460427542,23,0.19425606896463,57,0.142482898173357,23,0.169681998931232,57,0.291726212383373,23,0.232512468275135,57,0.107086250613511,23,0.142847513423058,57,0.255362741771784,23,0.20483316312597,57,0.126990523072425,23,0.162244897444629,57,0.275682189783933,23,0.224487289951868,57,-0.122637704550906,23,-0.0347392778353224,57,0.0195922740843071,23,0.0196210838959745,57,-0.108426963247329,23,-0.0208827913339379,57,0.0338002836467613,23,0.0334966443536266,57,-0.12898735126243,23,-0.0404841640438994,57,0.0136440580742529,23,0.0134084158823658,57,-0.126447491359054,23,-0.0376679424707585,57,0.01621961640053,23,0.0162205693283668
,56.5,0.0929692578850903,23.5,0.120500321265677,56.5,0.242396024827448,23.5,0.194525615514143,56.5,0.142439050659584,23.5,0.157890411787955,56.5,0.291550709148013,23.5,0.232704727102317,56.5,0.105764489266386,23.5,0.130480321231176,56.5,0.255348293555138,23.5,0.205136552284941,56.5,0.125635935913662,23.5,0.150156193544804,56.5,0.275657146790377,23.5,0.225010320689022,56.5,-0.126796327666302,23.5,-0.0453891194208129,56.5,0.0195931739203661,23.5,0.0196512616252228,56.5,-0.112592613645253,23.5,-0.0315138096548087,56.5,0.0338104714953629,23.5,0.0335481731787294,56.5,-0.133166700537,23.5,-0.0517618923220132,56.5,0.0136491143224344,23.5,0.0134361885609869,56.5,-0.13062505032885,23.5,-0.0489546293683537,56.5,0.0162340783236846,23.5,0.0162345220770317
,56,0.0907548873158475,24,0.114499327153248,56,0.242355649370109,24,0.194848808732091,56,0.13907620946895,24,0.151808316892218,56,0.291472400390519,24,0.232913711242426,56,0.103342024582773,24,0.12494857603774,56,0.2552986457232,24,0.205638108946324,56,0.12318118732502,24,0.144677190502798,56,0.275659691507989,24,0.225557768037758,56,-0.130937743702723,24,-0.0510903911762129,56,0.0196157669698446,24,0.0196756369115596,56,-0.116746174254612,24,-0.0372000114853596,56,0.0338177860907738,24,0.0335777599785103,56,-0.137297873931668,24,-0.057224709708224,56,0.0136523935365271,24,0.0134609629324081,56,-0.134757644195997,24,-0.0544455042254002,56,0.016252594168248,24,0.0162342314799008
,55.5,0.0881831813499489,24.5,0.109318739846717,55.5,0.242339733978301,24.5,0.19517674461226,55.5,0.136306823148874,24.5,0.146564903604059,55.5,0.291507286302506,24.5,0.233100460029937,55.5,0.101317352402541,24.5,0.11962829037365,55.5,0.255243199957653,24.5,0.206171305952468,55.5,0.121104335905029,24.5,0.139423007145268,55.5,0.275593279603801,24.5,0.226176724104841,55.5,-0.133644362843085,24.5,-0.0558813573710166,55.5,0.0196201540163296,24.5,0.0197124446746232,55.5,-0.119453391627341,24.5,-0.0419750059570329,55.5,0.033810402313805,24.5,0.0336045633629321,55.5,-0.139575489755884,24.5,-0.062389158925742,55.5,0.0136532187371161,24.5,0.0134814574898361,55.5,-0.137042864499666,24.5,-0.0596146467435035,55.5,0.016240009786915,24.5,0.0162378273900677
,55,0.0904331976284459,25,0.105011291889767,55,0.242241478435595,25,0.195467765450381,55,0.138341839248589,25,0.14209477517482,55,0.291421147551131,25,0.233259804558471,55,0.103781079713839,25,0.115830412328114,55,0.2551660213707,25,0.206659024002024,55,0.123603575471213,25,0.135650384288444,55,0.275501139424764,25,0.226820282172891,55,-0.131700478295671,25,-0.059530249452459,55,0.0196310092141629,25,0.0197242844520149,55,-0.117520635328713,25,-0.0456109862733645,55,0.0338240809570684,25,0.0336216712461732,55,-0.137324752060263,25,-0.0657196170362166,55,0.013663392551305,25,0.0134763620914029,55,-0.134774946827338,25,-0.0629820195816423,55,0.0162425715042255,25,0.016253163498228
,54.5,0.0945918442083761,25.5,0.105558034127949,54.5,0.242153587031374,25.5,0.195749376592653,54.5,0.142434961430926,25.5,0.142500206208776,54.5,0.291291848625526,25.5,0.233444091763202,54.5,0.108403771664803,25.5,0.116172266127311,54.5,0.255095607542543,25.5,0.207217339871179,54.5,0.128209109585593,25.5,0.13607962727989,54.5,0.275413680197697,25.5,0.227449090901358,54.5,-0.127472868645078,25.5,-0.0588890984424737,54.5,0.019630764616265,25.5,0.0197215397770768,54.5,-0.113298447118581,25.5,-0.0449719533391393,54.5,0.0338302165799414,25.5,0.0336228520534601,54.5,-0.132620237190169,25.5,-0.0652715134892706,54.5,0.0136702687622979,25.5,0.0134836445976226,54.5,-0.130072119589845,25.5,-0.062525972114852,54.5,0.0162535003876312,25.5,0.0162445594184813
,54,0.102568629202698,26,0.101126910950474,54,0.242118370109705,26,0.196118266304102,54,0.150468822595646,26,0.137960219101758,54,0.291232185435505,26,0.233637893662559,54,0.115989056152004,26,0.112194696012506,54,0.255010894351297,26,0.207786146146695,54,0.135771036853791,26,0.132145320068582,54,0.275368727657294,26,0.228088855094112,54,-0.119270287191618,26,-0.0629279882676499,54,0.0196197065380067,26,0.0197701258545833,54,-0.10509467983077,26,-0.0489952176704804,54,0.0338145981085368,26,0.0336373619102128,54,-0.124881938955838,26,-0.069344545217933,54,0.0136492728890051,26,0.0134992292542248,54,-0.122349055495245,26,-0.0666120748187112,54,0.0162374320311449,26,0.016241991363347
,53.5,0.112415378342379,26.5,0.0981784198361362,53.5,0.242069163713097,26.5,0.196502492314177,53.5,0.160307896430137,26.5,0.134897038830536,53.5,0.291164843991528,26.5,0.233845598558165,53.5,0.126764277564829,26.5,0.10951814979408,53.5,0.25496770054643,26.5,0.208327089333699,53.5,0.146539777724546,26.5,0.129543123468521,53.5,0.275296370451534,26.5,0.228738872531028,53.5,-0.109076221571301,26.5,-0.0656946716814953,53.5,0.019642081878703,26.5,0.0197904723250686,53.5,-0.0949124389007132,26.5,-0.0517547804580767,53.5,0.0338291134308229,26.5,0.0336289380626612,53.5,-0.113702333735206,26.5,-0.0720131115410607,53.5,0.0136697941737382,26.5,0.0135073470658242,53.5,-0.111167082129984,26.5,-0.0692812800593463,53.5,0.0162517478241157,26.5,0.0162458411841558
,53,0.125680315772654,27,0.0951217694160244,53,0.242011333809088,27,0.196821043091639,53,0.173586851147198,27,0.131747131956193,53,0.291046108884538,27,0.234061361394413,53,0.140134455192388,27,0.106581053608208,53,0.254896992552612,27,0.208911994895844,53,0.159897858173274,27,0.126709559718672,53,0.275190575732837,27,0.229409866056907,53,-0.0951802265801993,27,-0.0685648355023469,53,0.0196437061815937,27,0.0197880322413088,53,-0.0810174234486676,27,-0.0546287316401083,53,0.033830285105754,27,0.033644026649829,53,-0.0997453603545389,27,-0.0749438128092982,53,0.0136632871694249,27,0.0135194831519393,53,-0.0971980165092778,27,-0.0722377414789117,53,0.0162531944871626,27,0.016228416636321
,52.5,0.139338440077639,27.5,0.0913719496554685,52.5,0.241955732306538,27.5,0.197181987993567,52.5,0.187187742688711,27.5,0.127864705581417,52.5,0.290930758847118,27.5,0.234378675562539,52.5,0.152861328782481,27.5,0.103278761645974,52.5,0.254825814247674,27.5,0.209469902634434,52.5,0.172625192558302,27.5,0.123519463439322,52.5,0.275110707308664,27.5,0.230113441824797,52.5,-0.0809959103454426,27.5,-0.0723230567931621,52.5,0.0196734045971886,27.5,0.0197721525548631,52.5,-0.0668380245123498,27.5,-0.0583968805983858,52.5,0.0338346431393969,27.5,0.0336753122123286,52.5,-0.0865005419258407,27.5,-0.0785055675060645,52.5,0.0136745357015867,27.5,0.0135236177745501,52.5,-0.0839541663353901,27.5,-0.0758192267897295,52.5,0.0162626622138339,27.5,0.0162200680723184
,52,0.151472376731606,28,0.0913660741232498,52,0.241874778711226,28,0.197557411319052,52,0.199282272105778,28,0.127734867752212,52,0.29083877809972,28,0.234670892561431,52,0.165481999424595,28,0.103454847789194,52,0.254742756069796,28,0.210073170157678,52,0.185229173666016,28,0.123774861562,52,0.275025057068849,28,0.230849359049339,52,-0.0683850562997738,28,-0.0721080047721582,52,0.0196683253597878,28,0.0197568768153494,52,-0.0542423993742025,28,-0.0581762037444494,52,0.0338317416342061,28,0.0336754485395002,52,-0.0733886256740167,28,-0.0782944925395218,52,0.0136763476724052,28,0.013540671867467,52,-0.0708450186346947,28,-0.0756305784484542,52,0.0162644261607996,28,0.0162100453220618
,51.5,0.163583970867388,28.5,0.0921908734802005,51.5,0.241795132741735,28.5,0.197981841111726,51.5,0.21134243612504,28.5,0.128425818572894,51.5,0.290701527499345,28.5,0.234941725029176,51.5,0.177283353053406,28.5,0.104485703072755,51.5,0.254633037129489,28.5,0.210724641229101,51.5,0.197006109536507,28.5,0.124928269038604,51.5,0.274908670225017,28.5,0.231629944116248,51.5,-0.0557328631921426,28.5,-0.071681916006751,51.5,0.0196877566720664,28.5,0.0197350297219185,51.5,-0.0415900899675294,28.5,-0.0577582734564535,51.5,0.0338469545954238,28.5,0.0336356786203838,51.5,-0.0610344700390039,28.5,-0.0778702322329182,51.5,0.0136762615701761,28.5,0.0135103632118021,51.5,-0.058487900101242,28.5,-0.0752195141489616,51.5,0.0162695929744237,28.5,0.0161722524711681
,51,0.174428934973968,29,0.0921211642646377,51,0.24169079770625,29,0.198397711364696,51,0.22214968393664,29,0.128246380014958,51,0.290542007570294,29,0.23521838933,51,0.188093378795718,29,0.104693826386021,51,0.254516662333398,29,0.211413835588178,51,0.207805945154866,29,0.125247389356601,51,0.274784517383085,29,0.232405780421846,51,-0.0444601171065177,29,-0.0718630413741189,51,0.0196771693464931,29,0.0197530092617019,51,-0.0303287531180841,29,-0.0579199807929505,51,0.0338402695599128,29,0.0336522876552399,51,-0.0498022344715603,29,-0.0780402473001709,51,0.0136718835046386,29,0.0135352202088635,51,-0.0472592810380981,29,-0.0753805298031268,51,0.0162613846260697,29,0.0162006365417669
,50.5,0.186220758719778,29.5,0.092023019347216,50.5,0.241549734504943,29.5,0.198862314316542,50.5,0.233856370004656,29.5,0.127936043887413,50.5,0.290363344687562,29.5,0.235528930806719,50.5,0.199811079630192,29.5,0.104812488754628,50.5,0.254380572682255,29.5,0.21213243313968,50.5,0.219495327089899,29.5,0.125385466883543,50.5,0.274636201317554,29.5,0.233198119003532,50.5,-0.0323761984860941,29.5,-0.0722912395357216,50.5,0.0196759438533737,29.5,0.0197706393609843,50.5,-0.0182511053204804,29.5,-0.0583762164262363,50.5,0.0338276107147963,29.5,0.0336594034056742,50.5,-0.0377791303605409,29.5,-0.0785266446856767,50.5,0.0136602857344902,29.5,0.0135340380731851,50.5,-0.0352502419311434,29.5,-0.0758858339888276,50.5,0.016245863173243,29.5,0.0161778701912045
,50,0.196759336850084,30,0.0965893624960115,50,0.241502390612513,30,0.199302415208762,50,0.244327209337919,30,0.132442571933973,50,0.29024700734345,30,0.235850529278888,50,0.210725561425252,30,0.109929445297487,50,0.254331539322945,30,0.212834918819058,50,0.230389363051958,30,0.130570460657455,50,0.274564050792111,30,0.234028177051131,50,-0.0216824138506277,30,-0.0685368101537384,50,0.0196226018610155,30,0.0197794735384429,50,-0.00754761759634922,30,-0.0545895062984286,50,0.033771497030668,30,0.0336766139484191,50,-0.0266844122127656,30,-0.0745166025511627,50,0.0136101330157314,30,0.0135347079841873,50,-0.0241506086487783,30,-0.0718830092086423,50,0.0161828503587933,30,0.016196445585665
,49.5,0.206118528565953,30.5,0.0964483879998725,49.5,0.241436567577391,30.5,0.199799482315323,49.5,0.253575286713003,30.5,0.132236094117167,49.5,0.290068639427951,30.5,0.236195562889501,49.5,0.219863375406464,30.5,0.109767743407446,49.5,0.254253465300349,30.5,0.213618989744277,49.5,0.239509460391515,30.5,0.130513741640907,49.5,0.274451819774379,30.5,0.234906568066942,49.5,-0.0121281706673435,30.5,-0.0685177115583865,49.5,0.0196952703304969,30.5,0.0197816526887287,49.5,0.0020021396884995,30.5,-0.0545317084119578,49.5,0.0338308304600795,30.5,0.0336737605042531,49.5,-0.0173537104405508,30.5,-0.0747200823526101,49.5,0.0136776229158876,30.5,0.0135448968005701,49.5,-0.0148255068649708,30.5,-0.0720689915532782,49.5,0.0162414364587019,30.5,0.0162449439851922
,49,0.214169564033541,31,0.0963016785011834,49,0.241325285835503,31,0.200297823995468,49,0.261494566562611,31,0.131950114581178,49,0.289856194138387,31,0.236640901887416,49,0.227707734789604,31,0.109882473564414,49,0.254141532102851,31,0.214341291385666,49,0.247349171564629,31,0.13071954546208,49,0.274323613219617,31,0.235707948574152,49,-0.00418248182949683,31,-0.0691954531707578,49,0.0197108491166637,31,0.0197194625233748,49,0.00993102078172852,31,-0.0552499435037904,49,0.0338469112592398,31,0.0336345637989707,49,-0.0095915516836335,31,-0.0753662714437907,49,0.0136844064975506,31,0.0134997040335018,49,-0.00704749501525943,31,-0.0727204243030283,49,0.0162544528963695,31,0.0161663749029449
,48.5,0.220814058730746,31.5,0.0978838167264764,48.5,0.241248904601596,31.5,0.20082562641923,48.5,0.267989931316769,31.5,0.13343997770959,48.5,0.289650705234409,31.5,0.237076077916498,48.5,0.23396281905633,31.5,0.111729602898377,48.5,0.2540279866896,31.5,0.215089195919719,48.5,0.253607773179405,31.5,0.132662240327559,48.5,0.274230892605063,31.5,0.236548517634332,48.5,0.00230514907521427,31.5,-0.0680888172148975,48.5,0.0197125390455291,31.5,0.0197458676304368,48.5,0.0164185308021932,31.5,-0.0541456283368018,48.5,0.0338495928616806,31.5,0.0336696901330754,48.5,-0.00346178031132461,31.5,-0.0742058222823577,48.5,0.0136857293667998,31.5,0.0135433890477786,48.5,-0.000910030981524373,31.5,-0.0715803892665098,48.5,0.0162626489278364,31.5,0.0161818339619271
,48,0.226381993804403,32,0.0987480033323373,48,0.241146242834545,32,0.201381858421915,48,0.273382463933678,32,0.134177686462868,48,0.289338824833477,32,0.237501227456962,48,0.239547597272636,32,0.112683235592605,48,0.253886164497124,32,0.215807487615157,48,0.25919270415199,32,0.133746809155026,48,0.274093367078659,32,0.237416321873216,48,0.00769176658765476,32,-0.0678036761790144,48,0.0197166040723015,32,0.0197390905093808,48,0.021805223567364,32,-0.0538474712227009,48,0.0338346878297302,32,0.0336460571998365,48,0.00197410452539695,32,-0.0739777973919199,48,0.0136735233666563,32,0.0135162202086395,48,0.00451847697115663,32,-0.0713473696609538,48,0.0162469073165266,32,0.016161431007841
,47.5,0.231004562017904,32.5,0.0977126861247998,47.5,0.241044603944717,32.5,0.202032853088323,47.5,0.277784376423094,32.5,0.132995311089143,47.5,0.288974279836632,32.5,0.23800472678383,47.5,0.244217044583687,32.5,0.111725789538634,47.5,0.253734192930209,32.5,0.216586669765837,47.5,0.263864574387228,32.5,0.132956103717666,47.5,0.273942968593031,32.5,0.238353080962626,47.5,0.0121343831275086,32.5,-0.0692093952505247,47.5,0.019710390355047,32.5,0.0197577192338362,47.5,0.0262502344671571,32.5,-0.0552556443079048,47.5,0.0338254901232365,32.5,0.0336738858736484,47.5,0.00646670736922346,32.5,-0.075464583441673,47.5,0.0136549821501021,32.5,0.0135385031430663,47.5,0.00901219705834523,32.5,-0.0728076404853338,47.5,0.0162275994838458,32.5,0.0161918584599593
,47,0.234371088107126,33,0.0977215908726901,47,0.240941846380036,33,0.202705191796638,47,0.280869300791143,33,0.132788026283189,47,0.288519252082464,33,0.238456748208008,47,0.247347735774082,33,0.111910828808196,47,0.25362458164436,33,0.217353161822691,47,0.266996933414368,33,0.133296363065602,47,0.273814371555749,33,0.239276852783119,47,0.0152917761901619,33,-0.0696726312755408,47,0.0197226563261311,33,0.0197665168861883,47,0.0293895912521076,33,-0.0557089564309449,47,0.0338261497847416,33,0.0336757373463588,47,0.00941844696424552,33,-0.0758376564321493,47,0.0136646007652922,33,0.0135373859281498,47,0.0119622294846735,33,-0.0732149170136341,47,0.0162287064113515,33,0.0161842908366189
,46.5,0.236839753407654,33.5,0.0966197631823861,46.5,0.240843791581109,33.5,0.203474813945157,46.5,0.282935711156824,33.5,0.13137201764548,46.5,0.287977906686214,33.5,0.238963806345297,46.5,0.249657262625695,33.5,0.110859911069281,46.5,0.25346575732316,33.5,0.218231439741144,46.5,0.269341521240997,33.5,0.132474364979928,46.5,0.273654769615528,33.5,0.240410800002103,46.5,0.0175852898618563,33.5,-0.0713209166356954,46.5,0.0197324647411931,33.5,0.0197780703644466,46.5,0.0316727001697809,33.5,-0.0573596981478101,46.5,0.0338324815403918,33.5,0.0336774969007584,46.5,0.0116151351360434,33.5,-0.0774558829200689,46.5,0.0136740593321046,33.5,0.0135437782928305,46.5,0.0141690264828601,33.5,-0.0748317709192623,46.5,0.0162513147530018,33.5,0.0162112945806493
,46,0.23836234316019,34,0.101973647867587,46,0.24070295826937,34,0.204375873794808,46,0.283990375926772,34,0.136366342777833,46,0.287295972289998,34,0.239507957734302,46,0.251010572609007,34,0.116687236201379,46,0.253262506681193,34,0.219079852677695,46,0.270727540450937,34,0.138599511405126,46,0.273498264328781,34,0.241553607380402,46,0.0190546749106012,34,-0.0680078075778431,46,0.0197294721880455,34,0.0197565717039639,46,0.0331239232101861,34,-0.0540627664431633,46,0.0338306423329322,34,0.0336715885567315,46,0.0129818814140016,34,-0.0738205597854694,46,0.013677133866114,34,0.0135186513287182,46,0.0155213223215289,34,-0.0711883894831872,46,0.0162461270341323,34,0.0161776010904453
,45.5,0.239274156036622,34.5,0.102467028637929,45.5,0.24054006803273,34.5,0.205337072684433,45.5,0.284245537816562,34.5,0.136401433078211,45.5,0.286444100166982,34.5,0.240056717858249,45.5,0.251804672565597,34.5,0.116530474746574,45.5,0.253037825453832,34.5,0.220010456265606,45.5,0.271569059272192,34.5,0.138750656007902,45.5,0.273317200427232,34.5,0.24276347633652,45.5,0.0199576113634427,34.5,-0.068202480120847,45.5,0.0197211150504107,34.5,0.0197533148150276,45.5,0.034049721708817,34.5,-0.0542411241028231,45.5,0.0338153950845649,34.5,0.0336688752282576,45.5,0.0138528614502367,34.5,-0.0744289986452943,45.5,0.0136520099935569,34.5,0.013538997738176,45.5,0.0163941726678482,34.5,-0.0717912738516276,45.5,0.0162307691502511,34.5,0.0161630325190969
,45,0.239590099736451,35,0.102063817995239,45,0.240392391889528,35,0.206555581789089,45,0.283730427428414,35,0.135326245732734,45,0.285402911986555,35,0.240658706827857,45,0.251966472821352,35,0.115955492616468,45,0.252810910529728,35,0.221081989197601,45,0.271788269940284,35,0.138489680837622,45,0.273137586545348,35,0.244216712378641,45,0.0202837528855526,35,-0.0696493648748998,45,0.0197473900679046,35,0.0197426359811382,45,0.0343616513624273,35,-0.0556847341610332,45,0.0338298125812263,35,0.033672217849386,45,0.0141389095028952,35,-0.075864504839829,45,0.0136719167493629,35,0.0135320966114014,45,0.0166798966897177,35,-0.0732397186489026,45,0.0162421704000621,35,0.016170146273395
,44.5,0.239451648436843,35.5,0.101843157068607,44.5,0.240210074067936,35.5,0.207954247916467,44.5,0.282600441009196,35.5,0.134333615142014,44.5,0.284081974277225,35.5,0.24126116869732,44.5,0.251703031085378,35.5,0.115538579101751,44.5,0.252477509322794,35.5,0.222197403153353,44.5,0.271623206214385,35.5,0.138403047058208,44.5,0.272900726667391,35.5,0.245714881861668,44.5,0.020290218734027,35.5,-0.0709805557515753,44.5,0.0197477905531558,35.5,0.0198001360211456,44.5,0.0343751511608995,35.5,-0.0570041773143807,44.5,0.0338113737408455,35.5,0.0336894191869592,44.5,0.0141393253846501,35.5,-0.0771797880752757,44.5,0.0136608859910512,35.5,0.0135537606035352,44.5,0.0166867849653036,35.5,-0.0745555332064604,44.5,0.0162155423353264,35.5,0.0161858724371708
,44,0.239276278388144,36,0.102171282758027,44,0.2399840951356,36,0.209468026221801,44,0.281159754710593,36,0.133718656246649,44,0.282570689145069,36,0.241873131164743,44,0.25133878676938,36,0.115523892677422,44,0.252122397892702,36,0.223408908094951,44,0.271404832382503,36,0.1387192422951,44,0.272663218140456,36,0.247282133516365,44,0.0203096145449242,36,-0.072101645014448,44,0.019742917448227,36,0.0197523203938815,44,0.0343749679049567,36,-0.058112047595646,44,0.0338283383409054,36,0.0336794684323147,44,0.0141463577406567,36,-0.07830429097615,44,0.0136597877570492,36,0.0135381027337474,44,0.0166929858640984,36,-0.0756861718612677,44,0.0162358541801534,36,0.016193002050951
,43.5,0.239057079944388,36.5,0.103082115513182,43.5,0.239756832713717,36.5,0.211178060360509,43.5,0.279496367607378,36.5,0.133532672544121,43.5,0.280782221547873,36.5,0.242568107779242,43.5,0.250889281433791,36.5,0.116005359450534,43.5,0.251687358706686,36.5,0.224712607887388,43.5,0.271106163259285,36.5,0.139551071136546,43.5,0.272376758883293,36.5,0.24890444900537,43.5,0.0203186937122605,36.5,-0.0729436592150896,43.5,0.0197568747698685,36.5,0.0197242462238043,43.5,0.0343655052822229,36.5,-0.0589534325738024,43.5,0.0338103262953071,36.5,0.0336584574341906,43.5,0.0141406394985253,36.5,-0.07913863519822,43.5,0.0136594235229909,36.5,0.0135058473412029,43.5,0.0166904066761406,36.5,-0.0765341284398384,43.5,0.0162452804751301,36.5,0.0161426184980437
,43,0.238715080848648,37,0.10383615150339,43,0.239456131387241,37,0.213255863707904,43,0.277434185651399,37,0.133117456667141,43,0.278776251558366,37,0.243388663615571,43,0.250354217189827,37,0.116253440678877,43,0.251123687974931,37,0.226179230000201,43,0.270766853575015,37,0.140107060971653,43,0.271987624015706,37,0.250697250617835,43,0.020298770370919,37,-0.0739436722907703,43,0.0197478886656441,37,0.0197534447572767,43,0.03436162010917,37,-0.0599527518518759,43,0.0338153009021278,37,0.0336875179680182,43,0.0141362909878498,37,-0.0801745362751205,43,0.0136581700851143,37,0.0135422018002492,43,0.0166816861968701,37,-0.0775625715796809,43,0.0162270788235129,37,0.0161796664186208
,42.5,0.238374051307183,37.5,0.104902057790286,42.5,0.2390574395447,37.5,0.215509661638755,42.5,0.275346874757617,37.5,0.132911837763353,42.5,0.276426873534603,37.5,0.244245899815843,42.5,0.249662314279981,37.5,0.116802642328236,42.5,0.250453458361421,37.5,0.227768348301695,42.5,0.270326532091763,37.5,0.140888910695554,42.5,0.271580699188268,37.5,0.252539438770756,42.5,0.0202899887246912,37.5,-0.0748951228333889,42.5,0.0197531060148527,37.5,0.019785043182483,42.5,0.0343452288894017,37.5,-0.0608958549959915,42.5,0.0338329133816656,37.5,0.0336929700878274,42.5,0.0141154687446018,37.5,-0.0810910843325093,42.5,0.0136602653752998,37.5,0.0135421975548904,42.5,0.0166625093455474,37.5,-0.0784711325598369,42.5,0.0162465260038309,37.5,0.0161623449121815
,42,0.237920059235792,38,0.106773559429448,42,0.238631651663434,38,0.21756498580642,42,0.272944323582438,38,0.133459431092567,42,0.273799508740161,38,0.245151771340758,42,0.248891284397889,38,0.118065621915981,42,0.24967094375596,38,0.229407318529688,42,0.269830993332022,38,0.142350723382469,42,0.271078287290618,38,0.254480433790616,42,0.0202784352979617,38,-0.0753566617508745,42,0.0197443076101243,38,0.0197523466368447,42,0.0343274369488298,38,-0.0613545105058627,42,0.0338003174900823,38,0.0337112563990807,42,0.0141022778002549,38,-0.081526346817407,42,0.0136385800100603,38,0.0135467120740889,42,0.0166595784262273,38,-0.0789026160321038,42,0.0162301402821361,38,0.0162270075141728
,41.5,0.237335048825051,38.5,0.109219951540068,41.5,0.23808423345447,38.5,0.219898526223049,41.5,0.270102219263745,38.5,0.134748914395979,41.5,0.27110930458563,38.5,0.246263327809295,41.5,0.247933772134183,38.5,0.119984042909766,41.5,0.248781158791728,38.5,0.23105957799882,41.5,0.269190945947966,38.5,0.144439245325589,41.5,0.270464839427083,38.5,0.256306456061017,41.5,0.0203046534243611,38.5,-0.0751921612704622,41.5,0.0197521901582483,38.5,0.0197619921608282,41.5,0.0343593329957158,38.5,-0.0611891906702949,41.5,0.0338189453843713,38.5,0.0337119783333094,41.5,0.0141291747155637,38.5,-0.0813399979075211,41.5,0.0136515650571713,38.5,0.0135442624784686,41.5,0.0166814982330528,38.5,-0.0787261957608435,41.5,0.0162399122776189,38.5,0.0161970875515581
,41,0.236678323228404,39,0.111300108860498,41,0.23743714665405,39,0.222260355324408,41,0.267356950623404,39,0.135762710112993,41,0.26846707367064,39,0.247577152589799,41,0.246878031232565,39,0.12141806328161,41,0.247799353253571,39,0.232869169832136,41,0.268472561144469,39,0.145942837194748,41,0.269757489544103,39,0.258214009657397,41,0.0202986348056113,39,-0.0750567827879444,41,0.0197357472311669,39,0.0197567609553235,41,0.0343357444710523,39,-0.0610598945885404,41,0.0337794051305081,39,0.0337136571513241,41,0.0141176787318398,39,-0.0812075923592511,41,0.0136231893814241,39,0.013552631158491,41,0.016668725723414,39,-0.0786056736408322,41,0.0162139380738576,39,0.0161822468130534
,40.5,0.235909465822661,39.5,0.11367600251458,40.5,0.23664365744771,39.5,0.224558954814231,40.5,0.264670322551116,39.5,0.137370145216359,40.5,0.265761407412041,39.5,0.249025683808429,40.5,0.245733287582485,39.5,0.123354948777248,40.5,0.246636538968663,39.5,0.23471651396476,40.5,0.267653441485261,39.5,0.147934291077954,40.5,0.268901185431353,39.5,0.260140327406253,40.5,0.0202900195167993,39.5,-0.0752675153578474,40.5,0.0197384168828714,39.5,0.0197639543731841,40.5,0.0343246878332698,39.5,-0.061279857102118,40.5,0.0337868418433805,39.5,0.0337091016688262,40.5,0.0140986598699164,39.5,-0.0814470357300709,40.5,0.0136312607737826,39.5,0.013556180500746,40.5,0.0166652505103734,39.5,-0.078830937313971,40.5,0.0162244555138527,39.5,0.0161729698470412
,40,0.2348982958971,40,0.115800785337657,40,0.235516408428348,40,0.226738683780868,40,0.261806503943556,40,0.139047547082386,40,0.262696428621724,40,0.250667608972687,40,0.244487068720535,40,0.125164598950493,40,0.245273348954035,40,0.236485068316183,40,0.266712143116479,40,0.149690770161517,40,0.267844876008172,40,0.261899255090535,40,0.020275246023466,40,-0.0754570988325556,40,0.0197402479009283,40,0.0197520373162905,40,0.034307837899198,40,-0.0614578681886426,40,0.0337968858765701,40,0.0337001105198553,40,0.0140851135627176,40,-0.0816283640173057,40,0.013625844228137,40,0.0135542505542412,40,0.0166594229116205,40,-0.0790025627886493,40,0.0162255187022866,40,0.0161716767010235
,39.5,0.233705104038778,40.5,0.117829412349614,39.5,0.234304832198255,40.5,0.228916596903669,39.5,0.25899139921328,40.5,0.141006912558073,39.5,0.259991881851924,40.5,0.252658779079585,39.5,0.24304856053899,40.5,0.126843748598458,39.5,0.243954985271049,40.5,0.238236431639364,39.5,0.265568781844953,40.5,0.15126456170735,39.5,0.26679359814062,40.5,0.263633808716622,39.5,0.0202783082401982,40.5,-0.0755279875469253,39.5,0.0197454696032276,40.5,0.0197528098009141,39.5,0.0343137847100041,40.5,-0.0615331458201956,39.5,0.0338021361339368,40.5,0.0337026075999313,39.5,0.0140841358386836,40.5,-0.0816846591567763,39.5,0.0136228667619909,40.5,0.0135425926734365,39.5,0.0166665052926288,40.5,-0.0790832206025021,39.5,0.0162323973925476,40.5,0.0161736771545322
,39,0.232355201971505,41,0.11997296256512,39,0.23291904791698,41,0.230835787261804,39,0.256423234505581,41,0.143440345807525,39,0.25748742011524,41,0.254793879152827,39,0.241582964462284,41,0.128878842587843,39,0.242541068006549,41,0.240007701356671,39,0.264349292668028,41,0.153164669955571,39,0.265591064319109,41,0.265285826315767,39,0.0202773458814435,41,-0.074763110671104,39,0.0197548530565819,41,0.0197314184885915,39,0.0343107878644748,41,-0.0607511562415153,39,0.0338099752104633,41,0.033695090956344,39,0.0140787442626008,41,-0.0809149535841739,39,0.0136343802949496,41,0.0135371386342124,39,0.0166624246394548,41,-0.078281149628584,39,0.0162519097130075,41,0.0161598607989033
,38.5,0.23075194528676,41.5,0.123189990249546,38.5,0.231254314724479,41.5,0.23254157601991,38.5,0.2539800060984,41.5,0.147413681329016,38.5,0.255014980250005,41.5,0.257171555119308,38.5,0.240063610325962,41.5,0.132240037177272,38.5,0.240947922503856,41.5,0.241782414213702,38.5,0.263034601476567,41.5,0.156298223644937,38.5,0.264193766585978,41.5,0.266858431577114,38.5,0.0202666093631485,41.5,-0.0738068495731334,38.5,0.0197500494348194,41.5,0.0197210965922662,38.5,0.0342985554611106,41.5,-0.0597845936240463,38.5,0.0337868034334741,41.5,0.0336903860268315,38.5,0.014072721170119,41.5,-0.0799192501886934,38.5,0.0136276286041116,41.5,0.013533519536782,38.5,0.0166517968196852,41.5,-0.0773116311458025,38.5,0.0162329865216984,41.5,0.0161408130229864
,38,0.22901185200117,42,0.126962958219517,38,0.229408225496429,42,0.234090754447526,38,0.251762055201457,42,0.152320255616266,38,0.252798157041942,42,0.259772242777,38,0.238336786566621,42,0.136277563060635,38,0.239254903604412,42,0.243380628043936,38,0.261494558077738,42,0.160027411637248,38,0.262637775022902,42,0.268244790304462,38,0.0202506423234756,42,-0.0718597166421203,38,0.0197663233588757,42,0.019741468504695,38,0.0342662403626143,42,-0.0578415202656206,38,0.0338023620371502,42,0.0337013818230665,38,0.0140525166452794,42,-0.0779114630100872,38,0.0136393646575894,42,0.0135492995822719,38,0.0166316440828692,42,-0.0753225944462536,38,0.0162439375667855,42,0.0161623521447062
,37.5,0.226989722702212,42.5,0.129509711149021,37.5,0.227425990366295,42.5,0.235445841377382,37.5,0.249698849351981,42.5,0.156244333024448,37.5,0.250880932438873,42.5,0.26256786266605,37.5,0.236768732824844,42.5,0.139083537541065,37.5,0.237686100885385,42.5,0.244896229729994,37.5,0.260041519986122,42.5,0.162509211944529,37.5,0.261168238362413,42.5,0.269484728758205,37.5,0.0202942692146538,42.5,-0.0709021690157069,37.5,0.019760175344436,42.5,0.0197506389018294,37.5,0.0343055541045882,42.5,-0.0568868282120568,37.5,0.0338025889613618,42.5,0.0337192484288421,37.5,0.0140791805252027,42.5,-0.077017554606707,37.5,0.0136312944359526,42.5,0.0135528811167121,37.5,0.0166618461448449,42.5,-0.0744215215065229,37.5,0.016239790934208,42.5,0.0161622046880447
,37,0.224961903731215,43,0.131064394142579,37,0.22517853704482,43,0.236553796871722,37,0.248018678941867,43,0.159597031552776,37,0.249087735173803,43,0.265429922037363,37,0.235121411608832,43,0.140944402556162,37,0.235910424132153,43,0.246443733139835,37,0.258500224503397,43,0.164012632906238,37,0.259459583843282,43,0.270692052529357,37,0.0202980436590335,43,-0.0706967969833889,37,0.0197589544311497,43,0.0197499290366037,37,0.0343071735240847,43,-0.0566614647805959,37,0.0337990312080302,43,0.0337197073809738,37,0.0140753222240161,43,-0.07683234814771,37,0.0136267219083375,43,0.013548638565673,37,0.0166712975070107,43,-0.0742246474023033,37,0.0162427688247213,43,0.0161695767317572
,36.5,0.222676506241335,43.5,0.132504221685638,36.5,0.223032192515426,43.5,0.237446595577091,36.5,0.246423272475585,43.5,0.163039898976719,36.5,0.247664016654497,43.5,0.268255065689555,36.5,0.233397346228986,43.5,0.142853715776072,36.5,0.234249930787306,43.5,0.247744577301157,36.5,0.256829765294733,43.5,0.165484548107115,36.5,0.257821074581299,43.5,0.271669780264369,36.5,0.0202764583956592,43.5,-0.0704578903462605,36.5,0.0197792797786285,43.5,0.0197744870798328,36.5,0.0343005898616198,43.5,-0.0564265161293283,36.5,0.033809634419674,43.5,0.0337338212098879,36.5,0.0140787472874408,43.5,-0.0765745729511307,36.5,0.0136331721828293,43.5,0.0135561935699646,36.5,0.0166894946068127,43.5,-0.0739935850867382,36.5,0.0162714633917858,43.5,0.0161659803418725
,36,0.22030557409234,44,0.133449213421327,36,0.220560251556431,44,0.23815214963671,36,0.245025048517899,44,0.165997969333774,36,0.246281548039606,44,0.270964369342687,36,0.231657710208747,44,0.144188004879921,36,0.232625755774954,44,0.248915116615397,36,0.255059357987126,44,0.166449500318166,36,0.256172634232611,44,0.272480236380817,36,0.0202772964210171,44,-0.0703844947702526,36,0.0197751413060782,44,0.0197368781449243,36,0.0342968982725773,44,-0.0563675830822436,36,0.0338032223628768,44,0.0337163734460106,36,0.0140719316888289,44,-0.0765363079533527,36,0.0136334406345729,44,0.0135407354288252,36,0.0166743635723647,44,-0.0739507909500482,36,0.0162689118056401,44,0.0161331760460704
,35.5,0.218010648730634,44.5,0.134901495049489,35.5,0.218206561902944,44.5,0.238830070293199,35.5,0.243897535670973,44.5,0.169609079655742,35.5,0.245161826319627,44.5,0.27386205112978,35.5,0.230013025306388,44.5,0.146180282958667,35.5,0.23096547976326,44.5,0.249965242888211,35.5,0.253376348145876,44.5,0.168050897851998,35.5,0.254440080789703,44.5,0.273172727430158,35.5,0.020282720969538,44.5,-0.0697465664456231,35.5,0.0197784646433701,44.5,0.0197340451713723,35.5,0.0342983830102622,44.5,-0.055709273398479,35.5,0.0338089562316648,44.5,0.0337377494016249,35.5,0.0140677865474931,44.5,-0.0758509559468987,35.5,0.0136330407912543,44.5,0.0135576307276912,35.5,0.0166747891099758,44.5,-0.073256471310104,35.5,0.0162723074551011,44.5,0.0161465467897391
,35,0.215772656995855,45,0.135702148860139,35,0.215978684897776,45,0.239322532771497,35,0.242916457834492,45,0.17243159349047,35,0.244163646088644,45,0.276520696494093,35,0.228449220968925,45,0.147389862491628,35,0.229361172366786,45,0.250901071084461,35,0.251727363234617,45,0.168900621471414,35,0.252728002561724,45,0.27379159770983,35,0.0202887292647286,45,-0.0694674521058873,35,0.019763474560454,45,0.0197363787129182,35,0.0342970314346333,45,-0.0554094257143366,35,0.0337904851418194,45,0.0337370428738772,35,0.0140693283655259,45,-0.0756004592824624,35,0.0136234008272953,45,0.013561499140914,35,0.0166771253205457,45,-0.0729947744342523,35,0.016271517033485,45,0.0161432591701516
,34.5,0.213530926274674,45.5,0.136183989934169,34.5,0.213766865431402,45.5,0.239692490876463,34.5,0.24201388304432,45.5,0.174815640958317,34.5,0.243286500893373,45.5,0.278808054622814,34.5,0.226834566331642,45.5,0.148207644803156,34.5,0.227876212110438,45.5,0.251649777400822,34.5,0.249950158962149,45.5,0.169414400261326,34.5,0.251103111283606,45.5,0.274253814834462,34.5,0.0202903472017807,45.5,-0.0694630839554265,34.5,0.019758430459974,45.5,0.0197273281647471,34.5,0.0343072250078837,45.5,-0.0554109689622726,34.5,0.0337824480978874,45.5,0.0337474906938611,34.5,0.0140733679286127,45.5,-0.0755954977417764,34.5,0.0136063157595384,45.5,0.0135658762046378,34.5,0.0166860518704619,45.5,-0.0730085980811072,34.5,0.0162588851478653,45.5,0.0161527407033191
,34,0.211527555702442,46,0.136731133495258,34,0.211834504803752,46,0.240036172384334,34,0.24124745420458,46,0.177014419882952,34,0.242607134810697,46,0.280882824985824,34,0.225424185952935,46,0.149013447947296,34,0.226418644193807,46,0.252306355691498,34,0.24838105891647,46,0.169957117308488,34,0.249450230792163,46,0.274680314626553,34,0.0202864200858426,46,-0.0692939351611995,34,0.019757211405474,46,0.0197310439140921,34,0.0343096126263567,46,-0.0552478190124276,34,0.0337733467089891,46,0.0337570202347302,34,0.0140679901504454,46,-0.0754212847387697,34,0.0135996675538058,46,0.0135684483501201,34,0.0166964800216584,46,-0.0728330297799407,34,0.0162476525959317,46,0.0161616784698424
,33.5,0.20963146857067,46.5,0.137243057553957,33.5,0.210006791335044,46.5,0.24028338892009,33.5,0.240536429973883,46.5,0.179035166004715,33.5,0.241927255633717,46.5,0.282635342294054,33.5,0.223970138958458,46.5,0.149816222625295,33.5,0.225093551630321,46.5,0.252782432171364,33.5,0.246740672776257,46.5,0.170529663873423,33.5,0.247934355149503,46.5,0.275015501853223,33.5,0.0202917499075922,46.5,-0.0690312064088762,33.5,0.0197456865771581,46.5,0.0197118898071731,33.5,0.0342984655626184,46.5,-0.0549755273152642,33.5,0.0337773824607829,46.5,0.0337262114548135,33.5,0.0140631883958302,46.5,-0.0751474078790178,33.5,0.0135901582915526,46.5,0.013537453028709,33.5,0.0166929580365921,46.5,-0.072556991441251,33.5,0.016245083689443,46.5,0.0161236199318949
,33,0.207869271003916,47,0.13796404429205,33,0.208374851805177,47,0.240548578288508,33,0.239879003355291,47,0.181008933746516,33,0.241279749392829,47,0.284329744824231,33,0.222704236538771,47,0.150736720325813,33,0.223804718491265,47,0.253190768172567,33,0.245222146621005,47,0.171271328076687,33,0.246412423228072,47,0.275283964210914,33,0.0202933043338513,47,-0.06858551040748,33,0.0197733042981786,47,0.0197270130284776,33,0.0342994820621731,47,-0.0545203781188196,33,0.0338005174145914,47,0.0337482272089554,33,0.0140642002685741,47,-0.0746499933095484,33,0.0136248068224958,47,0.0135546942980892,33,0.0166871176603617,47,-0.0720791654430833,33,0.0162758585276263,47,0.0161529632612562
,32.5,0.206415249458311,47.5,0.140947089818793,32.5,0.206940135795846,47.5,0.240707387185581,32.5,0.239273182281039,47.5,0.185109774156922,32.5,0.240677791803453,47.5,0.285579952851837,32.5,0.221445900943572,47.5,0.153790695031042,32.5,0.22265779862135,47.5,0.253514353543388,32.5,0.243675957937328,47.5,0.174225716397477,32.5,0.245019232175899,47.5,0.275500928078672,32.5,0.0202891522288676,47.5,-0.0659647800624022,32.5,0.0197786092648208,47.5,0.0197150173664589,32.5,0.0342910065603021,47.5,-0.0518994464590941,32.5,0.0337915460115202,47.5,0.0337341947094724,32.5,0.0140618327921589,47.5,-0.0720799292335356,32.5,0.0136239671612367,47.5,0.0135423780101454,32.5,0.0166757772035493,47.5,-0.0695087335620281,32.5,0.016270641031862,47.5,0.0161287280937662
,32,0.205107792298831,48,0.142482220229264,32,0.205682182892778,48,0.240923870842189,32,0.238671726183329,48,0.187504569443899,32,0.240091785800151,48,0.2867212438988,32,0.220313196641994,48,0.155453764751145,32,0.221535779258815,48,0.253834589558923,32,0.242314171971817,48,0.175760560495009,32,0.243635173623241,48,0.275773092532831,32,0.0202136688822277,48,-0.0643658255002706,32,0.0197749689546019,48,0.0197214190620654,32,0.034209520578656,48,-0.0502803252664917,32,0.033788479670767,48,0.0337604498861561,32,0.0139787173330299,48,-0.0704727902721538,32,0.0136270069470774,48,0.0135764484465209,32,0.0166019173126976,48,-0.067896096831884,32,0.0162756144426099,48,0.0161621202353274
,31.5,0.20403176230499,48.5,0.143474848130598,31.5,0.20455562807148,48.5,0.241081491124965,31.5,0.238141010937685,48.5,0.189148179790987,31.5,0.239506118110847,48.5,0.287544354827312,31.5,0.219336058641848,48.5,0.156552390755051,31.5,0.220509685338047,48.5,0.254053225335545,31.5,0.241091745334561,48.5,0.176815639216487,31.5,0.242384336837804,48.5,0.275933863664125,31.5,0.0202225062950355,48.5,-0.0635105741920897,31.5,0.0197563180967767,48.5,0.0197148813346854,31.5,0.0342123092208948,48.5,-0.0494286197592273,31.5,0.0337658087249601,48.5,0.033752981762726,31.5,0.0139808462474682,48.5,-0.0695827731213979,31.5,0.0136118584008873,48.5,0.013580161555043,31.5,0.016618717774346,48.5,-0.0669786670565392,31.5,0.0162812651910582,48.5,0.0161532271103379
,31,0.203123698644759,49,0.144761493584835,31,0.203596205548936,49,0.241229656024149,31,0.237645503972023,49,0.190977054578436,31,0.238944614666346,49,0.288272789050532,31,0.218380139122443,49,0.157846379397416,31,0.219618971800708,49,0.254247942140583,31,0.239847104343225,49,0.178038630315002,31,0.241254506985087,49,0.27612257098798,31,0.020286924200336,49,-0.0623719509475145,31,0.0197500916361096,49,0.0197199419606505,31,0.0342820006974075,49,-0.0482853642155569,31,0.0337620487633836,49,0.0337686789685462,31,0.0140571501855024,49,-0.0684785864595264,31,0.013600795558169,49,0.0135833254466629,31,0.0166849259055425,49,-0.0658899087269078,31,0.0162767140681065,49,0.0161735920286041
,30.5,0.202256336267909,49.5,0.147571410818321,30.5,0.202813425812438,49.5,0.241373527478804,30.5,0.23713805150138,49.5,0.194180179221916,30.5,0.238458329501614,49.5,0.288835649303792,30.5,0.217529414574499,49.5,0.16096735581145,30.5,0.218759070577371,49.5,0.254428816879292,30.5,0.238784573821359,49.5,0.181161532530321,30.5,0.240165794320666,49.5,0.276299519942952,30.5,0.0202611102933335,49.5,-0.0599516591588041,30.5,0.019757253113384,49.5,0.0197211786847927,30.5,0.034269517240647,49.5,-0.045854465492758,30.5,0.03377627924196,49.5,0.0337802033584248,30.5,0.0140387388363121,49.5,-0.0657810842215092,30.5,0.0136088702614555,49.5,0.0135904299276542,30.5,0.0166734605754899,49.5,-0.0631689752834524,30.5,0.0162804852588032,49.5,0.0161641181945336
,30,0.201491829320124,50,0.149947703984206,30,0.202081224367523,50,0.241507606791551,30,0.236628650150477,50,0.196876632057199,30,0.237978813185544,50,0.289288885354494,30,0.21671297014992,50,0.16319369603461,30,0.217955072273226,50,0.254583028644979,30,0.237768797627159,50,0.183333717368072,30,0.239172348881164,50,0.276472695647624,30,0.0202615668500448,50,-0.058185609803887,30,0.0197570220791929,50,0.0197140046823146,30,0.0342572088548972,50,-0.0440897327649092,30,0.0337765293461874,50,0.0337781631771523,30,0.0140421244829485,50,-0.0641940066443478,30,0.0136067271018427,50,0.0135775359986045,30,0.0166839194356611,50,-0.06161476138793,30,0.0162788933945861,50,0.0161706103185603
,29.5,0.200889669810298,50.5,0.151462937650127,29.5,0.201436644403587,50.5,0.241624355471238,29.5,0.236190916950477,50.5,0.198628495048827,29.5,0.237507189629156,50.5,0.289638189069164,29.5,0.215926502073233,50.5,0.164705748891767,29.5,0.217150252520168,50.5,0.254694759341264,29.5,0.236808302652536,50.5,0.184836125543259,29.5,0.238197878094584,50.5,0.276601930552156,29.5,0.0202756336742597,50.5,-0.0569514957230366,29.5,0.019757881249596,50.5,0.019699769672926,29.5,0.0342682261712449,50.5,-0.0428515429362447,29.5,0.0337739941029324,50.5,0.0337663024060641,29.5,0.0140424775180207,50.5,-0.0629172637357411,29.5,0.0136062197637107,50.5,0.013573298845257,29.5,0.0166879599062339,50.5,-0.0603440090789672,29.5,0.0162816173307502,50.5,0.0161590395139253
,29,0.200287627233643,51,0.152981722798103,29,0.200835843225239,51,0.241742842794051,29,0.235733980352211,51,0.200348478086812,29,0.237044573119735,51,0.28997604715223,29,0.21509522485578,51,0.166117331782338,29,0.216442873963036,51,0.254810019597837,29,0.235825133751237,51,0.186235751049573,29,0.237359709419189,51,0.27673395676469,29,0.0202735543382016,51,-0.0556730951458074,29,0.0197510977355337,51,0.0197082581601473,29,0.0342736425241193,51,-0.0415510823490611,29,0.033766753245594,51,0.0337759801608415,29,0.014029712131725,51,-0.0617266564144728,29,0.0136033594983501,51,0.0135797505970366,29,0.0166926492665215,51,-0.0591447381425456,29,0.0162771132376635,51,0.0161733386289744
,28.5,0.199731679735189,51.5,0.154714413515493,28.5,0.200276296988612,51.5,0.241846869116857,28.5,0.235285530167524,51.5,0.20220240833049,28.5,0.236607683706395,51.5,0.290242214538886,28.5,0.214396013843629,51.5,0.167879202185492,28.5,0.215658201956906,51.5,0.25491681924686,28.5,0.234981620402607,51.5,0.188030530069473,28.5,0.236454217519329,51.5,0.276862382601434,28.5,0.0202748519978756,51.5,-0.054252910588127,28.5,0.0197356975085154,51.5,0.0196929185380762,28.5,0.0342659601849327,51.5,-0.0401325644009012,28.5,0.0337537908245537,51.5,0.0337686518042392,28.5,0.0140353889916751,51.5,-0.0602323831859226,28.5,0.0135866589450033,51.5,0.013564283928764,28.5,0.0166931102593031,51.5,-0.057643232521633,28.5,0.0162641132816256,51.5,0.0161587323585743
,28,0.198986030466688,52,0.156944148045498,28,0.199832559836141,52,0.241681842395021,28,0.234683910389988,52,0.204590871832193,28,0.236272087081414,52,0.290201947125397,28,0.213485884306345,52,0.169968822502084,28,0.215083683041351,52,0.254720644448878,28,0.234004753730846,52,0.190158135424375,28,0.235816633744144,52,0.276689013025711,28,0.0202685923284499,52,-0.0523106495841148,28,0.0197418127596265,52,0.0194772655027397,28,0.0342563626097464,52,-0.0381859053672724,28,0.0337546120192226,52,0.0335509536113715,28,0.0140091701754135,52,-0.0583786355272882,28,0.0135798635773511,52,0.0133210853133121,28,0.0166790537250476,52,-0.0557929854117642,28,0.0162702663157925,52,0.015927372240322
,27.5,0.198703861912015,52.5,0.159794592689859,27.5,0.199411236283804,52.5,0.242070434039746,27.5,0.234524459537676,52.5,0.20753033543367,27.5,0.23594586355693,52.5,0.290688343516853,27.5,0.213009303998582,52.5,0.172899686605768,27.5,0.214467062967033,52.5,0.255127358739871,27.5,0.233477021906932,52.5,0.193035632135704,27.5,0.235136814752865,52.5,0.27711001733091,27.5,0.020284107869125,52.5,-0.0498189059191843,27.5,0.0197436475258414,52.5,0.0196476890143717,27.5,0.0342784336987563,52.5,-0.035707201865114,27.5,0.0337481404327438,52.5,0.0337249425412138,27.5,0.0140094920013347,52.5,-0.0558358412663679,27.5,0.0135812175500344,52.5,0.0135337088458712,27.5,0.0166885979766967,52.5,-0.0532591476463326,27.5,0.0162737132609688,52.5,0.0161380228601012
,27,0.198448780290229,53,0.162585605627493,27,0.19897740206202,53,0.242194459808017,27,0.234358363850948,53,0.210407833814872,27,0.235605105747707,53,0.290879620875231,27,0.212548453149794,53,0.175617148530626,27,0.213809489591806,53,0.255257375333915,27,0.232965177604069,53,0.195755940905706,27,0.234418683880709,53,0.277261912056449,27,0.0203039474033995,53,-0.0473241357694133,27,0.0197289152565277,53,0.0196972899116714,27,0.0342942427529435,53,-0.0332187048915989,27,0.0337278728476563,53,0.0337815566330579,27,0.014022821434465,53,-0.0533902042851099,27,0.0135652373268398,53,0.0135805005765852,27,0.0167098419199112,53,-0.0508247959191069,27,0.0162475090872963,53,0.0161924974314926
,26.5,0.197983276680494,53.5,0.166015447867982,26.5,0.198564824000136,53.5,0.242290372411187,26.5,0.23395545187323,53.5,0.213905066423334,26.5,0.235294504730636,53.5,0.291042443641366,26.5,0.2118721322922,53.5,0.178930726894339,26.5,0.213131891605826,53.5,0.255351579316856,26.5,0.23224445674629,53.5,0.199091160210254,26.5,0.233696650766218,53.5,0.277359055861079,26.5,0.0202883377282663,53.5,-0.0443796953445174,26.5,0.0197387274575279,53.5,0.0196813348187021,26.5,0.0342514160825143,53.5,-0.0302609712430798,26.5,0.0337265065561146,53.5,0.0337628133317056,26.5,0.0140084838469889,53.5,-0.0504958691324611,26.5,0.0135628790464287,53.5,0.0135555361817208,26.5,0.0167149082856473,53.5,-0.0479276371701564,26.5,0.0162562224933817,53.5,0.0161854413335841
,26,0.19754536361328,54,0.168894170824996,26,0.198154288655113,54,0.242372501632347,26,0.233657386016316,54,0.216880128301612,26,0.234986886701943,54,0.291220685365632,26,0.211233124394769,54,0.181947221822604,26,0.212435270080851,54,0.255419961838495,26,0.23155169673276,54,0.202086611130975,26,0.232965107336674,54,0.277461235533785,26,0.0202839520532091,54,-0.0417599308198887,26,0.0197489460010619,54,0.0196627375912767,26,0.0342518691514211,54,-0.0276352198563604,26,0.0337245264366041,54,0.0337548498439997,26,0.0139952357009405,54,-0.0477601698727098,26,0.0135329455100935,54,0.013546973484475,26,0.0167129382084095,54,-0.0452006645431609,26,0.0162528476925316,54,0.0161738811959482
,25.5,0.19714814516886,54.5,0.171038115929566,25.5,0.1976946548786,54.5,0.242509814827195,25.5,0.233369804414026,54.5,0.21907279420321,25.5,0.234682556108327,54.5,0.291374731473352,25.5,0.210564717715682,54.5,0.184150243246142,25.5,0.211743930954112,54.5,0.255523300816729,25.5,0.230850038412299,54.5,0.204257585964096,25.5,0.232228875791254,54.5,0.277558590309256,25.5,0.0202819184811913,54.5,-0.0398029801006253,25.5,0.0197214633982598,54.5,0.0196466569270916,25.5,0.034235092983832,54.5,-0.0256851838157587,25.5,0.0337099001926697,54.5,0.0337439691420262,25.5,0.013965724563052,54.5,-0.0457687346263909,25.5,0.0135214543245129,54.5,0.0135449741925056,25.5,0.0167060979854675,54.5,-0.0432129115219678,25.5,0.0162426380715516,54.5,0.0161666412401389
,25,0.196670924760442,55,0.17349178791681,25,0.197195724873119,55,0.242635360405867,25,0.233053186325046,55,0.22161847109737,25,0.234386394617808,55,0.291523169352857,25,0.209843872916692,55,0.186673799331178,25,0.210925994541243,55,0.255619305903969,25,0.230061577645327,55,0.206801643583783,25,0.231378262384169,55,0.277638766744655,25,0.0202798414245011,55,-0.0376179374910383,25,0.0197019959450524,55,0.0196353981941517,25,0.0342355150217269,55,-0.0234774077885147,25,0.0337023585042418,55,0.0337253492280384,25,0.01395564401261,55,-0.0435178392184348,25,0.0134794030219068,55,0.0135300126216858,25,0.0167084868497763,55,-0.0409472151163379,25,0.016223514163008,55,0.0161364586088606
,24.5,0.196202901793648,55.5,0.175453105536669,24.5,0.196783648954216,55.5,0.242717581614085,24.5,0.2327286868988,55.5,0.223644565384397,24.5,0.234076064814443,55.5,0.291664275580074,24.5,0.209000773974195,55.5,0.188512896259989,24.5,0.210182353044327,55.5,0.255704628391594,24.5,0.229189958501222,55.5,0.208587288781315,24.5,0.230578137396701,55.5,0.277740740617411,24.5,0.0202381329554289,55.5,-0.0357864528357022,24.5,0.0197203010309799,55.5,0.0196180964364489,24.5,0.0341932406852441,55.5,-0.0216425082509548,24.5,0.033702168634623,55.5,0.0337172655652435,24.5,0.0138913038736929,55.5,-0.0418149530500644,24.5,0.0134587276228372,55.5,0.0135258870508692,24.5,0.0166791142050383,55.5,-0.0392533627249808,24.5,0.0162423874421048,55.5,0.0161300718975629
,24,0.195745501144335,56,0.177107644054304,24,0.196378094413945,56,0.242789731633837,24,0.232438486365131,56,0.225347721125885,24,0.233836531326772,56,0.291816232335089,24,0.208226909718884,56,0.190218600746537,24,0.209466747085689,56,0.25577049696907,24,0.228346816812767,56,0.210270952591476,24,0.22980005780337,56,0.277839870175693,24,0.0202164468646677,56,-0.034267333516498,24,0.0197247434865928,56,0.0196125296956218,24,0.0341491755610974,56,-0.0201337634978816,24,0.0337174658067219,56,0.0337153284997989,24,0.0138616469898478,56,-0.0402736386232991,24,0.0134703357056438,56,0.01351454192532,24,0.0166477649364251,56,-0.0377011788900854,24,0.0162622365375201,56,0.0161341713039328
,23.5,0.195373327513701,56.5,0.178737198596565,23.5,0.196057802964107,56.5,0.242860455218744,23.5,0.232203427952366,56.5,0.2270241602616,23.5,0.233634874345642,56.5,0.291963537360582,23.5,0.207581577438466,56.5,0.191963058108144,23.5,0.208783860081298,56.5,0.255841644113889,23.5,0.22760738941494,56.5,0.2119688220318,23.5,0.229079799441078,56.5,0.27791901816039,23.5,0.0201991740368447,56.5,-0.0328689803787729,23.5,0.0197258512775873,56.5,0.0195780537317363,23.5,0.0341222162916146,56.5,-0.0187351709358959,23.5,0.0336959011608487,56.5,0.0336882391684035,23.5,0.0138463903110484,56.5,-0.0387989967683386,23.5,0.0134300938463672,56.5,0.0134865103296341,23.5,0.0166345745925577,56.5,-0.0362378630666186,23.5,0.0162536700320817,56.5,0.0161162102095447
,23,0.195081805473672,57,0.180302868683639,23,0.195715601684364,57,0.242965947757374,23,0.232024418258269,57,0.228677195717214,23,0.233438561912895,57,0.292112116702246,23,0.207001029428073,57,0.193589682528516,23,0.208174363703577,57,0.255935648135067,23,0.226963971002,57,0.213613070174806,23,0.228408899791837,57,0.278005722346637,23,0.0202339580268882,57,-0.031495709133455,23,0.0197206618629393,57,0.0195854282605957,23,0.0341564897097488,57,-0.017356051182317,23,0.0336967158549091,57,0.0337009478928899,23,0.013856394908828,57,-0.0373540406666883,23,0.0134298683650233,57,0.0135134417710817,23,0.0166759026591509,57,-0.0347883588376719,23,0.016271196572119,57,0.0161348835668027
,22.5,0.194798427629081,57.5,0.183125758627411,22.5,0.195425768061862,57.5,0.24304798060445,22.5,0.231846362239173,57.5,0.231542749096554,22.5,0.233248155816372,57.5,0.292227266847017,22.5,0.206453303134533,57.5,0.196557917772627,22.5,0.207610067437961,57.5,0.255988480726223,22.5,0.226339134057004,57.5,0.21655344253284,22.5,0.227759754713441,57.5,0.278045189676613,22.5,0.0202389093218458,57.5,-0.0291968431383225,22.5,0.0197294562963423,57.5,0.0195724570783856,22.5,0.0341661462593673,57.5,-0.0150503610726141,22.5,0.0336929982129423,57.5,0.0336903143326132,22.5,0.0138578853754103,57.5,-0.0349811116025877,22.5,0.0134219524093556,57.5,0.0134984631156169,22.5,0.0166945015051616,57.5,-0.0324009468826842,22.5,0.0162755320761956,57.5,0.016114808170894
,22,0.194519095804616,58,0.186663819818694,22,0.195132245896563,58,0.243145886857058,22,0.231685292517756,58,0.23513322265748,22,0.233028435169786,58,0.292369160854188,22,0.205867810633507,58,0.199649428386911,22,0.207019989864254,58,0.256078709593284,22,0.22565221070747,58,0.219616445607413,22,0.227065683229373,58,0.27812435977401,22,0.0202547366105108,58,-0.0263106180980965,22,0.0197266318223996,58,0.0194958345564929,22,0.0341763550588338,58,-0.0121435708427978,22,0.0336721721900253,58,0.0336120165893709,22,0.0138668678718819,58,-0.0324752441424988,22,0.0134012354931707,58,0.0134246624863359,22,0.0167125268417034,58,-0.0298902563147974,22,0.0162560836753167,58,0.0160462392729573
,21.5,0.194260565757259,58.5,0.189681433716771,21.5,0.194860585511007,58.5,0.243223556089537,21.5,0.231516481436938,58.5,0.238218255830096,21.5,0.232851804215368,58.5,0.292520768335941,21.5,0.205374715955277,58.5,0.202833723227513,21.5,0.206476077219031,58.5,0.256163896928611,21.5,0.225063191379035,58.5,0.222777879518125,21.5,0.226422013749612,58.5,0.278225814148778,21.5,0.0202335497290178,58.5,-0.0238086531858493,21.5,0.0197179431390293,58.5,0.0195228292032218,21.5,0.0341521054989058,58.5,-0.00963686660374205,21.5,0.0336608180897273,58.5,0.0336466192618561,21.5,0.0138427667052873,58.5,-0.0298530521541364,21.5,0.0133753030030445,58.5,0.0134725096418912,21.5,0.0166982762529395,58.5,-0.0272770703209661,21.5,0.0162419189706178,58.5,0.016096576285793
,21,0.193986937979969,59,0.192921217825594,21,0.194632828136305,59,0.243318062094562,21,0.231321526340604,59,0.241542372861784,21,0.232718035481776,59,0.292630271408139,21,0.204845391733414,59,0.206276134053794,21,0.20599534008657,59,0.256240079451859,21,0.224421928982663,59,0.226245721515363,21,0.225827756378602,59,0.278280637186493,21,0.0202301104942657,59,-0.0211087797344469,21,0.019723599920895,59,0.0195311487711882,21,0.0341251263795528,59,-0.0069412974820987,21,0.0336557263529381,59,0.0336541126474253,21,0.013828123330503,59,-0.0269817476387981,21,0.0133723851209425,59,0.0134827718964844,21,0.0166989042471825,59,-0.0244061231080842,21,0.0162521196217173,59,0.0160973982334889
,20.5,0.193728073623787,59.5,0.195845838536217,20.5,0.194376434278465,59.5,0.243404397248892,20.5,0.231150074820622,59.5,0.244481323753826,20.5,0.232552297190629,59.5,0.292797253496825,20.5,0.204366135963949,59.5,0.209205284123416,20.5,0.205532628856553,59.5,0.256337459281148,20.5,0.223849572874958,59.5,0.229168426394241,20.5,0.225242341112189,59.5,0.278318118847596,20.5,0.0202086867170279,59.5,-0.0186224742815316,20.5,0.0197176989980861,59.5,0.0195129406045615,20.5,0.0341060560578495,59.5,-0.00443851094538366,20.5,0.0336478987911908,59.5,0.0336587343035149,20.5,0.0137955707496034,59.5,-0.024500131860818,20.5,0.0133679049335677,59.5,0.013473627728879,20.5,0.0166982339053645,59.5,-0.021905729932604,20.5,0.0162548460292851,59.5,0.0161046014676315
,20.2999992370605,0.193621809683198,59.7000007629395,0.197269814949232,20.2999992370605,0.194294212227736,59.7000007629395,0.243439313563657,20.2999992370605,0.231079232176189,59.7000007629395,0.245917141366749,20.2999992370605,0.232499308951243,59.7000007629395,0.292840132068743,20.2999992370605,0.204171166409043,59.7000007629395,0.21051351933005,20.2999992370605,0.205351683204576,59.7000007629395,0.256381592339926,20.2999992370605,0.223618039010742,59.7000007629395,0.230479475049176,20.2999992370605,0.225005558532008,59.7000007629395,0.278342385865574,20.2999992370605,0.0201843139049947,59.7000007629395,-0.0174392044651943,20.2999992370605,0.0197201745109881,59.7000007629395,0.0195112393410708,20.2999992370605,0.034091576730593,59.7000007629395,-0.00324866756316052,20.2999992370605,0.0336554051459929,59.7000007629395,0.0336603176920147,20.2999992370605,0.0137740647282311,59.7000007629395,-0.0234154785921838,20.2999992370605,0.013373322757611,59.7000007629395,0.0134747198759172,20.2999992370605,0.0166941083257106,59.7000007629395,-0.0208195061654243,20.2999992370605,0.016265286835118,59.7000007629395,0.0161037761121761
