CSV Report,2023-09-21_RNA_melting_NaCl.csv
Worksheet Type,Thermal

METHOD
X mode,nm
Y mode,Abs
Collect mode,Wavelength
Wavelengths (nm),260.00,400.00
Averaging Time (s),.1
Spectral Bandwidth (nm),2
Detector module,Multicell Peltier UV-Vis
Zero,Off
Experiment Zones,1

Temperature Collection
Start (°C),90.0
Return (°C),21.0

Derivative
Lower limit (°C),-5
Upper limit (°C),110

Number of stages,4
Stage,Collect data,Data Interval (°C),Rate (°C/min),End (°C),Hold (min)
Stage 1,Yes,1.0,1.0,21.0,2.00
Stage 2,Yes,1.0,1.0,90.0,2.00
Stage 3,Yes,1.0,1.0,21.0,2.00
Stage 4,Yes,1.0,1.0,90.0,0.00

SAMPLES
Name,516 mM NaCl_260.00nm_90.0-21.0C,,516 mM NaCl_260.00nm_21.0-90.0C,,516 mM NaCl_260.00nm_90.0-21.0C_R1,,516 mM NaCl_260.00nm_21.0-90.0C_R1,,116 mM NaCl_260.00nm_90.0-21.0C,,116 mM NaCl_260.00nm_21.0-90.0C,,116 mM NaCl_260.00nm_90.0-21.0C_R1,,116 mM NaCl_260.00nm_21.0-90.0C_R1,,66 mM NaCl_260.00nm_90.0-21.0C,,66 mM NaCl_260.00nm_21.0-90.0C,,66 mM NaCl_260.00nm_90.0-21.0C_R1,,66 mM NaCl_260.00nm_21.0-90.0C_R1,,41 mM NaCl_260.00nm_90.0-21.0C,,41 mM NaCl_260.00nm_21.0-90.0C,,41 mM NaCl_260.00nm_90.0-21.0C_R1,,41 mM NaCl_260.00nm_21.0-90.0C_R1,,516 mM NaCl_400.00nm_90.0-21.0C,,516 mM NaCl_400.00nm_21.0-90.0C,,516 mM NaCl_400.00nm_90.0-21.0C_R1,,516 mM NaCl_400.00nm_21.0-90.0C_R1,,116 mM NaCl_400.00nm_90.0-21.0C,,116 mM NaCl_400.00nm_21.0-90.0C,,116 mM NaCl_400.00nm_90.0-21.0C_R1,,116 mM NaCl_400.00nm_21.0-90.0C_R1,,66 mM NaCl_400.00nm_90.0-21.0C,,66 mM NaCl_400.00nm_21.0-90.0C,,66 mM NaCl_400.00nm_90.0-21.0C_R1,,66 mM NaCl_400.00nm_21.0-90.0C_R1,,41 mM NaCl_400.00nm_90.0-21.0C,,41 mM NaCl_400.00nm_21.0-90.0C,,41 mM NaCl_400.00nm_90.0-21.0C_R1,,41 mM NaCl_400.00nm_21.0-90.0C_R1,
Collection Time,2023-09-21 16:35:00 (+02:00),,2023-09-21 16:35:00 (+02:00),,2023-09-21 16:35:00 (+02:00),,2023-09-21 16:35:00 (+02:00),,2023-09-21 16:35:00 (+02:00),,2023-09-21 16:35:00 (+02:00),,2023-09-21 16:35:00 (+02:00),,2023-09-21 16:35:00 (+02:00),,2023-09-21 16:35:00 (+02:00),,2023-09-21 16:35:00 (+02:00),,2023-09-21 16:35:00 (+02:00),,2023-09-21 16:35:00 (+02:00),,2023-09-21 16:35:00 (+02:00),,2023-09-21 16:35:00 (+02:00),,2023-09-21 16:35:00 (+02:00),,2023-09-21 16:35:00 (+02:00),,2023-09-21 16:35:00 (+02:00),,2023-09-21 16:35:00 (+02:00),,2023-09-21 16:35:00 (+02:00),,2023-09-21 16:35:00 (+02:00),,2023-09-21 16:35:00 (+02:00),,2023-09-21 16:35:00 (+02:00),,2023-09-21 16:35:00 (+02:00),,2023-09-21 16:35:00 (+02:00),,2023-09-21 16:35:00 (+02:00),,2023-09-21 16:35:00 (+02:00),,2023-09-21 16:35:00 (+02:00),,2023-09-21 16:35:00 (+02:00),,2023-09-21 16:35:00 (+02:00),,2023-09-21 16:35:00 (+02:00),,2023-09-21 16:35:00 (+02:00),,2023-09-21 16:35:00 (+02:00),
Cell Number,Cell 4,,Cell 4,,Cell 4,,Cell 4,,Cell 5,,Cell 5,,Cell 5,,Cell 5,,Cell 6,,Cell 6,,Cell 6,,Cell 6,,Cell 7,,Cell 7,,Cell 7,,Cell 7,,Cell 4,,Cell 4,,Cell 4,,Cell 4,,Cell 5,,Cell 5,,Cell 5,,Cell 5,,Cell 6,,Cell 6,,Cell 6,,Cell 6,,Cell 7,,Cell 7,,Cell 7,,Cell 7,
Module Serial Number,MY2226ZC01,,MY2226ZC01,,MY2226ZC01,,MY2226ZC01,,MY2226ZC01,,MY2226ZC01,,MY2226ZC01,,MY2226ZC01,,MY2226ZC01,,MY2226ZC01,,MY2226ZC01,,MY2226ZC01,,MY2226ZC01,,MY2226ZC01,,MY2226ZC01,,MY2226ZC01,,MY2226ZC01,,MY2226ZC01,,MY2226ZC01,,MY2226ZC01,,MY2226ZC01,,MY2226ZC01,,MY2226ZC01,,MY2226ZC01,,MY2226ZC01,,MY2226ZC01,,MY2226ZC01,,MY2226ZC01,,MY2226ZC01,,MY2226ZC01,,MY2226ZC01,,MY2226ZC01,
Instrument Serial Number,MY2228ZA03,,MY2228ZA03,,MY2228ZA03,,MY2228ZA03,,MY2228ZA03,,MY2228ZA03,,MY2228ZA03,,MY2228ZA03,,MY2228ZA03,,MY2228ZA03,,MY2228ZA03,,MY2228ZA03,,MY2228ZA03,,MY2228ZA03,,MY2228ZA03,,MY2228ZA03,,MY2228ZA03,,MY2228ZA03,,MY2228ZA03,,MY2228ZA03,,MY2228ZA03,,MY2228ZA03,,MY2228ZA03,,MY2228ZA03,,MY2228ZA03,,MY2228ZA03,,MY2228ZA03,,MY2228ZA03,,MY2228ZA03,,MY2228ZA03,,MY2228ZA03,,MY2228ZA03,
Instrument Name,MY2228ZA03,,MY2228ZA03,,MY2228ZA03,,MY2228ZA03,,MY2228ZA03,,MY2228ZA03,,MY2228ZA03,,MY2228ZA03,,MY2228ZA03,,MY2228ZA03,,MY2228ZA03,,MY2228ZA03,,MY2228ZA03,,MY2228ZA03,,MY2228ZA03,,MY2228ZA03,,MY2228ZA03,,MY2228ZA03,,MY2228ZA03,,MY2228ZA03,,MY2228ZA03,,MY2228ZA03,,MY2228ZA03,,MY2228ZA03,,MY2228ZA03,,MY2228ZA03,,MY2228ZA03,,MY2228ZA03,,MY2228ZA03,,MY2228ZA03,,MY2228ZA03,,MY2228ZA03,
,Temperature (°C),Abs,Temperature (°C),Abs,Temperature (°C),Abs,Temperature (°C),Abs,Temperature (°C),Abs,Temperature (°C),Abs,Temperature (°C),Abs,Temperature (°C),Abs,Temperature (°C),Abs,Temperature (°C),Abs,Temperature (°C),Abs,Temperature (°C),Abs,Temperature (°C),Abs,Temperature (°C),Abs,Temperature (°C),Abs,Temperature (°C),Abs,Temperature (°C),Abs,Temperature (°C),Abs,Temperature (°C),Abs,Temperature (°C),Abs,Temperature (°C),Abs,Temperature (°C),Abs,Temperature (°C),Abs,Temperature (°C),Abs,Temperature (°C),Abs,Temperature (°C),Abs,Temperature (°C),Abs,Temperature (°C),Abs,Temperature (°C),Abs,Temperature (°C),Abs,Temperature (°C),Abs,Temperature (°C),Abs
,90,0.318907680154338,21,0.175787705640409,90,0.330755626674442,21,0.177905038309304,90,0.818669262921548,21,0.408778224057829,90,0.859962906871977,21,0.422226124323371,90,0.836972221699539,21,0.420627274334715,90,0.882032764976681,21,0.434031560181155,90,0.739960177650612,21,0.390031047067464,90,0.782315603754124,21,0.405221620244125,90,0.023920987996293,21,0.0238204377112099,90,0.023958445683448,21,0.0238228974218398,90,0.010994143782106,21,0.0107763140895162,90,0.0106955231613596,21,0.0108279894830159,90,0.0048793517353086,21,0.00442429292111911,90,0.00467203472171145,21,0.00442504752787836,90,0.026033478075537,21,0.0258199299036511,90,0.02579468342888,21,0.0257041398988956
,89,0.321825974331054,22,0.175932175257898,89,0.330131898373253,22,0.178110626809618,89,0.824502501461324,22,0.409507047215627,89,0.859559178497852,22,0.422894218677557,89,0.842600690251451,22,0.421127445651119,89,0.881266309102516,22,0.434732364501687,89,0.743742607514628,22,0.390378396868562,89,0.781061399435936,22,0.405874936261355,89,0.023988262963432,22,0.0238361256415876,89,0.0239387581683441,22,0.0238227455248197,89,0.0108225035852862,22,0.0108352364933442,89,0.0106606293999549,22,0.0108207353374106,89,0.00484908344753246,22,0.00446987066347745,89,0.00466477547776504,22,0.00442685896493672,89,0.0260635864265422,22,0.0258003611381657,89,0.025788188738146,22,0.0257275464056835
,88,0.32135701028989,23,0.176439144535667,88,0.327955632001265,23,0.178653129555294,88,0.823274069834142,23,0.411020437059356,88,0.854880231393342,23,0.424530194801528,88,0.84081094767954,23,0.42271183335274,88,0.877803643370909,23,0.436381169488651,88,0.741322183110887,23,0.39179689505132,88,0.77744486850156,23,0.407375255336445,88,0.0239667348056811,23,0.0238552593610241,88,0.0239445282056712,23,0.023832221711498,88,0.0107854340466683,23,0.0108346349655829,88,0.0106698438341097,23,0.0108218786537874,88,0.00482353466120861,23,0.00448815177246318,88,0.00470218928997498,23,0.00440236112848889,88,0.0260271610944638,23,0.025776646822484,88,0.0258182849006104,23,0.025724982289705
,87,0.319212700438358,24,0.177543546433078,87,0.325277099175788,24,0.1796604559509,87,0.819960340450322,24,0.413930264022585,87,0.848264398074751,24,0.42774038362842,87,0.837585032056406,24,0.42594274337432,87,0.872173442489947,24,0.439664567817592,87,0.73602750403563,24,0.394253704083848,87,0.773953268255222,24,0.410125453146197,87,0.0239199243471372,24,0.0238046758459577,87,0.0239611613458521,24,0.0238417491533054,87,0.0108081000766181,24,0.0108229843217433,87,0.0106909936206773,24,0.0108548025509109,87,0.00481804250694525,24,0.00444781540751189,87,0.00468636120716525,24,0.00440246225305037,87,0.0259269759516971,24,0.0257310634160782,87,0.0258348551484876,24,0.0257554243274665
,86,0.316997519011142,25,0.178907242003258,86,0.32253037349274,25,0.181069822999304,86,0.812619365520923,25,0.417900203397018,86,0.84096745282176,25,0.431948721759282,86,0.833804162559285,25,0.429970680572251,86,0.864732450561362,25,0.443918783091579,86,0.731048538797071,25,0.397866279694838,86,0.767890593798478,25,0.413811311662042,86,0.0239233330631982,25,0.0238550996518252,86,0.0239395414913716,25,0.0238652309064062,86,0.0107986704306931,25,0.0108644912385131,86,0.0106908739986094,25,0.0108416762068479,86,0.00482532010401093,25,0.00445893792210962,86,0.00466333626485856,25,0.00443460631437019,86,0.0259457275562101,25,0.0257421429787858,86,0.025813173066566,25,0.0257513927874752
,85,0.314903651585131,26,0.180129585447673,85,0.319584898826338,26,0.182303090921026,85,0.805528464568805,26,0.421734566954554,85,0.832946908546189,26,0.435650291202721,85,0.827227558283594,26,0.433776004914272,85,0.856521539184808,26,0.447658249785996,85,0.727205183347613,26,0.401178085173486,85,0.760851624729289,26,0.417191997171041,85,0.02394221729036,26,0.0238746194080074,85,0.0239267000228656,26,0.0238286899960843,85,0.0107852946651475,26,0.0108502717803525,85,0.0107029983090217,26,0.010850107072718,85,0.0048180561429352,26,0.0044560984676497,85,0.00468293546396885,26,0.00439712272411777,85,0.0259093160576422,26,0.0257370057334185,85,0.0257839069839016,26,0.0257163788727638
,84,0.312377531893293,27,0.181238998675018,84,0.31684597661548,27,0.183476545427087,84,0.798114251447129,27,0.425223514808943,84,0.825306788044605,27,0.439139019634409,84,0.819425063641805,27,0.437394819206121,84,0.848647168612704,27,0.451291799741189,84,0.72124307550235,27,0.404348151895513,84,0.756301774010799,27,0.420450264646803,84,0.023952026624461,27,0.0238494339665552,84,0.0239568669005884,27,0.0238302249194724,84,0.0107856576501768,27,0.0108422908665866,84,0.0106995375549125,27,0.0108509928216959,84,0.00479484483134925,27,0.00446161883399577,84,0.00470468228640351,27,0.00441827986220449,84,0.0258809838484954,27,0.0257384700612109,84,0.0258074642884415,27,0.0257248541373964
,83,0.309481356580473,28,0.182447868423369,83,0.31409935933975,28,0.184710222434795,83,0.790553758456665,28,0.428689568371179,83,0.817877513842089,28,0.442897364661825,83,0.812207170870705,28,0.44102183428313,83,0.841166689175188,28,0.455298475363392,83,0.715330407431883,28,0.407631853878918,83,0.750511089021794,28,0.424045495925723,83,0.0239682291768877,28,0.0238717226351473,83,0.0239908467815489,28,0.0238180765853234,83,0.0107873003663634,28,0.0108599136533324,83,0.0107043261613287,28,0.0108487354009652,83,0.00478426083761189,28,0.00445377518499654,83,0.00468579196367687,28,0.00439091699626223,83,0.0258957539450459,28,0.0257530235584137,83,0.0258366115343636,28,0.0257202950384027
,82,0.306575431169948,29,0.183695126356459,82,0.311127258199755,29,0.185969880126812,82,0.783023116888376,29,0.432631377704386,82,0.809936025144129,29,0.446980886658626,82,0.804604964481206,29,0.44523842601401,82,0.833224856210703,29,0.459593487873986,82,0.709738364197985,29,0.411282112104974,82,0.743328191357682,29,0.427737914507408,82,0.0239541919308117,29,0.0238529286790404,82,0.0239678959435741,29,0.0237998900945829,82,0.0107874985408579,29,0.0108546514049776,82,0.0107014852244571,29,0.0108385281060724,82,0.00477905000250016,29,0.0044364482381083,82,0.00464683445018206,29,0.0043530497778503,82,0.0258926531502248,29,0.0257459269407079,82,0.0258284647584848,29,0.0256939071903965
,81,0.303749240143994,30,0.185061983850481,81,0.308096509540537,30,0.187298610996974,81,0.775223366121234,30,0.436731977981438,81,0.802089368761374,30,0.451221450292829,81,0.79686987489662,30,0.449505354890027,81,0.825287985727521,30,0.463988642569732,81,0.704520026815053,30,0.414996165677591,81,0.736339835441654,30,0.431552864818173,81,0.0239762850818513,30,0.0238501143556378,81,0.0239565853651771,30,0.023783116871082,81,0.0107771488404101,30,0.010858444975109,81,0.0107028468489288,30,0.0108339513804655,81,0.00478727825994112,30,0.00445196598732305,81,0.00465345756532926,30,0.00435246542521889,81,0.0259535130301946,30,0.0257439500911388,81,0.0258228950510582,30,0.0256834840498105
,80,0.300991885008863,31,0.186387382998463,80,0.305268658907659,31,0.188712465500587,80,0.767782974587882,31,0.440872789208407,80,0.794321594762959,31,0.455342831728943,80,0.789451851755536,31,0.453830450956265,80,0.817306766938241,31,0.468387852796424,80,0.699246158110461,31,0.41877773245132,80,0.729256333850979,31,0.435485933728134,80,0.0239796403911787,31,0.0238343525565353,80,0.0239567741306728,31,0.0237921596284026,80,0.0107684273389341,31,0.0108547714811057,80,0.010715881270982,31,0.0108400355667768,80,0.00477847534677442,31,0.00445085279475173,80,0.00464127348479696,31,0.00437450659768919,80,0.0258875908136009,31,0.025718914068473,80,0.0257891084607277,31,0.0257072032384088
,79,0.298332116864828,32,0.187785003738784,79,0.302381177168685,32,0.190099119582588,79,0.760487099572309,32,0.445112768497829,79,0.786861185956831,32,0.459730445528448,79,0.782244888265614,32,0.458411453343327,79,0.809649733742668,32,0.473081508862273,79,0.693039656578159,32,0.422733700629778,79,0.722773456521423,32,0.439440986081133,79,0.0239798537692707,32,0.0237987916024355,79,0.0239187310001104,32,0.0238101512217995,79,0.0107632300583832,32,0.0108516505751983,79,0.0107214926369319,32,0.0108345189879764,79,0.00480290746648904,32,0.00441153222360698,79,0.00460684817655783,32,0.0043938968339989,79,0.0259152042023183,32,0.0256933648868634,79,0.0257563843680028,32,0.0257034101795067
,78,0.295474246871544,33,0.189253569227091,78,0.299484358077771,33,0.191527238275069,78,0.753022610270595,33,0.44959236707929,78,0.778771391330272,33,0.464157965583929,78,0.774713223737721,33,0.463088449673346,78,0.801413480402236,33,0.477703073000827,78,0.687148807626775,33,0.426827080334052,78,0.716195480018387,33,0.443618499318103,78,0.0240318412829529,33,0.0238459807846037,78,0.023914212380852,33,0.0238119530014048,78,0.0107850877361943,33,0.0108436617821837,78,0.0107249313266643,33,0.0108283360355069,78,0.00480810783711409,33,0.00443868073561553,78,0.00461129712055995,33,0.00436933942168484,78,0.0259367929392576,33,0.0257202337365734,78,0.0257687072853311,33,0.0256852959382436
,77,0.29263246448074,34,0.190675603119958,77,0.296428993493722,34,0.193039480763615,77,0.745747353924458,34,0.453972916727494,77,0.770817658763069,34,0.468840025716562,77,0.767478716097275,34,0.467714600406898,77,0.79335765469257,34,0.482615496907195,77,0.681316400646122,34,0.430922756231705,77,0.709601217438259,34,0.447825442301015,77,0.0240218149068748,34,0.0238521283942972,77,0.0239341435476664,34,0.0238422782982667,77,0.010792863946042,34,0.0108263736495902,77,0.0107147857269713,34,0.0108225518541144,77,0.00478905683604077,34,0.00443325699136563,77,0.00460752946320437,34,0.00438205286767045,77,0.0259649552173062,34,0.0257144898333545,77,0.0257576806454826,34,0.0256958623444442
,76,0.289773625905686,35,0.192171806045763,76,0.293737163716819,35,0.194566804253901,76,0.738524083408189,35,0.458453800686167,76,0.763389032620763,35,0.473593171127172,76,0.760260984945045,35,0.472488326609706,76,0.785896154627827,35,0.487649985097107,76,0.674922667121057,35,0.435080841115225,76,0.703144652706172,35,0.452382186991087,76,0.0239980518764,35,0.0238370760830126,76,0.0239219215838913,35,0.0238648191294724,76,0.0107999621981327,35,0.0108293184256309,76,0.010708193817784,35,0.0108253524618344,76,0.00478330033769972,35,0.00440443240264861,76,0.00459564248301307,35,0.00440848233484711,76,0.0259295456504865,35,0.0257187196623356,76,0.0257267232909188,35,0.0257243432077695
,75,0.286996027270507,36,0.193665076958833,75,0.290812271758144,36,0.196038136075121,75,0.731127556983737,36,0.463083478086685,75,0.755959215482008,36,0.478327830830013,75,0.752900078079144,36,0.477331286449439,75,0.77838518455268,36,0.492600521133322,75,0.668480369221813,36,0.439284897359284,75,0.696734557173036,36,0.456874110593908,75,0.0240218091004847,36,0.0238512638698466,75,0.0239401375272286,36,0.0238599832543664,75,0.0108037725471076,36,0.0108436178710635,75,0.0107417081025147,36,0.0108187768361337,75,0.00479266061681707,36,0.00441534532650878,75,0.00463443558070982,36,0.00438487178307232,75,0.0259471319172022,36,0.0257373687946126,75,0.025789381469605,36,0.0257053945810431
,74,0.28419787400627,37,0.195289683038285,74,0.287965672593679,37,0.197711538791807,74,0.723784737972633,37,0.468050122011603,74,0.748481052566838,37,0.483448753665261,74,0.745621989520472,37,0.482655441556677,74,0.770828932398479,37,0.498026409900779,74,0.662132554043743,37,0.443900052615274,74,0.690558019145625,37,0.461620119241799,74,0.0240307755506239,37,0.0238477156782045,74,0.0239403390266888,37,0.0238181718824292,74,0.0108014457915161,37,0.0108433988034914,74,0.0107439211551204,37,0.0108330668559512,74,0.00476959287658356,37,0.00442234445954225,74,0.00460572742215426,37,0.00437211131565065,74,0.0259149448325433,37,0.0257429933496906,74,0.025807329082644,37,0.0257027542945043
,73,0.281375216167592,38,0.196942489501743,73,0.285168222038006,38,0.199365972374745,73,0.716500131439223,38,0.47298528362436,73,0.741116303868426,38,0.488610927660837,73,0.738392709752494,38,0.487912058420739,73,0.763418777018733,38,0.503490581037345,73,0.656111667747199,38,0.448399939686444,73,0.684295736633487,38,0.466212083594197,73,0.0240039863793836,38,0.0238573326954606,73,0.0239543576297469,38,0.023857737103293,73,0.0107856520768825,38,0.0108355555804698,73,0.0107509288894805,38,0.0108391802294734,73,0.00474250698135604,38,0.00445578471467604,73,0.00459417578832243,38,0.00441220307281931,73,0.0258603158807553,38,0.0257463023557275,73,0.0258084751318331,38,0.0257127153916818
,72,0.278490734496354,39,0.19856595568497,72,0.282134458339133,39,0.200998150888031,72,0.709000856679291,39,0.478009237755742,72,0.733448578551703,39,0.493834460704239,72,0.730992708795043,39,0.493235670126892,72,0.755653382358534,39,0.50904444843474,72,0.650220311290716,39,0.452930372127471,72,0.677835735760891,39,0.470915945767438,72,0.0240154368760227,39,0.0238632170357058,72,0.0239631206507146,39,0.0238327640881317,72,0.0107632263747071,39,0.0108150841753641,72,0.0107599387460906,39,0.0108287776416244,72,0.00476579019423575,39,0.00445162023094061,72,0.00460573910827406,39,0.00438603948140895,72,0.0258562048882813,39,0.0257496194453645,72,0.0257807624739714,39,0.0256775473422179
,71,0.275637927768656,40,0.20018566734378,71,0.279205001768003,40,0.202636131352643,71,0.701837696527405,40,0.483307620065339,71,0.725668452297571,40,0.499130985429214,71,0.72388500859847,40,0.498767665919387,71,0.747811173652824,40,0.514593228635485,71,0.644053279225452,40,0.457536988459836,71,0.67147622441806,40,0.475709498956605,71,0.0240342011372124,40,0.0238480988211779,71,0.0239554567655021,40,0.0238224569192999,71,0.0107752523102178,40,0.0108059212498522,71,0.0107492145110742,40,0.0108388564578292,71,0.00476016330464157,40,0.00444068902488529,71,0.00460996264238768,40,0.00437216985976369,71,0.0259014459098216,40,0.0257464590214682,71,0.0257814561145495,40,0.0256756531610718
,70,0.272864861001334,41,0.201958900097002,70,0.276434065317995,41,0.204421338278055,70,0.694357247131616,41,0.488558372304083,70,0.717898798498263,41,0.504570442774103,70,0.716525402039105,41,0.504246804793631,70,0.740085767502904,41,0.520301884046545,70,0.63817063359367,41,0.462222785805625,70,0.665214338042619,41,0.480660209892965,70,0.0240076038261709,41,0.0238379895731063,70,0.0239409383242091,41,0.0238430799088056,70,0.0107929233348683,41,0.0108117516115761,70,0.0107644793301983,41,0.0108263677399806,70,0.00471159198984963,41,0.00442381629213437,70,0.00460485663782124,41,0.00436944782872432,70,0.0259097421685027,41,0.0257072055096129,70,0.0257915302697505,41,0.0256930967728524
,69,0.27011486281113,42,0.203716191358446,69,0.273536415083781,42,0.206311143302402,69,0.686698305770823,42,0.494075946420131,69,0.710139505396757,42,0.510047210869,69,0.709029179630506,42,0.509984066846631,69,0.732434610610019,42,0.526076274756104,69,0.632056068722504,42,0.466757614454136,69,0.659054879982755,42,0.485515429640614,69,0.0239880865778345,42,0.0238435790072913,69,0.0239294799369598,42,0.023853502453598,69,0.0107768555671132,42,0.0108116500754851,69,0.0107774954049797,42,0.0108155496953145,69,0.00467020183772621,42,0.00441014973025172,69,0.00458371076089927,42,0.0043982135274266,69,0.0258668867615317,42,0.0257165302391558,69,0.025804058342386,42,0.0257035523953719
,68,0.267222302566831,43,0.205555102425589,68,0.270725309992794,43,0.208065913409637,68,0.678998239397487,43,0.499451266694788,68,0.702125651505496,43,0.515775734950353,68,0.701419709005055,43,0.515568190854742,68,0.724537847045494,43,0.532056552210738,68,0.625869947904801,43,0.471401668016264,68,0.652855098650457,43,0.490569994947032,68,0.0239804847916687,43,0.023873935878411,68,0.0239285741266434,43,0.0238304801674295,68,0.0107844819246103,43,0.0108230474279731,68,0.0107737354568571,43,0.0108306119325232,68,0.00468144908007433,43,0.00442526905351216,68,0.0045811851530811,43,0.00437965881178196,68,0.0258852403915612,43,0.0257364906437631,68,0.0257865914145106,43,0.0256806966179441
,67,0.264600351037467,44,0.20744751177576,67,0.267939847644611,44,0.210017026274206,67,0.671755696350524,44,0.504956488966657,67,0.694110402094702,44,0.521464596450098,67,0.694371272687636,44,0.521287672350495,67,0.716649492475807,44,0.537947094950982,67,0.620037355171664,44,0.476335320495102,67,0.646447786919848,44,0.495528982618198,67,0.0239809513460146,44,0.0238776125884531,67,0.0239271664055629,44,0.0238303735087931,67,0.010777048232376,44,0.0108027015560198,67,0.01078050735555,44,0.0108289038569045,67,0.00469393121120699,44,0.00442527572574425,67,0.00458389860339881,44,0.00437779711171101,67,0.0258963901002621,44,0.0257261565885143,67,0.0258046599689246,44,0.0256748098689783
,66,0.261934814378891,45,0.20932538733749,66,0.26519352903459,45,0.211995961067468,66,0.664318890065881,45,0.510567564835975,66,0.686443216641638,45,0.527384913979517,66,0.687016017395559,45,0.527095919821465,66,0.709052174656578,45,0.54407550366728,66,0.614236610889445,45,0.481097709680632,66,0.640322547011262,45,0.500626420864368,66,0.0240076891611445,45,0.0238405184842277,66,0.0239324107265364,45,0.023855362882045,66,0.0107756496229894,45,0.0107988202152146,66,0.0107919327065258,45,0.0108085675227869,66,0.00469684967683096,45,0.00442346332333301,66,0.00456581470094034,45,0.00442072237035172,66,0.025847643181646,45,0.0257061170536203,66,0.02581643871874,45,0.0256919568535665
,65,0.259293397440627,46,0.211290231808318,65,0.262516495374315,46,0.213952945099263,65,0.656888432836086,46,0.516513684158806,65,0.678712294767396,46,0.533384374585748,65,0.679639814569416,46,0.533192877677405,65,0.701334063128462,46,0.550269560177527,65,0.608590486025604,46,0.486044416306652,65,0.634057257707271,46,0.505679220771022,65,0.0239777555598369,46,0.0238330436528718,65,0.023922001015176,46,0.0238557165685951,65,0.0108120112949234,46,0.0107995030355629,65,0.0107732547925939,46,0.0108019529462757,65,0.00467407071995171,46,0.00442181111314715,65,0.00455764635577559,46,0.00442347082641936,65,0.0258422999291239,46,0.025689635118316,65,0.025783892768593,46,0.0256915944129501
,64,0.256775805222753,47,0.213347134350719,64,0.259988734122974,47,0.215990777987492,64,0.649449699747034,47,0.5223685603974,64,0.670867500587955,47,0.539470687306161,64,0.672266876714679,47,0.539227952018148,64,0.693491016493471,47,0.556529110396305,64,0.602767365899202,47,0.491023204047514,64,0.627835313827022,47,0.510889655207958,64,0.0239494952567295,47,0.023870808654379,64,0.0238792508159033,47,0.0238395371070765,64,0.010785355765739,47,0.0107966423015198,64,0.0107620896083841,47,0.0108036424818442,64,0.00463642707254972,47,0.00445804537655353,64,0.00451883464777018,47,0.00441691982714167,64,0.0258270229508765,47,0.0257236588111582,64,0.0257498480238099,47,0.025692128494107
,63,0.254299156413433,48,0.215339810357926,63,0.257449835170522,48,0.217996597721503,63,0.641827015017067,48,0.528237641770616,63,0.663128045383927,48,0.545394925663537,63,0.664617699579669,48,0.545162467980385,63,0.685676371278252,48,0.562594295379633,63,0.596758219560203,48,0.496042839359715,63,0.621809059638794,48,0.516057005357537,63,0.0239896724833882,48,0.0238563576680127,63,0.0238941670616755,48,0.0238397379194312,63,0.0107631991605099,48,0.0107868141085446,63,0.0107712860351149,48,0.0108125081770362,63,0.00461905649886415,48,0.00443196948654148,63,0.00452822484381597,48,0.00442460909064333,63,0.0258296372855373,48,0.0257075850181603,63,0.0257492746899913,48,0.0256853723462692
,62,0.25184345920913,49,0.217426078137635,62,0.25503687168459,49,0.220040849937982,62,0.634213265384298,49,0.534360202712431,62,0.655406115997101,49,0.551520032109307,62,0.656920396430565,49,0.551357390474912,62,0.677846261481943,49,0.568835847169766,62,0.59085260613998,49,0.501028685680788,62,0.615509557775279,49,0.521379376496704,62,0.0239910593897888,49,0.0238191838238321,62,0.0239149379492149,49,0.0238531905981887,62,0.0107781809305682,49,0.0107907719744684,62,0.0107678882684013,49,0.0107958889929815,62,0.00462802428676761,49,0.00440595653599419,62,0.00455695803674304,49,0.00443650313551966,62,0.0258487551935171,49,0.0256760167312548,62,0.0257496894654302,49,0.0256576369553376
,61,0.249388611468092,50,0.219578993525152,61,0.252564604087097,50,0.222167216304121,61,0.626856579315871,50,0.540170867191013,61,0.647831779715183,50,0.557634077358344,61,0.649370462247042,50,0.557381692892592,61,0.67004139235477,50,0.575214054434232,61,0.584930094614619,50,0.506229266951284,61,0.609202197961482,50,0.526603141720343,61,0.023964921961725,50,0.0238250023121271,61,0.0238881558799575,50,0.0238435184087945,61,0.0108054544899871,50,0.0107867747117014,61,0.0107799722390501,50,0.0107804383988717,61,0.00463397634064471,50,0.0044125287322809,61,0.00451768038867428,50,0.00440719632538,61,0.025842885240045,50,0.0256972999587955,61,0.0257369665812116,50,0.0256648134264624
,60,0.247082927132145,51,0.221634656451956,60,0.250069215581438,51,0.224391640441375,60,0.619662449846888,51,0.546176435788937,60,0.640357983976934,51,0.563871580748045,60,0.641821554410963,51,0.56358083343212,60,0.662243742223311,51,0.581753782062913,60,0.5788609216585,51,0.511375685155272,60,0.602823147132942,51,0.532015755358566,60,0.0239548570677808,51,0.0238725754361813,60,0.0238684663063823,51,0.0238492375662604,60,0.0108096257868516,51,0.010793954598028,60,0.0107694105366254,51,0.0108087482170503,60,0.00463388820900441,51,0.00446003183875956,60,0.0045160421297153,51,0.00444449298386113,60,0.0258094864227049,51,0.0257105324074976,60,0.0257254420750508,51,0.025694255495889
,59,0.244795003273782,52,0.223788648929478,59,0.247616274970049,52,0.226599543059845,59,0.612928588330284,52,0.552259413808212,59,0.632915935710922,52,0.570102017100757,59,0.6346685899047,52,0.569878493393634,59,0.654375375228482,52,0.588198755954642,59,0.572769501117537,52,0.516452916147354,59,0.59644108687932,52,0.537757159847813,59,0.0239357846496741,52,0.0238800966560017,59,0.0238741430333473,52,0.0238744839616131,59,0.0107913423271293,52,0.0108183696546812,59,0.0107791044771944,52,0.0108231507620627,59,0.00457526295892035,52,0.00448032890630442,59,0.00451699274103323,52,0.00444662473451749,59,0.0258027308196486,52,0.0257156325838546,59,0.0257196297030796,52,0.0257169773778626
,58,0.242460179099837,53,0.226049214856151,58,0.245330547834405,53,0.228844590637743,58,0.606091700540397,53,0.558413632776144,58,0.625677034174752,53,0.576556148074053,58,0.627330874713436,53,0.576301312167582,58,0.646721541383569,53,0.595027031952773,58,0.566672178942955,53,0.522229017165398,58,0.590089385924386,53,0.543518060994592,58,0.0239401577505156,53,0.0238623166443123,58,0.0238886819468172,53,0.0238823308951448,58,0.0108492721583745,53,0.0107758082264275,58,0.0107930021801859,53,0.0107985147855249,58,0.00458020704255202,53,0.00444454737461616,58,0.00451109097073264,53,0.00443970172847323,58,0.0258157820512001,53,0.0256897518150224,58,0.0257622436509402,53,0.0256856700631037
,57,0.240150843848696,54,0.228296690692261,57,0.243036765526901,54,0.231050871580241,57,0.599248051846012,54,0.564813999497699,57,0.618798270506828,54,0.58297693378307,57,0.620107544426262,54,0.582976619081855,57,0.639424027153646,54,0.601779739895583,57,0.56087796219356,54,0.527885193244104,57,0.583813970347695,54,0.549360565195936,57,0.0239445707081142,54,0.0238669579808048,57,0.0239198072021763,54,0.0238627743373679,57,0.0108465526391681,54,0.0107521389369839,57,0.0107811218350019,54,0.0107885615031544,57,0.00460455609097549,54,0.00443460101833508,57,0.00453176377798754,54,0.00444040085800266,57,0.0258375720766968,54,0.0256819033277242,57,0.0257626199890008,54,0.0256885883687202
,56,0.237859936373197,55,0.230499703136171,56,0.24073434402987,55,0.233314303679679,56,0.592361249502962,55,0.570983694968043,56,0.61207251436825,55,0.589667188740562,56,0.61289948592086,55,0.589423740046031,56,0.632293491646977,55,0.608804798115262,56,0.554615380858267,55,0.533508258584288,56,0.577639262161373,55,0.555224915818982,56,0.0239351532226652,55,0.0238723215861962,56,0.0239031236048332,55,0.0238834944492179,56,0.0108281518663777,55,0.0107414164157198,56,0.0107809718545105,55,0.0108009270115137,56,0.00458596261414482,55,0.00444775138996932,56,0.00452676921694524,55,0.00443867564846151,56,0.0258414101163556,55,0.0256907910718201,56,0.0257392936978834,55,0.0256951809384778
,55,0.235563726999192,56,0.232803195200745,55,0.238441618507009,56,0.23562949704786,55,0.585690965552101,56,0.577559372009713,55,0.605098854888309,56,0.596408387272473,55,0.605770960184544,56,0.59631625432281,55,0.624866310981637,56,0.615798193461803,55,0.548641566376771,56,0.539606654924392,55,0.571363177465576,56,0.561490545907518,55,0.0239283922037459,56,0.0238498050260282,55,0.0238805373789298,56,0.0238505907940776,55,0.0108298475276601,56,0.0107649098465767,55,0.0107988371489783,56,0.0107881754244166,55,0.00457228540773596,56,0.00445928807616158,55,0.00448609108650135,56,0.00441245762591696,55,0.0258221660962539,56,0.0256902763184538,55,0.0257619667729347,56,0.0256640257639693
,54,0.233329173197197,57,0.235026123923075,54,0.236168492896444,57,0.237819344536535,54,0.579261131566771,57,0.583961394913423,54,0.598415716644716,57,0.603227405244054,54,0.598965165579368,57,0.603078192693,54,0.617795123970664,57,0.62290856138125,54,0.542632706426948,57,0.545667847597187,54,0.565016205639235,57,0.567547820992507,54,0.0239508456531688,57,0.0238332637353665,54,0.0238534038550436,57,0.0238358319549605,54,0.010839835092236,57,0.0107417244303147,54,0.0107774759515363,57,0.0107870757080968,54,0.00460582791517851,57,0.00445427910536742,54,0.004464210395464,57,0.00441857937964951,54,0.0258148054539004,57,0.0257056698968323,54,0.0257056611914407,57,0.0256716151659268
,53,0.23119792430682,58,0.237330651434334,53,0.233920027396958,58,0.240156176516735,53,0.573045596314594,58,0.590733036079988,53,0.591694871003269,58,0.610022059230524,53,0.592461743156679,58,0.610195745050275,53,0.61072292680887,58,0.63028134950617,53,0.536701490270868,58,0.551792163780207,53,0.558799436449939,58,0.573884981833087,53,0.02395581293145,58,0.0238678645662817,53,0.0238584209422044,58,0.0238482665611309,53,0.0108389053055618,58,0.0107582359767504,53,0.0107808252166387,58,0.0107676567667641,53,0.00458651506007905,58,0.00446325155893612,53,0.00450446168355819,58,0.00442844931583276,53,0.0258251305795873,58,0.0257148099285824,53,0.0257264816577069,58,0.0256689692241186
,52,0.229064859666745,59,0.239615860708817,52,0.231652820270507,59,0.242634769641912,52,0.56672707261899,59,0.597618999230778,52,0.585242093286818,59,0.617171019147082,52,0.585889972962396,59,0.617489976836932,52,0.603915485297143,59,0.637964626148561,52,0.53102633625076,59,0.558075997958382,52,0.552582251476215,59,0.580362032738965,52,0.0239397767522111,59,0.023878137547155,52,0.0238805868024542,59,0.0238424887949265,52,0.0108165701305854,59,0.0107531522724965,52,0.0108034853336589,59,0.0107649965316753,52,0.00456979650044318,59,0.00448110677060199,52,0.00448741496584334,59,0.00444541980077947,52,0.0258535369227373,59,0.0257131421802051,52,0.0257536165731613,59,0.0256717511888285
,51,0.226811321372229,60,0.241955470439754,51,0.229448838992887,60,0.244873023114554,51,0.560455766689556,60,0.604650643016468,51,0.579004632472082,60,0.624110449297115,51,0.579335051590268,60,0.624863857780146,51,0.597403788503322,60,0.645284851246736,51,0.525131613694656,60,0.564512576735036,51,0.546884807780791,60,0.586494761672103,51,0.0239121230182168,60,0.0238484524543454,51,0.0238430895628417,60,0.0238212366641485,51,0.0108290385437596,60,0.0107359495017186,51,0.0108123207914039,60,0.0107649576459767,51,0.00457910716271905,60,0.00448992653056282,51,0.0044660575361049,60,0.00444998441619486,51,0.0257972045244694,60,0.0256894876354164,51,0.0257365105033165,60,0.0256559125858321
,50,0.22458307519525,61,0.244403040601995,50,0.227356814612969,61,0.247226046675256,50,0.554258945078534,61,0.611911859171682,50,0.572600405208004,61,0.631440579577387,50,0.572879642888044,61,0.632392017083417,50,0.590726695711815,61,0.652986274150299,50,0.519473423928586,61,0.570847353090581,50,0.541097085852734,61,0.592909217579483,50,0.0239342779223489,61,0.0237863028019443,50,0.023885348996623,61,0.0238409601550872,50,0.0108267473205441,61,0.0107155590500923,50,0.0108115195789855,61,0.0107544242066623,50,0.00457749648994877,61,0.00445262348331304,50,0.00448739772799016,61,0.00446606106851706,50,0.0258145513098961,61,0.0256880715703305,50,0.02575945854281,61,0.0256721110390024
,49,0.222501050443898,62,0.246779349206068,49,0.225104461073037,62,0.249658926823663,49,0.548208085441701,62,0.619467149012734,49,0.566352359567782,62,0.638814619394989,49,0.566653977789114,62,0.640103627125353,49,0.584273395424289,62,0.660748616837077,49,0.514160155778687,62,0.577328300369186,49,0.535471198220943,62,0.599753323037521,49,0.023946719068892,62,0.0238080676488194,49,0.0238678441562033,62,0.0238336951802603,49,0.01080774380219,62,0.0107251260683184,49,0.0107947496100118,62,0.0107413648868909,49,0.00458144598777752,62,0.00446736773124388,49,0.00446843868715361,62,0.00447280351824164,49,0.0257990035018938,62,0.0257110843534027,49,0.0257136265929013,62,0.0256874367810714
,48,0.22035092241845,63,0.249236812505688,48,0.223041310569879,63,0.252266244470923,48,0.542344477108662,63,0.626903047280342,48,0.560473077965288,63,0.646586496238451,48,0.560537786521633,63,0.647787552988102,48,0.578250328984561,63,0.668833279690498,48,0.509067638508812,63,0.583636598604068,48,0.530112362295366,63,0.606251071979148,48,0.0239320131200754,63,0.0237920018634275,48,0.023886170057581,63,0.0237964922696519,48,0.010854525675758,63,0.0106987470604803,48,0.0108079081129581,63,0.0107399918481891,48,0.00456443665779526,63,0.00443714854462107,48,0.00448305756821135,63,0.00446985936366523,48,0.0258207590764195,63,0.0257091185829167,48,0.0257314495578927,63,0.0256589188925531
,47,0.218310397536502,64,0.251745773591328,47,0.22096456153689,64,0.254760201200282,47,0.536612516519132,64,0.634489570843724,47,0.554210466935491,64,0.654422433677395,47,0.554682877955499,64,0.655634390131532,47,0.571877569132716,64,0.676851085382818,47,0.50390718029312,64,0.590050826787474,47,0.524622888981688,64,0.612851202974703,47,0.0239481463404478,64,0.0238004126960597,47,0.0238867196728301,64,0.0238275175180175,47,0.0108500397236741,64,0.0107102960176265,47,0.0108197368243214,64,0.0107441939761797,47,0.00456753040384156,64,0.00447152388795869,47,0.0045002202294793,64,0.00449044948993018,47,0.0258068018093437,64,0.0257178673997842,47,0.0257569458813118,64,0.0256693693119494
,46,0.216281625089168,65,0.254216741192938,46,0.218830980932289,65,0.257369543327769,46,0.530571499802925,65,0.64199893703671,46,0.548160326892434,65,0.662267010709757,46,0.54846773464888,65,0.663264602619885,46,0.565693119283782,65,0.684814767204715,46,0.498873085998713,65,0.596393234192971,46,0.519255547789888,65,0.619360705950207,46,0.0239745288706909,65,0.0238493278835321,46,0.0239093016803079,65,0.0238630973653292,46,0.010838751911161,65,0.0107205227258699,46,0.0108141625455847,65,0.010761123097302,46,0.0045890875701219,65,0.00451110813253172,46,0.00450266534984725,65,0.00450830764059693,46,0.0258402542976319,65,0.0257265581774235,46,0.0257312220395483,65,0.0256963517404768
,45,0.214332395024018,66,0.256885287000221,45,0.216784881704121,66,0.25998272015044,45,0.524898763907985,66,0.650274238497276,45,0.54215759334648,66,0.67028912646481,45,0.542641202187639,66,0.671471850930448,45,0.559573254801015,66,0.692851665662152,45,0.493855524332488,66,0.602914521124844,45,0.513929120487653,66,0.625806782219245,45,0.0239874686618979,66,0.0238630623528644,45,0.0239137977720294,66,0.0238708333196424,45,0.0108661848110482,66,0.0107220165122993,45,0.0108277967429314,66,0.0107592868094079,45,0.00459596613107995,66,0.00449567859847788,45,0.0045182404681441,66,0.00449819492037652,45,0.0258038726220594,66,0.0257348059003822,45,0.0257415667721794,66,0.0256961345104771
,44,0.212311843338732,67,0.259708303026503,44,0.214781686114028,67,0.262713975318025,44,0.519101851175325,67,0.658690502300199,44,0.536158353073027,67,0.678478143274164,44,0.536694787593761,67,0.679765232909678,44,0.553423142606288,67,0.70105282241227,44,0.48903415181284,67,0.609541621953983,44,0.508904102743067,67,0.632510331169443,44,0.0239858522109018,67,0.0238258778919504,44,0.0239267546086055,67,0.0238311687276055,44,0.0108400206746527,67,0.0107251365012149,44,0.0108226360039682,67,0.0107298416765512,44,0.00458035022169194,67,0.0044749111307202,44,0.00454265013022256,67,0.00446385733042292,44,0.025811581511615,67,0.0257071560769301,44,0.025748863095861,67,0.0256806460917127
,43,0.210388863829795,68,0.262390857582088,43,0.212814899673577,68,0.265516762127692,43,0.513422003880248,68,0.666240057877504,43,0.530426946677001,68,0.686860462470243,43,0.530859508652048,68,0.687363081382135,43,0.547499713953368,68,0.709385352251391,43,0.484113740598776,68,0.616167789490909,43,0.503786291356012,68,0.639414810591848,43,0.0239422296760425,68,0.0238007427645119,43,0.0239128883280278,68,0.023881314717736,43,0.0108432487760941,68,0.0107058640042816,43,0.0108238358141985,68,0.0107421091538083,43,0.00454282580196153,68,0.00445392367101619,43,0.00450791830361041,68,0.00448261315437794,43,0.0257733304808299,68,0.0256950440524196,43,0.0257292484666573,68,0.0257041326644529
,42,0.208503341042177,69,0.265125748851242,42,0.210920637083868,69,0.268358264342937,42,0.507723736991355,69,0.674314703836141,42,0.524527121276222,69,0.695119976327405,42,0.524936906691218,69,0.695648879540526,42,0.541433978087135,69,0.717507267584085,42,0.479407877777686,69,0.622757777306142,42,0.498744031046952,69,0.646097003875444,42,0.0239164544517452,69,0.0238783094653048,42,0.0239125469047215,69,0.0238848460731648,42,0.0108507467366569,69,0.0107191771731548,42,0.0108377158913824,69,0.0107477322132796,42,0.00451038749767778,69,0.00450163296459785,42,0.00449578690399918,69,0.00449142516584054,42,0.0258015027666787,69,0.0257358617732276,42,0.0257530436957052,69,0.0257182293852613
,41,0.206638448798129,70,0.267925705745123,41,0.209057325876156,70,0.27129829525539,41,0.502281991666018,70,0.682332333730992,41,0.518697188638499,70,0.703347489913436,41,0.51932044403824,70,0.70371931217531,41,0.535456586517806,70,0.725782530338334,41,0.474709611393546,70,0.62918561077726,41,0.493664103955225,70,0.652759039255737,41,0.0239290397800655,70,0.0238876708368249,41,0.0238562815631181,70,0.0238488681376647,41,0.010884921546964,70,0.0107352584023348,41,0.0108289724589823,70,0.0107301045869405,41,0.00454488072175948,70,0.00453179543041345,41,0.00446308755722999,70,0.00449514063495838,41,0.0258046712169725,70,0.0257169524304844,41,0.0256989157733902,70,0.0257087704644209
,40,0.204795352912417,71,0.270818764470716,40,0.207244099458386,71,0.27428547935798,40,0.496544725461132,71,0.690171801601121,40,0.513128618167576,71,0.711783367005318,40,0.513411524086868,71,0.711580730719383,40,0.529702813099154,71,0.73427106783996,40,0.469774465754798,71,0.635589931529701,40,0.488766794856938,71,0.659647584835486,40,0.0239399574084538,71,0.0238582093377747,40,0.0238699210330534,71,0.0238606185955037,40,0.010851293130639,71,0.0106990525685112,40,0.0108420238882095,71,0.0107279033164936,40,0.00452417131439198,71,0.00453137320026341,40,0.0044658042598121,71,0.00450139851623097,40,0.0257499508662693,71,0.0257168615787462,40,0.0257041108784833,71,0.0256936550618947
,39,0.203020666968022,72,0.273700675909772,39,0.20544367793765,72,0.277265939279547,39,0.491234660622842,72,0.697594834719922,39,0.50732979823431,72,0.719985612736335,39,0.507849701082606,72,0.719047072075768,39,0.52370488926827,72,0.742061155854734,39,0.465073625999525,72,0.642059609774101,39,0.483966740376638,72,0.666240797687923,39,0.0239281872898557,72,0.0238853838916664,39,0.0238582383923125,72,0.0238421390390067,39,0.0108567510126147,72,0.0107027673630515,39,0.0108501157897683,72,0.0107449164670151,39,0.00450225925135225,72,0.00452402163146047,39,0.0044655556658946,72,0.00448831548114322,39,0.0257678857547139,72,0.0257272327056128,39,0.0256984977678889,72,0.025683345937841
,38,0.201252107222005,73,0.276801692962386,38,0.203727767340402,73,0.280315161682792,38,0.485919824400105,73,0.706242300601344,38,0.501992086876999,73,0.728437493039395,38,0.50224127325286,73,0.727724375826388,38,0.518159909135149,73,0.750335825046943,38,0.460350313565306,73,0.648832839558714,38,0.479074646030968,73,0.673097833125705,38,0.0239140293231324,73,0.0238809223348878,38,0.0238882850468791,73,0.0238459181510219,38,0.0108908141183436,73,0.0107070283579967,38,0.0108411559667855,73,0.0107514271394667,38,0.00448954252651522,73,0.00453195004070399,38,0.00449852877586215,73,0.00450394749818223,38,0.0257698463332698,73,0.0257484313946415,38,0.0257212871146512,73,0.0257079926665126
,37,0.199469974555751,74,0.279839388436437,37,0.201993420500366,74,0.283315995831385,37,0.480549465640687,74,0.714296633847629,37,0.496462764255159,74,0.736987380926463,37,0.496664901931589,74,0.735858468009484,37,0.512320437323376,74,0.758662804483593,37,0.455680617260353,74,0.655582869107727,37,0.474178977015285,74,0.679943579274446,37,0.0238951541717986,74,0.0238913493389225,37,0.0238965631293406,74,0.0238802443496997,37,0.0108672918437796,74,0.0107287565363161,37,0.0108492365462831,74,0.0107288425935291,37,0.00449301115929876,74,0.00456553556437119,37,0.00447777853016013,74,0.00449710036121276,37,0.0257599931827912,74,0.0257605931831806,37,0.0257016693695984,74,0.0257067514416107
,36,0.197879529647661,75,0.282981404688122,36,0.20026486794403,75,0.286363951545906,36,0.475575598706701,75,0.722213612950562,36,0.491398421083366,75,0.745551968456683,36,0.491370827079183,75,0.74375478977084,36,0.50696938996653,75,0.76702184077392,36,0.451221913001121,75,0.662455763332526,36,0.46944467352017,75,0.687104766438276,36,0.0239120372958267,75,0.0239092101242412,36,0.0238698467507697,75,0.023878867699435,36,0.0108809739692098,75,0.0107115426051692,36,0.0108571661424077,75,0.0107169135632786,36,0.00448120790965453,75,0.00456513099992793,36,0.00445891801321831,75,0.00449447479164179,36,0.0257390653756868,75,0.0257491906627878,36,0.0256939041999807,75,0.0257302735798471
,35,0.19626897020015,76,0.285950609577404,35,0.198621317852806,76,0.289404607552476,35,0.470462803350351,76,0.730270429212337,35,0.486048681069794,76,0.753888977507158,35,0.4859842349958,76,0.75172308803492,35,0.501290285709988,76,0.775216862339832,35,0.446825775703442,76,0.669212962589567,35,0.464627584071334,76,0.694315599444104,35,0.0239099266463156,76,0.0239051534417718,35,0.0238936282953356,76,0.0238649800864299,35,0.0108661419842432,76,0.0106974089419746,35,0.0108800478529047,76,0.0107296367572818,35,0.00451402760560778,76,0.00456717947068613,35,0.00446555706118904,76,0.0045077079678425,35,0.0257946714299978,76,0.0257599198786053,35,0.0257193186766823,76,0.0257331427525219
,34,0.194680388014139,77,0.289052533930062,34,0.19702012008898,77,0.29258663532418,34,0.465606939347813,77,0.738133812053826,34,0.481008604252793,77,0.762399477320405,34,0.480849857443999,77,0.759673741871006,34,0.496017403768656,77,0.78376029536119,34,0.442367045815177,77,0.676147094844214,34,0.459995673260947,77,0.70157457107308,34,0.023897918966967,77,0.0238956908023497,34,0.0238909389566076,77,0.02386803232349,34,0.0108636497557589,77,0.0107083635377769,34,0.0108760123733555,77,0.0107221332351396,34,0.00449782478866313,77,0.00455915695394687,34,0.00449957515366943,77,0.00452456256471167,34,0.0257721963043372,77,0.0257473045259671,34,0.0257375001391095,77,0.0257353135205393
,33,0.193126903449371,78,0.29199442431979,33,0.1954489661612,78,0.295708373099759,33,0.460858243501192,78,0.746094873315951,33,0.476213653751,78,0.770778775733357,33,0.475751195988899,78,0.767454260482957,33,0.490858366284134,78,0.792329867854625,33,0.437758086758199,78,0.682920700681542,33,0.455460039426664,78,0.708705379027712,33,0.0239067054856031,78,0.0238749866932227,33,0.0238683790540225,78,0.0238834989683392,33,0.0108807855735025,78,0.0107038212694843,33,0.0108760877522998,78,0.010716485667149,33,0.00451643999470638,78,0.00455153386842346,33,0.00446205907755129,78,0.0045211394034293,33,0.0258145991905719,78,0.0257564112594193,33,0.0257173784385026,78,0.0257184873997096
,32,0.19166294261457,79,0.295140133701872,32,0.193919054966604,79,0.298817244800674,32,0.456376087822461,79,0.7548297675653,32,0.471374695597163,79,0.77936281206927,32,0.470976368734236,79,0.776001803767318,32,0.485743193299187,79,0.801181063386142,32,0.43353362056673,79,0.690234921920472,32,0.451080819369403,79,0.715969207907672,32,0.023923599025058,79,0.0239066312910084,32,0.02382291546101,79,0.0238995724820058,32,0.0108893866812566,79,0.01070778344435,32,0.0108784714531636,79,0.0107379378192303,32,0.0045272844042057,79,0.00457698227126153,32,0.00442253938778374,79,0.0045307277753013,32,0.0257313674126207,79,0.0257706650663897,32,0.0256954503889198,79,0.0257083089259531
,31,0.190233742733287,80,0.298107803995259,31,0.192452562683566,80,0.301935997372596,31,0.451885947862719,80,0.76323388403805,31,0.466830128124585,80,0.788041047464365,31,0.466218151924387,80,0.784415435502691,31,0.480949655822088,80,0.809960949372909,31,0.429397754927375,80,0.697433715948306,31,0.446647770510232,80,0.723535514880046,31,0.0239080688466632,80,0.023881782189042,31,0.0238545143127732,80,0.0239003273520808,31,0.0108924690997126,80,0.0107170439308129,31,0.0108800469962889,80,0.0107202843968252,31,0.0045124554979217,80,0.00455687789403763,31,0.00443571766762814,80,0.0045684490008018,31,0.0257362100126094,80,0.0257443941412321,31,0.0257333811631722,80,0.0257433580710011
,30,0.188736916081381,81,0.301065023100381,30,0.190990356794343,81,0.30506510970667,30,0.447522810071494,81,0.771340732674455,30,0.46219509904711,81,0.796941492294468,30,0.461538975810769,81,0.792594356664925,30,0.476002532113427,81,0.818403781040658,30,0.425233848059586,81,0.704405935726768,30,0.442269866120038,81,0.730957803754623,30,0.0238479734426736,81,0.023881212944228,30,0.0238526862946529,81,0.0239090506071563,30,0.0108874892130926,81,0.01070862306193,30,0.01088703141973,81,0.0107104339864618,30,0.00446623558945438,81,0.00453013633015533,30,0.00446659973252628,81,0.00457209304648058,30,0.0256934061158853,81,0.0257384539947269,30,0.0257397469662425,81,0.0257386791695118
,29,0.187236336009279,82,0.304037659460124,29,0.18960340283562,82,0.308235696945524,29,0.443027125460123,82,0.779322315590039,29,0.457847051311721,82,0.805783187048892,29,0.456766909241761,82,0.800500948562344,29,0.471448157887507,82,0.827111664100751,29,0.421064686429017,82,0.711419415845215,29,0.438165079273004,82,0.738476868310837,29,0.0238935458762687,82,0.0239477151674557,29,0.0238851391225573,82,0.0238771035849058,29,0.0108770277458132,82,0.0106986963091208,29,0.0108874918379691,82,0.010719283012982,29,0.00448902615044096,82,0.00454984301761847,29,0.00447641918116601,82,0.00453438148739344,29,0.025729388375985,82,0.0257731151998929,29,0.0257420261269666,82,0.0257157639072615
,28,0.185985586524274,83,0.30692074444087,28,0.188074870333418,83,0.311364981897459,28,0.439367036583994,83,0.787657372778453,28,0.453748228407422,83,0.814362663470218,28,0.452918754052161,83,0.808788744037705,28,0.467062580128784,83,0.835435522021951,28,0.417901621662903,83,0.718975333517377,28,0.434541446076793,83,0.746134930885294,28,0.0239062560637174,83,0.023942496904904,28,0.0238532647711296,83,0.023862228148245,28,0.0108958259228248,83,0.0107004969909794,28,0.0108881626025672,83,0.0107248913686666,28,0.00451910662442034,83,0.00457999422411656,28,0.00443414732891026,83,0.004525636930879,28,0.025766016078807,83,0.0257823156654851,28,0.0257154052404138,83,0.0257093165395726
,27,0.1847962667007,84,0.309937428938953,27,0.186951301990335,84,0.314576854729562,27,0.43553518147313,84,0.796068580924632,27,0.449933424493146,84,0.823329811286722,27,0.448839785403111,84,0.817255909251876,27,0.46306568134867,84,0.844133997956921,27,0.414178642036645,84,0.726552883790601,27,0.430706581571833,84,0.753920017341767,27,0.023893350183051,84,0.0239273613417989,27,0.0238591251814726,84,0.0238468429047235,27,0.0108715910672799,84,0.010705412229204,27,0.0108932337110477,84,0.0107028811378981,27,0.00449464108567517,84,0.00460904568536392,27,0.00445615510576852,84,0.00451749152891045,27,0.0257461294530743,84,0.0257858004840638,27,0.0257229894168895,84,0.0257132659523846
,26,0.183430124313181,85,0.312749732947469,26,0.185682759476639,85,0.31788063991547,26,0.431705889714918,85,0.804274200237115,26,0.445869443231278,85,0.832457191177393,26,0.444779933273451,85,0.825535257838277,26,0.45876784583552,85,0.853017513302039,26,0.410427324296142,85,0.733619733745658,26,0.426825595268416,85,0.761781065662855,26,0.0238935107762594,85,0.0239418313012862,26,0.0238549150166948,85,0.0238715343901133,26,0.0108747634631172,85,0.0107128776875473,26,0.0108888006868396,85,0.0106986796273267,26,0.00450073826406896,85,0.00462067702937398,26,0.00444685819699166,85,0.00454095006338474,26,0.0257210564382451,85,0.0258019193539056,26,0.0257181714581842,85,0.0257198113240887
,25,0.182117655513548,86,0.315224708378994,25,0.184341142757459,86,0.321039846867767,25,0.427360350817939,86,0.812669362701081,25,0.441588803283724,86,0.841761242605932,25,0.440175977331597,86,0.834207298536704,25,0.454295713502325,86,0.862228960294693,25,0.406487507023659,86,0.74102909483873,25,0.422728600042762,86,0.769431953477577,25,0.0238869184751535,86,0.0239117783193849,25,0.0238585475706695,86,0.0239085736245118,25,0.0109006954812938,86,0.0107088400773891,25,0.010881505521655,86,0.010693860450946,25,0.00449976003799694,86,0.00458368554644095,25,0.00443799039150948,86,0.00458128807035689,25,0.0257410392116187,86,0.0257988292157978,25,0.0257089654709182,86,0.0257436932265213
,24,0.180654210421521,87,0.31780939502262,24,0.182876106624193,87,0.324239038221156,24,0.42311560017041,87,0.821601795491235,24,0.437116829392745,87,0.851235888435914,24,0.435743585573424,87,0.843506284288648,24,0.449668272893183,87,0.871748733355881,24,0.402918467070764,87,0.748999620089387,24,0.418864719320834,87,0.777817310332279,24,0.0238611653727223,87,0.023919650767129,24,0.0238677228412945,87,0.0239027645160013,24,0.010870558205325,87,0.0107058144064594,24,0.010882560246246,87,0.0106965928417264,24,0.00447995997133827,87,0.00462649447265008,24,0.0044688530016633,87,0.00460166392510072,24,0.0257657143632472,87,0.0258005310704655,24,0.025744656245878,87,0.0257647480443476
,23,0.179369375833464,88,0.320852659019495,23,0.18149850824165,88,0.327746536723695,23,0.419187904356612,88,0.830297996120391,23,0.433133912319943,88,0.860324357236936,23,0.431604430006007,88,0.852499986308944,23,0.44547819405042,88,0.880917832594579,23,0.399310506873128,88,0.756878027735558,23,0.415237810635713,88,0.785848572671031,23,0.0238855174117419,88,0.0239468120954334,23,0.0238280059550386,88,0.0238943120971753,23,0.010846982894411,88,0.0106745360247698,23,0.0108563918207855,88,0.0106984069664344,23,0.00447537962339835,88,0.00467341600004609,23,0.00443999098689567,88,0.00459486070587541,23,0.0257624262190638,88,0.025788531065152,23,0.0257323724257711,88,0.0257212776792912
,22,0.178148500675851,89,0.324051966784082,22,0.180298057683942,89,0.330942851947407,22,0.415733073535946,89,0.838795478259868,22,0.429440185098952,89,0.869468482556181,22,0.427949307578739,89,0.861372380015171,22,0.44166887053632,89,0.890053182783728,22,0.396122742626487,89,0.764770393256347,22,0.411932629439997,89,0.793668229956581,22,0.0238689704624803,89,0.023951437404462,22,0.0238640636470513,89,0.0239209383560187,22,0.0108276905478826,89,0.0106653069143298,22,0.0108467610461593,89,0.0106976184020799,22,0.00446704131826316,89,0.00467325378228716,22,0.00446315721675925,89,0.00461275174066281,22,0.025733511462887,89,0.0257762945021894,22,0.025786647221728,89,0.0257257389100754
,21.2999992370605,0.177321529845949,89.6999969482422,0.326227261172198,21.2999992370605,0.17946261253212,89.6999969482422,0.333236759547656,21.2999992370605,0.413416770875479,89.6999969482422,0.845438403262726,21.2999992370605,0.426902710684669,89.6999969482422,0.875856700168805,21.2999992370605,0.425434426972462,89.6999969482422,0.86823859649749,21.2999992370605,0.439010132858819,89.6999969482422,0.896500306109352,21.2999992370605,0.393893565882226,89.6999969482422,0.770127011398334,21.2999992370605,0.409605198982676,89.6999969482422,0.799120507455199,21.2999992370605,0.023845309330209,89.6999969482422,0.0239029155916016,21.2999992370605,0.0238470545881578,89.6999969482422,0.023938080496894,21.2999992370605,0.0108545057026382,89.6999969482422,0.0106738912860948,21.2999992370605,0.0108231461893975,89.6999969482422,0.010707273478993,21.2999992370605,0.00447247981143258,89.6999969482422,0.00463473234278868,21.2999992370605,0.00443022066326472,89.6999969482422,0.0046265874428391,21.2999992370605,0.0257319305911204,89.6999969482422,0.025763816612608,21.2999992370605,0.025755537696679,89.6999969482422,0.0257291834775748
