CSV Report,2023-11-20_RNA_melting_MgCl2_NaCl.csv
Worksheet Type,Thermal

METHOD
X mode,nm
Y mode,Abs
Collect mode,Wavelength
Wavelengths (nm),260.00,400.00
Averaging Time (s),.1
Spectral Bandwidth (nm),2
Detector module,Multicell Peltier UV-Vis
Zero,Off
Experiment Zones,1

Temperature Collection
Start (°C),90.0
Return (°C),21.0

Derivative
Lower limit (°C),-5
Upper limit (°C),110

Number of stages,4
Stage,Collect data,Data Interval (°C),Rate (°C/min),End (°C),Hold (min)
Stage 1,Yes,1.0,1.0,21.0,2.00
Stage 2,Yes,1.0,1.0,90.0,2.00
Stage 3,Yes,1.0,1.0,21.0,2.00
Stage 4,Yes,1.0,1.0,90.0,0.00

SAMPLES
Name,500 mM MgCl2_260.00nm_90.0-21.0C,,500 mM MgCl2_260.00nm_21.0-90.0C,,500 mM MgCl2_260.00nm_90.0-21.0C_R1,,500 mM MgCl2_260.00nm_21.0-90.0C_R1,,100 mM MgCl2_260.00nm_90.0-21.0C,,100 mM MgCl2_260.00nm_21.0-90.0C,,100 mM MgCl2_260.00nm_90.0-21.0C_R1,,100 mM MgCl2_260.00nm_21.0-90.0C_R1,,25 mM MgCl2_260.00nm_90.0-21.0C,,25 mM MgCl2_260.00nm_21.0-90.0C,,25 mM MgCl2_260.00nm_90.0-21.0C_R1,,25 mM MgCl2_260.00nm_21.0-90.0C_R1,,10 mM MgCl2_260.00nm_90.0-21.0C,,10 mM MgCl2_260.00nm_21.0-90.0C,,10 mM MgCl2_260.00nm_90.0-21.0C_R1,,10 mM MgCl2_260.00nm_21.0-90.0C_R1,,500 mM MgCl2_400.00nm_90.0-21.0C,,500 mM MgCl2_400.00nm_21.0-90.0C,,500 mM MgCl2_400.00nm_90.0-21.0C_R1,,500 mM MgCl2_400.00nm_21.0-90.0C_R1,,100 mM MgCl2_400.00nm_90.0-21.0C,,100 mM MgCl2_400.00nm_21.0-90.0C,,100 mM MgCl2_400.00nm_90.0-21.0C_R1,,100 mM MgCl2_400.00nm_21.0-90.0C_R1,,25 mM MgCl2_400.00nm_90.0-21.0C,,25 mM MgCl2_400.00nm_21.0-90.0C,,25 mM MgCl2_400.00nm_90.0-21.0C_R1,,25 mM MgCl2_400.00nm_21.0-90.0C_R1,,10 mM MgCl2_400.00nm_90.0-21.0C,,10 mM MgCl2_400.00nm_21.0-90.0C,,10 mM MgCl2_400.00nm_90.0-21.0C_R1,,10 mM MgCl2_400.00nm_21.0-90.0C_R1,
Collection Time,2023-11-20 10:05:37 (+01:00),,2023-11-20 10:05:37 (+01:00),,2023-11-20 10:05:37 (+01:00),,2023-11-20 10:05:37 (+01:00),,2023-11-20 10:05:37 (+01:00),,2023-11-20 10:05:37 (+01:00),,2023-11-20 10:05:37 (+01:00),,2023-11-20 10:05:37 (+01:00),,2023-11-20 10:05:37 (+01:00),,2023-11-20 10:05:37 (+01:00),,2023-11-20 10:05:37 (+01:00),,2023-11-20 10:05:37 (+01:00),,2023-11-20 10:05:37 (+01:00),,2023-11-20 10:05:37 (+01:00),,2023-11-20 10:05:37 (+01:00),,2023-11-20 10:05:37 (+01:00),,2023-11-20 10:05:37 (+01:00),,2023-11-20 10:05:37 (+01:00),,2023-11-20 10:05:37 (+01:00),,2023-11-20 10:05:37 (+01:00),,2023-11-20 10:05:37 (+01:00),,2023-11-20 10:05:37 (+01:00),,2023-11-20 10:05:37 (+01:00),,2023-11-20 10:05:37 (+01:00),,2023-11-20 10:05:37 (+01:00),,2023-11-20 10:05:37 (+01:00),,2023-11-20 10:05:37 (+01:00),,2023-11-20 10:05:37 (+01:00),,2023-11-20 10:05:37 (+01:00),,2023-11-20 10:05:37 (+01:00),,2023-11-20 10:05:37 (+01:00),,2023-11-20 10:05:37 (+01:00),
Cell Number,Cell 4,,Cell 4,,Cell 4,,Cell 4,,Cell 5,,Cell 5,,Cell 5,,Cell 5,,Cell 6,,Cell 6,,Cell 6,,Cell 6,,Cell 7,,Cell 7,,Cell 7,,Cell 7,,Cell 4,,Cell 4,,Cell 4,,Cell 4,,Cell 5,,Cell 5,,Cell 5,,Cell 5,,Cell 6,,Cell 6,,Cell 6,,Cell 6,,Cell 7,,Cell 7,,Cell 7,,Cell 7,
Module Serial Number,MY2226ZC01,,MY2226ZC01,,MY2226ZC01,,MY2226ZC01,,MY2226ZC01,,MY2226ZC01,,MY2226ZC01,,MY2226ZC01,,MY2226ZC01,,MY2226ZC01,,MY2226ZC01,,MY2226ZC01,,MY2226ZC01,,MY2226ZC01,,MY2226ZC01,,MY2226ZC01,,MY2226ZC01,,MY2226ZC01,,MY2226ZC01,,MY2226ZC01,,MY2226ZC01,,MY2226ZC01,,MY2226ZC01,,MY2226ZC01,,MY2226ZC01,,MY2226ZC01,,MY2226ZC01,,MY2226ZC01,,MY2226ZC01,,MY2226ZC01,,MY2226ZC01,,MY2226ZC01,
Instrument Serial Number,MY2228ZA03,,MY2228ZA03,,MY2228ZA03,,MY2228ZA03,,MY2228ZA03,,MY2228ZA03,,MY2228ZA03,,MY2228ZA03,,MY2228ZA03,,MY2228ZA03,,MY2228ZA03,,MY2228ZA03,,MY2228ZA03,,MY2228ZA03,,MY2228ZA03,,MY2228ZA03,,MY2228ZA03,,MY2228ZA03,,MY2228ZA03,,MY2228ZA03,,MY2228ZA03,,MY2228ZA03,,MY2228ZA03,,MY2228ZA03,,MY2228ZA03,,MY2228ZA03,,MY2228ZA03,,MY2228ZA03,,MY2228ZA03,,MY2228ZA03,,MY2228ZA03,,MY2228ZA03,
Instrument Name,MY2228ZA03,,MY2228ZA03,,MY2228ZA03,,MY2228ZA03,,MY2228ZA03,,MY2228ZA03,,MY2228ZA03,,MY2228ZA03,,MY2228ZA03,,MY2228ZA03,,MY2228ZA03,,MY2228ZA03,,MY2228ZA03,,MY2228ZA03,,MY2228ZA03,,MY2228ZA03,,MY2228ZA03,,MY2228ZA03,,MY2228ZA03,,MY2228ZA03,,MY2228ZA03,,MY2228ZA03,,MY2228ZA03,,MY2228ZA03,,MY2228ZA03,,MY2228ZA03,,MY2228ZA03,,MY2228ZA03,,MY2228ZA03,,MY2228ZA03,,MY2228ZA03,,MY2228ZA03,
,Temperature (°C),Abs,Temperature (°C),Abs,Temperature (°C),Abs,Temperature (°C),Abs,Temperature (°C),Abs,Temperature (°C),Abs,Temperature (°C),Abs,Temperature (°C),Abs,Temperature (°C),Abs,Temperature (°C),Abs,Temperature (°C),Abs,Temperature (°C),Abs,Temperature (°C),Abs,Temperature (°C),Abs,Temperature (°C),Abs,Temperature (°C),Abs,Temperature (°C),Abs,Temperature (°C),Abs,Temperature (°C),Abs,Temperature (°C),Abs,Temperature (°C),Abs,Temperature (°C),Abs,Temperature (°C),Abs,Temperature (°C),Abs,Temperature (°C),Abs,Temperature (°C),Abs,Temperature (°C),Abs,Temperature (°C),Abs,Temperature (°C),Abs,Temperature (°C),Abs,Temperature (°C),Abs,Temperature (°C),Abs
,90,0.301766918062809,21,0.283046517986174,90,0.342469873719192,21,0.327267162192639,90,0.295303436160928,21,0.252454715119928,90,0.31725913892462,21,0.273585500762113,90,0.328843329267464,21,0.283830041785953,90,0.348159388093572,21,0.301557584578175,90,0.340709385730321,21,0.287008449900403,90,0.356455929102578,21,0.302228636294959,90,0.048681893493725,21,0.0242572308443022,90,0.0244023701493389,21,0.0240273775740482,90,0.0315224588838985,21,0.008006004607709,90,0.00801093729119634,21,0.00803239325369264,90,0.0211206677243008,21,0.0225537372616676,90,0.0214288558668438,21,0.0222045863505774,90,0.0261519258265101,21,0.0260192438483146,90,0.0260253128000604,21,0.0259018097248971
,89,0.306702258182692,22,0.283138728865418,89,0.343871337434972,22,0.327319101616511,89,0.295176991765461,22,0.252487351744327,89,0.317613419892218,22,0.273342281144683,89,0.329778241431507,22,0.283837179448924,89,0.348951716528327,22,0.301529857030249,89,0.341553086078286,22,0.287023834539954,89,0.356844905343608,22,0.302267175339524,89,0.0354878570747168,22,0.0242597959579526,89,0.0244187644628642,22,0.0240068073599249,89,0.0230179871866928,22,0.00801589425232218,89,0.0080047750160801,22,0.00804411820593638,89,0.0210464942834511,22,0.0225655971941,89,0.0214166889520098,22,0.0222186426799706,89,0.0261160571414765,22,0.0260334075655919,89,0.0260098962893407,22,0.0258954964871879
,88,0.308044757982592,23,0.283450492890798,88,0.344513126072265,23,0.327576129407934,88,0.295469903192765,23,0.252667202199919,88,0.317529621707367,23,0.273179525157878,88,0.330017570420777,23,0.284017983214147,88,0.349243301679373,23,0.301706967015482,88,0.341704827150114,23,0.287147127202057,88,0.356774141186851,23,0.30250230856612,88,0.029328743764565,23,0.0242628483338034,88,0.0243863939523648,23,0.0240097729418389,88,0.0178370805310402,23,0.00801741264411693,88,0.00802612266546428,23,0.00803794992076808,88,0.0209923772147949,23,0.0225622346224106,88,0.0214117207908797,23,0.0222105685715176,88,0.0260918903180033,23,0.0260500638018813,88,0.0260228847245658,23,0.0259052285667005
,87,0.308935746005078,24,0.283997968144232,87,0.344804801522118,24,0.327966345487791,87,0.295324798505115,24,0.253190771288664,87,0.317494442627317,24,0.273647975427847,87,0.330253603739883,24,0.284465069771807,87,0.349335560977879,24,0.30221032071062,87,0.341163027334826,24,0.287516897682389,87,0.356500093278673,24,0.303066832408734,87,0.0265830056776925,24,0.024281910754239,87,0.024369210269617,24,0.0240005027549255,87,0.0145527954636927,24,0.00800997734961756,87,0.00801838549624899,24,0.00801605156848272,87,0.0209473199270959,24,0.0224920320716238,87,0.0214172372763026,24,0.0221619503635938,87,0.0260605228495179,24,0.0260425074539574,87,0.0260255459013924,24,0.0258903317318151
,86,0.310210441102891,25,0.284532014716922,86,0.345115355184462,25,0.32844976392795,86,0.295140977688602,25,0.253973371239355,86,0.317174999530655,25,0.274589640588363,86,0.330218199579288,25,0.285005971482418,86,0.349122955950108,25,0.303036766353921,86,0.340592583636382,25,0.288108633376637,86,0.356001665697684,25,0.303770502766152,86,0.0253597295230312,25,0.0242366025061846,86,0.0243373631092145,25,0.0240299518020975,86,0.0120916565199859,25,0.00801595925363779,86,0.00801257187085332,25,0.00802520277576859,86,0.0209549366508161,25,0.0223924071560335,86,0.0214009354051692,25,0.0221073239129482,86,0.0260436982483723,25,0.0260017957144115,86,0.0259862739259053,25,0.0259098081569387
,85,0.311249330297712,26,0.285122180173617,85,0.345363587144503,26,0.328940145418319,85,0.294596921029657,26,0.254766190995784,85,0.316882248071283,26,0.275388170881615,85,0.330100920302929,26,0.285415411124778,85,0.348745199478023,26,0.303764225809601,85,0.339961052852311,26,0.288614443461904,85,0.355492458346796,26,0.304352488595153,85,0.0248994269127487,26,0.0242530217104326,85,0.0243515601847615,26,0.0240314598992527,85,0.0106410631693165,26,0.0080301008384066,85,0.00801929918376789,26,0.00802926932831083,85,0.0209780890361195,26,0.0223512870061702,85,0.0214341027480663,26,0.0220852587756189,85,0.0260385631705608,26,0.0260184604749771,85,0.0260048171555856,26,0.0259218144055753
,84,0.312125974549012,27,0.285710223493469,84,0.345616452477196,27,0.329428871195792,84,0.294124601634071,27,0.255463798574328,84,0.316603377524501,27,0.276097936736222,84,0.32980429766482,27,0.285580531156981,84,0.34833223382775,27,0.304242408488266,84,0.339221401287903,27,0.288935282644872,84,0.354912730612355,27,0.304829792596647,84,0.0247105988514754,27,0.0242693291613191,84,0.0243981238145548,27,0.0240060180991789,84,0.00967490962901033,27,0.00801777179222843,84,0.0080127763439644,27,0.00803111073531565,84,0.0209860814112168,27,0.022319172283133,84,0.0214562879908774,27,0.0220409485070408,84,0.0260409098459481,27,0.0260469326986608,84,0.0260205937314602,27,0.0259106227623273
,83,0.312888792060902,28,0.286335607089728,83,0.345820325768505,28,0.329884506681495,83,0.293880581638023,28,0.255896475304018,83,0.316243962210219,28,0.276580474260731,83,0.329115871440357,28,0.285827899001275,83,0.347823885992128,28,0.304533153181978,83,0.338569085003298,28,0.289223856041935,83,0.354309066088369,28,0.305289512125211,83,0.0247346803574916,28,0.0242975602987691,83,0.0243895233877975,28,0.0239914888125476,83,0.00891238976479777,28,0.00800850540637514,83,0.00803343807551858,28,0.00801083492112593,83,0.0210018108094499,28,0.0222755750204771,83,0.0214512904715242,28,0.0219486239421693,83,0.0260598163073238,28,0.0260398283523927,83,0.0260124168415027,28,0.0258971987389995
,82,0.313339290776096,29,0.286925894490639,82,0.345961314964729,29,0.330244734267262,82,0.293909832734643,29,0.256201362879722,82,0.31583676710606,29,0.277164355476977,82,0.328526814684132,29,0.286331354728065,82,0.347263659240112,29,0.305142490133916,82,0.338010256359366,29,0.289719412682561,82,0.353593297663208,29,0.305923825279538,82,0.0247687843720294,29,0.0242765973362259,82,0.0243857847990463,29,0.0239787297387074,82,0.00852982070853216,29,0.00800403470699845,82,0.00805221919684487,29,0.00801214838819083,82,0.0210487304034519,29,0.0222023907329222,82,0.021464699165333,29,0.021895472975154,82,0.0260817772405588,29,0.0260094598701529,82,0.0260307562977889,29,0.0258833937573416
,81,0.313960382749271,30,0.287479611904887,81,0.346048751770463,30,0.330622383369324,81,0.294078112288776,30,0.256814398572532,81,0.315503124323546,30,0.278117777823986,81,0.327914148441915,30,0.286786851596756,81,0.346729149840396,30,0.305913449383535,81,0.337353643469398,30,0.290246959057645,81,0.352893948111713,30,0.306583277123662,81,0.0246934909337802,30,0.0242111359188657,81,0.0243807869494714,30,0.0239677699844051,81,0.00829777433237835,30,0.00800116282081429,81,0.00805921490748078,30,0.00802119437711756,81,0.0210431586389941,30,0.022151396008715,81,0.0214745556508668,30,0.0218685984090537,81,0.0260791948668254,30,0.0260090659858758,81,0.0260291524116331,30,0.0258765700705566
,80,0.314105046672962,31,0.288135630552297,80,0.346064848231588,31,0.331040320586122,80,0.293895941774081,31,0.257571674803293,80,0.31508721347065,31,0.278907724638598,80,0.327247579846552,31,0.287177763173757,80,0.346087940665378,31,0.306444894177019,80,0.336620967745626,31,0.290644370518237,80,0.352175450002124,31,0.307154601148025,80,0.0246889514165626,31,0.0242213934839394,80,0.0243573223420633,31,0.0239515249548322,80,0.00814421320654851,31,0.00798760493661673,80,0.00805514701452172,31,0.00801251654963784,80,0.0210379516600537,31,0.0221386492672557,80,0.0214586929821874,31,0.0218423849712887,80,0.0260761662402527,31,0.0260210790422897,80,0.0259965794770049,31,0.0258755932630277
,79,0.314220274607411,32,0.288831524582581,79,0.346105809923675,32,0.331490067941987,79,0.293434096990843,32,0.258046109257244,79,0.314536930147774,32,0.279508111308562,79,0.326483743360673,32,0.287673746751771,79,0.345379006369912,32,0.307074387883165,79,0.335764060033691,32,0.291116767435039,79,0.351332056432328,32,0.307820467548902,79,0.0247092199354376,32,0.024247372415895,79,0.0243421774929491,32,0.0239693031067366,79,0.00805952448632086,32,0.00799237140277224,79,0.00804082568481452,32,0.00801336191124065,79,0.0210468812982551,32,0.0220904690722481,79,0.0214471743688212,32,0.0218343257937727,79,0.0260671970629521,32,0.0260102432214797,79,0.025985868648586,32,0.0259009454794446
,78,0.314245514644943,33,0.289523405992852,78,0.346091366338433,33,0.331977597849072,78,0.292940650060387,33,0.258641775235163,78,0.313963648841331,33,0.280278370109352,78,0.325680251179559,33,0.288153635922649,78,0.344672569357814,33,0.30781594454396,78,0.334736249723392,33,0.291670785281992,78,0.350450847333073,33,0.308493859038775,78,0.0246867118978334,33,0.024238064516469,78,0.0243370698326455,33,0.0239820968868835,78,0.00799788390370406,33,0.00799655161297218,78,0.00802972648738702,33,0.00799214709770575,78,0.0210507806950828,33,0.0220479770212161,78,0.0214591131885643,33,0.0218045778999893,78,0.0260404422420198,33,0.0260030591943553,78,0.0260022596435285,33,0.025901022622718
,77,0.314150443624829,34,0.290243608374479,77,0.346001221487158,34,0.332377945342554,77,0.292300730774843,34,0.259415320996512,77,0.313373595702766,34,0.281122186216473,77,0.324724404646426,34,0.288664794782144,77,0.343871275111302,34,0.308449290804965,77,0.333670504962868,34,0.292181431793285,77,0.349485450275992,34,0.309116517698085,77,0.0246963679011727,34,0.0242393037668961,77,0.0243489796826839,34,0.0239722130165627,77,0.00795241965611231,34,0.00797616262347555,77,0.0080504361952438,34,0.00797816467892698,77,0.021072010470373,34,0.0220214063574968,77,0.0214791087183892,34,0.0217634271118924,77,0.026053368620572,34,0.0259914325016769,77,0.0260098847018848,34,0.0258866884741826
,76,0.313980219246117,35,0.290963786592633,76,0.345944458667469,35,0.332853335647871,76,0.291595824298825,35,0.259984469204265,76,0.312744074774046,35,0.281875285448469,76,0.323692072849164,35,0.289219646776066,76,0.34307897744729,35,0.30922790870318,76,0.332535378701286,35,0.292766022009524,76,0.348455233775406,35,0.30983290481254,76,0.0247273457073478,35,0.0242666113926997,76,0.0243614599727481,35,0.023978395783369,76,0.00798463076415233,35,0.00799640390929247,76,0.00807467661784666,35,0.008002263841908,76,0.021125989386404,35,0.0220089582735438,76,0.021487268513864,35,0.0217489552893343,76,0.0260932173920679,35,0.0260013746460207,76,0.0260153654962367,35,0.0258904450108441
,75,0.313835785365061,36,0.291642233253782,75,0.345858125590729,36,0.333300985237567,75,0.290836175927241,36,0.260691785021031,75,0.31214987721824,36,0.282715748693227,75,0.322646542184652,36,0.289783933312036,75,0.342298134633528,36,0.309976327202528,75,0.331281077545353,36,0.293331607436517,75,0.347414751608877,36,0.310534669430195,75,0.0247955677225903,36,0.0242349774165813,75,0.0243295545668504,36,0.0239698838575268,75,0.00795661822486096,36,0.00799803333064031,75,0.00807339580182559,36,0.00800797992871668,75,0.0211376098680411,36,0.0219761954839794,75,0.0214716151051664,36,0.0217321278378713,75,0.026068945770435,36,0.026002844544453,75,0.0259957030405518,36,0.0258795139441115
,74,0.313421915261546,37,0.292352680296841,74,0.345747693097211,37,0.333702034479706,74,0.2900115797723,37,0.261374389680462,74,0.311533293313613,37,0.2834704152145,74,0.321513464178739,37,0.290395321642397,74,0.341447073285914,37,0.310701908082929,74,0.329953111460005,37,0.293904574888518,74,0.346338698468922,37,0.311205369871264,74,0.0246293577456547,37,0.0241909875230261,74,0.0243131873784326,37,0.0239656848916477,74,0.00798249806520863,37,0.00797036024625993,74,0.00807034005754892,37,0.00799772839324997,74,0.0211309236468979,37,0.0219345437503445,74,0.0214593189102246,37,0.0217010028584389,74,0.0260529246544656,37,0.0259789641070823,74,0.0259929532095278,37,0.0258824354350463
,73,0.31317724142783,38,0.293058225964438,73,0.345635722111278,38,0.334135847955358,73,0.289201346294946,38,0.262051863795437,73,0.31087797495555,38,0.28421397661884,73,0.320390109027894,38,0.290975982747006,73,0.340537921287643,38,0.311400787060258,73,0.328677390699581,38,0.294511582687948,73,0.34519412887343,38,0.311915408689386,73,0.0246356647885713,38,0.0241979874640193,73,0.0243154913453294,38,0.0239726456364229,73,0.00800471404274424,38,0.00797025587870966,73,0.00806757782870548,38,0.00801841500048176,73,0.0211368983168894,38,0.0219219735928114,73,0.0214480628824887,38,0.0216987090368346,73,0.0260467220983665,38,0.0259724034913282,73,0.0259865384585759,38,0.0258847860918534
,72,0.312828517177809,39,0.293732983184415,72,0.345510911992596,39,0.334597758909968,72,0.288357657170489,39,0.262831810139913,72,0.310224518625635,39,0.285048067586708,72,0.319327524425046,39,0.291565465646752,72,0.339657969631327,39,0.312226365937071,72,0.327387357950457,39,0.295085877868633,72,0.344090500592145,39,0.312620466669364,72,0.0245921282648698,39,0.0242194870616378,72,0.0242977840890197,39,0.0240228485550496,72,0.00800472445530155,39,0.00797737209433066,72,0.00806153608838039,39,0.00801449418565664,72,0.0211564971744338,39,0.0219041278444556,72,0.0214288392139139,39,0.0217149766556995,72,0.0260408924071622,39,0.0259860112306919,72,0.0259789267812114,39,0.0259001463454318
,71,0.312630473801844,40,0.294414436757732,71,0.345361185056812,40,0.33496130642981,71,0.287551637455556,40,0.263501259309591,71,0.309590740928644,40,0.285812178411145,71,0.31830103290628,40,0.292174818082259,71,0.338817360909595,40,0.312974526108085,71,0.326036549258926,40,0.295692344918119,71,0.342984210341081,40,0.313345358154686,71,0.0246014589850872,40,0.024241614214476,71,0.0243245363116636,40,0.0240146036990064,71,0.00799777027677934,40,0.007978576601086,71,0.00806186153926923,40,0.00799779214913031,71,0.0211562094403579,40,0.0219004339367243,71,0.0214547406054394,40,0.0217022708607282,71,0.0260546450967757,40,0.0260149117276223,71,0.0259783311423245,40,0.0258882472120067
,70,0.312298020130938,41,0.295120470507338,70,0.345176382074587,41,0.335335083977767,70,0.286801687575911,41,0.264276498531459,70,0.308930350694258,41,0.286579578466847,70,0.317267683121426,41,0.292874297827216,70,0.337959857212967,41,0.313730037328175,70,0.324781562603369,41,0.296399520103014,70,0.341896285302239,41,0.314102001712816,70,0.0245499907734034,41,0.0242147581873583,70,0.0243335702604441,41,0.023963099872661,70,0.00799184396354993,41,0.00796113910595465,70,0.0080568395323947,41,0.0079865158732909,70,0.0211740672004367,41,0.0219011079593844,70,0.0214960022707942,41,0.0216704345066555,70,0.0260577639241729,41,0.0260101376844396,70,0.0259983376841028,41,0.0258714234683967
,69,0.311892779146872,42,0.295864997454441,69,0.344911298255086,42,0.335772999256473,69,0.286000309226177,42,0.265025066547135,69,0.308277340949763,42,0.287379461894276,69,0.316332356565338,42,0.293583565090028,69,0.337160979959694,42,0.314515766816061,69,0.323594112604254,42,0.297065411199646,69,0.34081588662096,42,0.314847719933519,69,0.0245806051185964,42,0.0241818749040139,69,0.0243054448502112,42,0.0239538817666352,69,0.00796693669544464,42,0.00795297945178412,69,0.0080543175898799,42,0.00798487881882021,69,0.0211989606139066,42,0.0218826928163851,69,0.0214938975217548,42,0.0216471722304947,69,0.0260721319872476,42,0.026000410599472,69,0.0259866047134658,42,0.0258778182257852
,68,0.311452520946246,43,0.296573314412197,68,0.344682658930773,43,0.336225842407892,68,0.285274078373443,43,0.26582008600803,68,0.307637630063182,43,0.288133907883586,68,0.315411040610098,43,0.294278226706904,68,0.3363492249228,43,0.315339573031481,68,0.322424740878725,43,0.297766837571712,68,0.339785319918652,43,0.31565167750435,68,0.0245552470921978,43,0.0241979113009293,68,0.0242944355260685,43,0.0239602452795176,68,0.00800295079460855,43,0.00796083941927842,68,0.00806408265479493,43,0.00799984359655827,68,0.021183984994579,43,0.0218417814498595,68,0.0214880826370196,43,0.0216339244701523,68,0.0260545759507314,43,0.0259884126836012,68,0.0259942979433409,43,0.0258697858916561
,67,0.31110227106606,44,0.297264796276785,67,0.344474637840061,44,0.336644892178736,67,0.284545624814096,44,0.266594590661652,67,0.306984611603744,44,0.288915168166294,67,0.314565551779475,44,0.295008171768748,67,0.335557664050809,44,0.316146892874236,67,0.321318604478187,44,0.29853189856428,67,0.338804324221214,44,0.316448865670253,67,0.0245787771293695,44,0.0241975433989574,67,0.0242677645256054,44,0.0239967772810748,67,0.00803824741886482,44,0.00795085390099055,67,0.00807154378198967,44,0.00801120338831931,67,0.0212220223125062,44,0.021839868668436,67,0.0214778504702619,44,0.0216587956345654,67,0.026067734058326,44,0.0259807693060349,67,0.0259717472395966,44,0.025893535723372
,66,0.310691229981449,45,0.297924668951666,66,0.34425789431111,45,0.337058197286889,66,0.283792363359408,45,0.267396655225771,66,0.306377285981582,45,0.289664377638804,66,0.313762945724209,45,0.295751262437682,66,0.33484711499651,45,0.31693654277101,66,0.320308414788446,45,0.299305272708421,66,0.337873574138152,45,0.317250027873432,66,0.0246071673508017,45,0.0242181679519095,66,0.0242749958624428,45,0.0240215742645728,66,0.00801052047178692,45,0.00798400956016772,66,0.00807089862349204,45,0.00801232970328653,66,0.0212587453491787,45,0.0218409650590023,66,0.0215004115516216,45,0.0216495472912463,66,0.0260646711213836,45,0.0260070289017758,66,0.0259694279902972,45,0.0259057628691428
,65,0.310189952789146,46,0.298581756504288,65,0.344038984708555,46,0.337436034370694,65,0.283086416317825,46,0.268200583309709,65,0.30573184246227,46,0.290395490366994,65,0.313011621103458,46,0.296513385366447,65,0.334088351958567,46,0.317761568629066,65,0.319337151419406,46,0.300135616934765,65,0.336965585006176,46,0.318104337399047,65,0.0245561713471238,46,0.0241933116973868,65,0.0242796671914745,46,0.023993261548816,65,0.0080175352393759,46,0.00798985219923738,65,0.00804834871345609,46,0.0080039034512867,65,0.0212863829786703,46,0.0218219040229481,65,0.0215049743152278,46,0.0216428423596302,65,0.0260546808030115,46,0.0260048211126364,65,0.025951579736789,46,0.0258925331802157
,64,0.309778460640133,47,0.299391621997369,64,0.343786596865321,47,0.337818006307503,64,0.282384308647319,47,0.268978395922883,64,0.305112378595131,47,0.291132373527499,64,0.31222475527056,47,0.297323818573265,64,0.333415761136384,47,0.318577457216653,64,0.318430440867559,47,0.300952677449245,64,0.336027672335911,47,0.31896210218611,64,0.0245580094784246,47,0.0242107143832837,64,0.0242534237387537,47,0.0240124115132095,64,0.00801094948515018,47,0.00796902013521111,64,0.00801450861025009,47,0.00801413195204952,64,0.0212891727793126,47,0.0218190216928309,64,0.0214840338851552,47,0.0216637909964318,64,0.0260530666780724,47,0.0259744401243348,64,0.025940096185579,47,0.0259079758336767
,63,0.309354158332637,48,0.300097236039065,63,0.343532273223427,48,0.338221666798652,63,0.281657436400126,48,0.269798209228214,63,0.30448581005498,48,0.291878687446924,63,0.311425586677098,48,0.298205631671742,63,0.332700842131081,48,0.319403741267136,63,0.317540009453981,48,0.301805725310523,63,0.335149102813325,48,0.31985029361923,63,0.0245634599094486,48,0.0241974911414518,63,0.0242254453052262,48,0.0239856765831447,63,0.00798816003218714,48,0.00796042739912808,63,0.00801878918010479,48,0.00800899089193679,63,0.0212972482743315,48,0.0217953272476721,63,0.0214941960519498,48,0.0216170527541116,63,0.0260359892618552,48,0.0259597121810515,63,0.0259233615869601,48,0.0258819763648773
,62,0.308840895903902,49,0.300588089468512,62,0.343263339182729,49,0.338575251063437,62,0.280959672648744,49,0.270586262405413,62,0.303822693473794,49,0.292562273981291,62,0.310672555579983,49,0.299031597141587,62,0.33195426758501,49,0.320185849518509,62,0.316622032628162,49,0.303244214277605,62,0.334256968863789,49,0.320755496762529,62,0.024535172020896,49,0.0241919767474907,62,0.0242301184985161,49,0.0240019956337943,62,0.00800383461054809,49,0.00794957790203025,62,0.00804233237662221,49,0.00799834031770102,62,0.0213244621139327,49,0.0217923014169919,62,0.0215185330938833,49,0.0216230588076068,62,0.0260318111849692,49,0.0259664145483351,62,0.0259425160010704,49,0.025852673427381
,61,0.308370418385517,50,0.301335066613182,61,0.343034390404385,50,0.339047438827872,61,0.280281755235734,50,0.271419170826777,61,0.303205176370578,50,0.293289930296339,61,0.309917939075138,50,0.299941481252866,61,0.331197406583343,50,0.321101943263994,61,0.315769419019109,50,0.30453260662074,61,0.333419062230601,50,0.321705105022664,61,0.0245535877286117,50,0.0242231883292183,61,0.0242573180379941,50,0.0240013940580247,61,0.00802688214873253,50,0.00796270355345387,61,0.00806258604137103,50,0.00799078727384793,61,0.0213418343195316,50,0.0217734296041743,61,0.021540963653934,50,0.0216140231649075,61,0.0260445380502661,50,0.0259914326756667,61,0.0259675187082759,50,0.025855806987389
,60,0.307916111250307,51,0.302014354583275,60,0.342731218013761,51,0.339443873804247,60,0.279560918453173,51,0.272256370320803,60,0.302579487703484,51,0.293978252376198,60,0.309149459119559,51,0.300872795941955,60,0.330464719961973,51,0.321949911328173,60,0.314847094452245,51,0.305125308976571,60,0.332543825221267,51,0.322672668966393,60,0.0245030072414885,51,0.0242158767979304,60,0.0242727338934486,51,0.0240141024509863,60,0.00802433988906374,51,0.00797990179603734,60,0.00805929051096727,51,0.00798972389443851,60,0.0213602045352989,51,0.0217691700133531,60,0.0215392394788288,51,0.0216047414598333,60,0.0260316956747876,51,0.0260121773655353,60,0.0259687220357647,51,0.0258697015277409
,59,0.307420023995099,52,0.302670961971531,59,0.342440837233348,52,0.339791984733631,59,0.278842372086657,52,0.273111945602359,59,0.301897163365518,52,0.29466211611361,59,0.308412092034661,52,0.301851963890687,59,0.329708523769193,52,0.322822260717253,59,0.313955978432028,52,0.306038686980049,59,0.331700212874264,52,0.323660865699898,59,0.0245501789962837,52,0.0241921318656064,59,0.0242436478518372,52,0.0239903870597711,59,0.00802956132104477,52,0.00798675678453313,59,0.0080558520171248,52,0.00800119743539236,59,0.021388739300207,52,0.02176211231969,59,0.0215576041208827,52,0.0215991401123661,59,0.026054240784289,52,0.0260048061013855,59,0.0259610651031267,52,0.0258804345930198
,58,0.306910021914269,53,0.303327266650376,58,0.342163639273062,53,0.340202788029251,58,0.278178013849864,53,0.273993012551776,58,0.301255697409806,53,0.295375218959898,58,0.30765018407803,53,0.302858016498238,58,0.328971966495732,53,0.323741815311069,58,0.313075122228604,53,0.30703505823014,58,0.330818545266834,53,0.324651661283404,58,0.0245115713505049,53,0.0242202378321375,58,0.0241891501122189,53,0.02400218643589,58,0.00805535445129449,53,0.00800745057463836,58,0.00805054118199411,53,0.00802560704725726,58,0.0213916721361002,53,0.0217787176418377,58,0.0215453775833086,53,0.0216136766081252,58,0.0260656728359517,53,0.0260149893055319,58,0.0259359948893838,53,0.0258949293179051
,57,0.306351576170942,54,0.303993194926219,57,0.341851361628287,54,0.340614763042506,57,0.277491492863979,54,0.274832432947128,57,0.300595415119635,54,0.296066944466359,57,0.306910984133078,54,0.30381991452337,57,0.328215316496181,54,0.324629159758126,57,0.312185312213445,54,0.308011659462358,57,0.329953151700383,54,0.325664319862299,57,0.0244656702320784,54,0.0241687188080974,57,0.0241831768876942,54,0.0239918348657837,57,0.00804556318261166,54,0.00796872769055041,57,0.00806389642302192,54,0.00800345998852045,57,0.0214141369093256,54,0.0217178423103328,57,0.0215421526119531,54,0.0215768386750096,57,0.0260776035648682,54,0.0259613428073354,57,0.0259418826407167,54,0.0258566089139644
,56,0.305773275383513,55,0.304697750306221,56,0.341628003400585,55,0.341010027482575,56,0.276786862795594,55,0.275715697976056,56,0.299922514341736,55,0.296773290082189,56,0.306122683451584,55,0.304755650904721,56,0.327396867217914,55,0.325547182601303,56,0.311293197622202,55,0.308986401011895,56,0.329068949799053,55,0.326635134332876,56,0.0244537139447251,55,0.0241734460682749,56,0.0242018059868577,55,0.0239916827308484,56,0.00807993248469442,55,0.00794909532835273,56,0.00806641368664642,55,0.0079844673384406,56,0.0214516797418979,55,0.0216944568797316,56,0.0215731340991311,55,0.0215862307461818,56,0.0260785739853077,55,0.0259158496087213,56,0.0259381124546891,55,0.0258622137829667
,55,0.305269317034183,56,0.305342511267568,55,0.341312173027981,56,0.341434727551611,55,0.276001021715061,56,0.276783841902575,55,0.299254128818716,56,0.297433267674223,55,0.305291353117117,56,0.305704594342986,55,0.326568900427621,56,0.326441835167031,55,0.3103199632877,56,0.310001586946886,55,0.328187044277745,56,0.327713719826939,55,0.0244498705460091,56,0.0242169702183492,55,0.0241954041798604,56,0.0239589796267573,55,0.00805795390012542,56,0.00800092299532275,55,0.00804932833487821,56,0.00797410455659183,55,0.0214409550279086,56,0.0217219069328723,55,0.0215704150190548,56,0.0215430059817649,55,0.0260456688119775,56,0.0259543030625479,55,0.0259498842797072,56,0.0258403447171992
,54,0.304612661991247,57,0.306002035695798,54,0.340978082991752,57,0.341887643097256,54,0.275256038834407,57,0.277805547033183,54,0.298570929842139,57,0.298153590743264,54,0.304513370169783,57,0.306674393316965,54,0.325796961745327,57,0.327386015140603,54,0.309372838356738,57,0.311051819743181,54,0.327300329611253,57,0.328724680973885,54,0.0244584081491073,57,0.0242066519570618,54,0.0241861958026667,57,0.0239513001021024,54,0.00805585490060602,57,0.00799568829141053,54,0.00805923707221004,57,0.00798224555409049,54,0.0214872830657494,57,0.0216948489801394,54,0.0215677758372252,57,0.0215379013244943,54,0.0260486794260355,57,0.0259765612016546,54,0.0259363238545298,57,0.0258441770663523
,53,0.304168421158281,58,0.306694205266993,53,0.340631527724483,58,0.342283526989609,53,0.274491967301763,58,0.278675569128419,53,0.297869894245647,58,0.298856357245729,53,0.303719492748011,58,0.307639508059665,53,0.324955151155607,58,0.328275732094326,53,0.308488021132538,58,0.312097876289418,53,0.326359941152873,58,0.329784093314282,53,0.0244471881221282,58,0.0242128984507677,53,0.0241630801623078,58,0.0239822219715284,53,0.0080335659931547,58,0.00798993937466523,53,0.00804921719732135,58,0.00796776072443944,53,0.0214997717327166,58,0.021679714707159,53,0.0215687674370042,58,0.0215683791841016,53,0.0260411225014611,58,0.025975521732939,53,0.025919318072487,58,0.0258431249306453
,52,0.303577980374704,59,0.307536987406564,52,0.340253187059242,59,0.343028044545524,52,0.273731865432464,59,0.279584872063911,52,0.297187069058666,59,0.299535630154322,52,0.302874300398571,59,0.308544503816527,52,0.324126350875977,59,0.329207168438983,52,0.307553273275628,59,0.313120644718477,52,0.325415923848219,59,0.330982089761662,52,0.0243851447528316,59,0.0242246605087497,52,0.024129144143119,59,0.0240186583722733,52,0.00802890635540173,59,0.00799517199838227,52,0.00804341039758809,59,0.00796937404250491,52,0.021490524604813,59,0.0216999353271233,52,0.0215304785648153,59,0.0215827883364715,52,0.026023807835066,59,0.0259876688175976,52,0.0259136529557654,59,0.0258487880858206
,51,0.302872841828858,60,0.308446010109184,51,0.339949750879158,60,0.343877108797146,51,0.272959455206597,60,0.28038351668819,51,0.296458429314208,60,0.300574754883176,51,0.302029275854771,60,0.309492054060405,51,0.323338620647523,60,0.330087656849034,51,0.306534676357527,60,0.31421261795579,51,0.324487932331814,60,0.332225305274562,51,0.0243852299776458,60,0.0242540133547173,51,0.0241567506100779,60,0.0240431583700541,51,0.00803768085039395,60,0.00800757783267496,51,0.00804213012542858,60,0.00799121547299961,51,0.0215289851712372,60,0.0217212944270395,51,0.0215557994320615,60,0.0215802566114299,51,0.0260315756696276,60,0.0259858571975812,51,0.0259377591140872,60,0.0258286021348356
,50,0.302361761740122,61,0.309015005906102,50,0.339575828077514,61,0.343993139489187,50,0.272161466586648,61,0.281234758293075,50,0.295718850644924,61,0.301832179326898,50,0.301218408435156,61,0.310390437319194,50,0.322496997866358,61,0.330938377461179,50,0.305615867468356,61,0.315213518094099,50,0.323559856663101,61,0.333123367760446,50,0.0243967559130398,61,0.0242503099550612,50,0.0241441663450376,61,0.0240201389617544,50,0.00803226231245184,61,0.00800930532731429,50,0.0080348683436097,61,0.00799667796970853,50,0.0215607738939806,61,0.0217225856465893,50,0.0215534902155221,61,0.021535941209778,50,0.026054701798567,61,0.0259857293123764,50,0.0259172803827164,61,0.0258201940784459
,49,0.301820837831146,62,0.310029416953362,49,0.33918652759128,62,0.344508204786538,49,0.271387713347933,62,0.282068242760619,49,0.295008636843517,62,0.302531872272077,49,0.300412471690847,62,0.311361571543488,49,0.321616836546106,62,0.331823392250512,49,0.304696414337039,62,0.316226208824604,49,0.322584665607132,62,0.333916293444396,49,0.0244238326652604,62,0.0242628929047551,49,0.0241333743499606,62,0.0239779953040111,49,0.0080296375771686,62,0.00800298038259383,49,0.00804492383624275,62,0.00798793044053324,49,0.021573738343783,62,0.0217095876694129,49,0.0215438187950218,62,0.0215125551160229,49,0.0260746989602941,62,0.0259873223345993,49,0.0259135171827749,62,0.0258306421467066
,48,0.301144200328478,63,0.311083463244148,48,0.338789006029414,63,0.344925479670234,48,0.270609973035618,63,0.282916371475846,48,0.294247823581561,63,0.303190584806561,48,0.299543413629959,63,0.312333673476649,48,0.320774468149771,63,0.332714726797185,48,0.303734952866806,63,0.317362460748044,48,0.321628822816215,63,0.334921072484661,48,0.024446510755475,63,0.0242890387157139,48,0.0241279739388933,63,0.0240384397682316,48,0.00804828936401651,63,0.00801039567925666,48,0.00806538543650901,63,0.00797309849793748,48,0.021570440208445,63,0.0216900648160243,48,0.0215776500327295,63,0.0215307665899496,48,0.0260700100612532,63,0.0259887939549308,48,0.025920553486989,63,0.0258604373913804
,47,0.300449039610462,64,0.311487725744716,47,0.338476928279993,64,0.345341873541051,47,0.269841502146841,64,0.284020224186267,47,0.293541496130802,64,0.303685738446645,47,0.29871524986332,64,0.313250551748843,47,0.320022904062226,64,0.333507164934727,47,0.302791070127066,64,0.318387773139116,47,0.320754270091626,64,0.335999758913775,47,0.0243752513763516,64,0.0242876316518061,47,0.0241539018238882,64,0.0240622976345261,47,0.00806909411900257,64,0.00801224971680959,47,0.00806008768640393,64,0.00798402666052727,47,0.0215710660643222,64,0.0216813427830529,47,0.0215796673773316,64,0.0215205576551428,47,0.026026458510419,64,0.0259998331754175,47,0.0259428269964345,64,0.0258564302956502
,46,0.299880137353259,65,0.312318854493113,46,0.338124770087089,65,0.345790126324865,46,0.269094941898031,65,0.285302131041355,46,0.292793962971562,65,0.304332958487927,46,0.297997170110346,65,0.314135242361102,46,0.319229308160635,65,0.334325897267128,46,0.301947321563798,65,0.319400975487255,46,0.31985563457908,65,0.336988175013266,46,0.024352681621396,65,0.0243177333592013,46,0.0241413688373958,65,0.0240660426239587,46,0.0080490119963953,65,0.00800137722984927,46,0.00802691290480789,65,0.00800699216658959,46,0.0215950432355149,65,0.0217015831566537,46,0.021564914547791,65,0.0215202818411074,46,0.0260254751432068,65,0.026012341849672,46,0.0259235259957644,65,0.0258555167456356
,45,0.299274113676241,66,0.313029354495154,45,0.337762054109869,66,0.346264650177046,45,0.268318589633734,66,0.28625648680254,45,0.292050985813854,66,0.305057858560711,45,0.297220975780463,66,0.315083190635557,45,0.318413694839772,66,0.335218058157609,45,0.301079982276515,66,0.320501890601608,45,0.319010611850907,66,0.337962360542953,45,0.0244030682434048,66,0.0243011598021165,45,0.0241524762601397,66,0.024067178542744,45,0.00803999345674601,66,0.00800513135019682,45,0.00805308581271216,66,0.00800828842853237,45,0.0216388416248006,66,0.0216593079554102,45,0.0215832468896917,66,0.0215061983107236,45,0.0260432304338223,66,0.0259836692621948,45,0.0259202739822653,66,0.0258425016022819
,44,0.298642272689893,67,0.313818403868741,44,0.33741035886178,67,0.346837637905071,44,0.267584480125496,67,0.287030570517515,44,0.29127238393834,67,0.305721849874112,44,0.296464639224085,67,0.31606223413117,44,0.317634009341307,67,0.336246796553183,44,0.300221751732378,67,0.321566365394204,44,0.318148801113978,67,0.339041724154064,44,0.0243997404110157,67,0.0243111293841041,44,0.0241478902193796,67,0.0240762562721507,44,0.00805251489538867,67,0.00799756174652443,44,0.00807356556559381,67,0.00799992002114554,44,0.0216642162094981,67,0.0216246097981396,44,0.0215994271330593,67,0.0214987180038111,44,0.0260516642971502,67,0.0259652123374875,44,0.0259243708536166,67,0.0258449337268829
,43,0.298003096828468,68,0.314658212866704,43,0.337045058674847,68,0.347307993385914,43,0.266866386725152,68,0.287807112009184,43,0.290467914330304,68,0.306281499480739,43,0.295714753194053,68,0.317080486033952,43,0.316877428716525,68,0.337288288966398,43,0.299408520974616,68,0.322706859136525,43,0.317373312982093,68,0.340076761097482,43,0.0244108915125969,68,0.0243206543089668,43,0.0241296508204678,68,0.0240611663641071,43,0.00805434978488716,68,0.00799627141828319,43,0.00805798337801257,68,0.00799871394835812,43,0.0216711597028461,68,0.0216383778705393,43,0.021595196005587,68,0.0214798716748506,43,0.0260414228499019,68,0.0259827084444548,43,0.0259262024071527,68,0.0258554614347943
,42,0.297358836521415,69,0.315601748095467,42,0.336664105492296,69,0.347819519261751,42,0.266082597892334,69,0.288669375519561,42,0.289490411178808,69,0.30689522170724,42,0.29496681853267,69,0.318217567526651,42,0.316088360892728,69,0.338171393652385,42,0.298656791898877,69,0.324035182703767,42,0.31659989950946,69,0.341217455561088,42,0.0243558918917229,69,0.0243120255936824,42,0.0241208801236108,69,0.0240822061531667,42,0.00802767611702544,69,0.00802267435115776,42,0.00805620941493547,69,0.00799983167779013,42,0.0216761271944995,69,0.0216577154867098,42,0.0215913464178741,69,0.0214792073669541,42,0.0260296491646844,69,0.026003658547147,42,0.0259285619401166,69,0.0258764505058873
,41,0.296699761382694,70,0.316560136298634,41,0.33632109291471,70,0.348256041958652,41,0.265342193985514,70,0.289654459783957,41,0.28843469737615,70,0.307640678169108,41,0.29431367021583,70,0.319426569814276,41,0.315338254650699,70,0.339141656835844,41,0.297930239377616,70,0.325428629388896,41,0.315813804922233,70,0.342467859768406,41,0.0243466917772845,70,0.0243657596396004,41,0.0241421999353059,70,0.0240803812618083,41,0.00803026992674243,70,0.00801752789771503,41,0.00807702991501896,70,0.00799316418079561,41,0.0217172135152954,70,0.0216783171345987,41,0.0216160055818282,70,0.0214873103908513,41,0.0260360620161466,70,0.0260135393358944,41,0.0259267178180578,70,0.0258588601355927
,40,0.296035066654985,71,0.317104074364278,40,0.335908200151432,71,0.348734853469089,40,0.264626768859288,71,0.290659468520461,40,0.28740345512594,71,0.308415303506615,40,0.293636363818505,71,0.320596395411703,40,0.314512765961476,71,0.340143495950587,40,0.297202732972837,71,0.326715410241875,40,0.315021308619247,71,0.343842338113505,40,0.0243428732696828,71,0.0243616235112578,40,0.0241109888232383,71,0.0240664112943815,40,0.00803460414765922,71,0.00800821475442407,40,0.0080716636530107,71,0.00798401401694255,40,0.0217483420625996,71,0.0216403143670635,40,0.0215975130468381,71,0.0214726559405882,40,0.0260316206122603,71,0.0259920531321149,40,0.0258983249314202,71,0.0258435404811585
,39,0.295409966075154,72,0.31794393998939,39,0.335477391974157,72,0.349260690154436,39,0.263913969481028,72,0.291706078320418,39,0.286503706500886,72,0.309253789348582,39,0.292964042643252,72,0.321923732377994,39,0.313716181692127,72,0.341242281573596,39,0.296531275305445,72,0.328131126818223,39,0.314227005760311,72,0.345267977517498,39,0.0243944065126332,72,0.024346138132831,39,0.0241016554967917,72,0.0240780519915108,39,0.00804082843210379,72,0.00802220707062687,39,0.00804902290863041,72,0.00801050725446021,39,0.0217690225930751,72,0.0216332177601798,39,0.0215889147826625,72,0.0214608488848635,39,0.0260353172840245,72,0.0259933693851513,39,0.0259075768839733,72,0.025850879315908
,38,0.294728813647035,73,0.31885829039166,38,0.335130320526025,73,0.349809205188702,38,0.263192371584153,73,0.292935725667739,38,0.285705440335101,73,0.310029568784981,38,0.292301113989973,73,0.32330657920267,38,0.313015860136997,73,0.342334059365663,38,0.295867396508737,73,0.329731790343701,38,0.313531702874689,73,0.346643918043558,38,0.0243770131980759,73,0.0243797743131733,38,0.0240924566967747,73,0.0241252889047707,38,0.00802674134529259,73,0.00804364754903547,38,0.00805103327680066,73,0.00801781618655691,38,0.0217502953115124,73,0.0216458370379779,38,0.021593618389921,73,0.0214900302283347,38,0.0260296591717985,73,0.0260201923932264,38,0.0259000121999886,73,0.0258866625753059
,37,0.294041847131471,74,0.320054062188787,37,0.334682619904894,74,0.35052594761803,37,0.262468959603074,74,0.294170743735724,37,0.284884567967249,74,0.310763712498724,37,0.291653416049479,74,0.324714331739676,37,0.312236297971856,74,0.343434375821329,37,0.295220222489961,74,0.331441512147719,37,0.31281289942841,74,0.347987649335562,37,0.024344453980833,74,0.0243894438400125,37,0.0241005993067466,74,0.0241437645882991,37,0.0080194439457576,74,0.00804085683831236,37,0.00806388019739474,74,0.00800919870125451,37,0.0217458674656363,74,0.021636768958892,37,0.0216178582274976,74,0.0215067247524276,37,0.0260143266141273,74,0.0260314693616974,37,0.0259210039566019,74,0.0258987810110685
,36,0.293321767619952,75,0.32133641404433,36,0.334273002404034,75,0.351371067270048,36,0.261783408273289,75,0.295299968990541,36,0.284005098712903,75,0.311475884465934,36,0.291073043673048,75,0.326188289467159,36,0.311475416246185,75,0.344625446073281,36,0.294604339802094,75,0.333140048048939,36,0.312088116763653,75,0.349431839441609,36,0.024328784707056,75,0.0243955649813446,36,0.0240765897057544,75,0.0240753464083521,36,0.00802542149727133,75,0.00803540740935695,36,0.00803419740796734,75,0.00799150967933596,36,0.021793838086313,75,0.0216150594307775,36,0.021606371395658,75,0.0214626447785301,36,0.0260284255018672,75,0.0260248934737559,36,0.0258968490580527,75,0.0258668268195078
,35,0.292629544540942,76,0.322089511124494,35,0.333827693147213,76,0.352025814121564,35,0.261090740917732,76,0.29653224603833,35,0.283160051973642,76,0.312205890861165,35,0.290471666849663,76,0.327716931901482,35,0.310689661350235,76,0.345849266997555,35,0.294014706725228,76,0.334818489002237,35,0.311310548038904,76,0.351015088605178,35,0.0243003777360963,76,0.0243830047592773,35,0.0240440379634823,76,0.0240917313836847,35,0.0080200928205911,76,0.00803310764930354,35,0.00798896152757427,76,0.00799609670686777,35,0.0218144464323982,76,0.0216104486179339,35,0.0215896409649956,76,0.0214687655482242,35,0.026010940517938,76,0.0260090829553365,35,0.0258552122725802,76,0.0258817743191043
,34,0.291944032043071,77,0.323063942830441,34,0.333441494346814,77,0.352729533405642,34,0.260435749915385,77,0.297729629930737,34,0.282412008316944,77,0.313028781914194,34,0.289915324212941,77,0.329252740041295,34,0.310013018927912,77,0.347036680292462,34,0.293435202858749,77,0.336574155040601,34,0.310633486454889,77,0.352520437636463,34,0.0242581427754339,77,0.0243800271632483,34,0.0240543469533726,77,0.0241291322004591,34,0.00801331911610071,77,0.0080450966550677,34,0.00803673501222056,77,0.00801335466568921,34,0.0218174260323622,77,0.021615586093916,34,0.021613998044156,77,0.0215020297479631,34,0.0259829497847208,77,0.0260239246544623,34,0.0258903888411401,77,0.0259006392508771
,33,0.291336809282926,78,0.324130355099833,33,0.33308418880322,78,0.353536048864018,33,0.259791353392263,78,0.299109765523555,33,0.281624872628924,78,0.314995164260237,33,0.289382098188829,78,0.330883376544829,33,0.309382183283466,78,0.348256528063655,33,0.292881474051883,78,0.338330927947962,33,0.310005940391351,78,0.353993451432576,33,0.0243147690721319,78,0.0243966680630286,33,0.0240536551825708,78,0.0241467392378259,33,0.00801181890028491,78,0.00801389781314092,33,0.00804883174187169,78,0.0080410905904824,33,0.0218447302712209,78,0.0215804635657222,33,0.0216590893522811,78,0.0215309598164951,33,0.0259984003375613,78,0.0260031518066876,33,0.0258828740916575,78,0.0259124531897921
,32,0.290615984583873,79,0.325153935501448,32,0.33262867058471,79,0.35402920416295,32,0.25913924778636,79,0.30040640314688,32,0.280836504073111,79,0.316356265818347,32,0.288842348669563,79,0.332344708106268,32,0.308641427752881,79,0.349517572052466,32,0.292351108659418,79,0.339915693466895,32,0.309288974268915,79,0.355412664298116,32,0.0243113408723895,79,0.0243724753499923,32,0.0240738858452542,79,0.024144699536636,32,0.00803380898089536,79,0.00799444111258449,32,0.00803551183636147,79,0.0080268656127039,32,0.0218795241389234,79,0.0215606037117292,32,0.0217119806384337,79,0.0214972765014497,32,0.0260093790827251,79,0.0259911721857409,32,0.0259218741735683,79,0.0259052177948305
,31,0.289905921002504,80,0.326231477610896,31,0.33221857159589,80,0.354658284366104,31,0.258497328747527,80,0.301704499630559,31,0.280057358933143,80,0.315896339367154,31,0.288352971547599,80,0.33381680692653,31,0.308009136471418,80,0.350796384791826,31,0.291820872433999,80,0.341444104863634,31,0.308635796181759,80,0.356741242208043,31,0.0243117757886754,80,0.0243546873884826,31,0.0240878843334692,80,0.0241680671516653,31,0.00802750823278552,80,0.00802137747424034,31,0.00805660331659462,80,0.00800885103418722,31,0.0219470064241272,80,0.0215675500361225,31,0.0217320213744554,80,0.0215144351208922,31,0.0260321666771828,80,0.0259973341521855,31,0.0259075710685512,80,0.0259147436790451
,30,0.289239785113464,81,0.327262092815267,30,0.331801659499413,81,0.355325832407952,30,0.257923101741036,81,0.303046365153742,30,0.279427388027411,81,0.31687635942393,30,0.287894925036413,81,0.335235567193838,30,0.307361153476433,81,0.352054561051289,30,0.291324834657869,81,0.342876003251173,30,0.308011479214749,81,0.358116099506793,30,0.0243142254288441,81,0.0243594165932903,30,0.0240792420614754,81,0.0241619954472955,30,0.00800316237483921,81,0.00801734236493666,30,0.00804491143243374,81,0.00802699734329993,30,0.0219859845133869,81,0.0215462551588439,30,0.0217498605177136,81,0.0215248737118032,30,0.0260278173335461,81,0.0259884872085371,30,0.0259060459087924,81,0.0259266171171383
,29,0.288587076473973,82,0.328501945677777,29,0.331309798089851,82,0.356086830078941,29,0.257363096421847,82,0.304425456107687,29,0.278968379784707,82,0.31820414493162,29,0.287393517769045,82,0.336582775158805,29,0.306665091478974,82,0.353166839408064,29,0.290835569001781,82,0.344319453184065,29,0.307367461979932,82,0.359436188530781,29,0.0242812067695002,82,0.0243782300761365,29,0.0240950726069479,82,0.0241639230768203,29,0.00801599567882341,82,0.00801460723411489,29,0.00806325525907395,82,0.00804319908530424,29,0.02198240320118,82,0.0215478322387207,29,0.0218272164556484,82,0.0214890744734231,29,0.0260087341232509,82,0.026011448936285,29,0.0259264738720552,82,0.0259290403133496
,28,0.287921304030527,83,0.329857562972945,28,0.330853330816391,83,0.356900126793196,28,0.25673510383926,83,0.307660029396569,28,0.278502447011763,83,0.31966768562637,28,0.28689030206485,83,0.337846476688197,28,0.306019477851578,83,0.354335308177065,28,0.290336655280751,83,0.345689599992734,28,0.306734634033829,83,0.360709433054575,28,0.0242874662886311,83,0.0243851641020141,28,0.0240049168938041,83,0.024176005065144,28,0.00803043151244561,83,0.00800964621576573,28,0.00803528534604659,83,0.00802935525226639,28,0.022024687380288,83,0.0215619146708861,28,0.021768011894503,83,0.0215096061006465,28,0.0260238429854867,83,0.0260287478167396,28,0.0258679686273631,83,0.0259325512736145
,27,0.287297851603503,84,0.331038789538395,27,0.330413829961695,84,0.358069121575327,27,0.256224953634641,84,0.309727426030312,27,0.278037149592073,84,0.320456704688311,27,0.286532275772071,84,0.339075117323048,27,0.305449495566685,84,0.355484924982541,27,0.289955976829641,84,0.347056921658669,27,0.306191836095423,84,0.361931735290719,27,0.0243041054084382,84,0.0243679517648199,27,0.0240067347727148,84,0.0241588408737832,27,0.00803901438717819,84,0.00801162392807831,27,0.00802483473665318,84,0.00801102582536522,27,0.022071463798132,84,0.0215320086502081,27,0.0217953415137994,84,0.0214794472632896,27,0.0260390334383429,84,0.0260175663405164,27,0.025874531874483,84,0.025910366614666
,26,0.286784244006881,85,0.332327443102938,26,0.330016885533165,85,0.359363736291749,26,0.255722844576788,85,0.309280318129471,26,0.277371662176471,85,0.321270036422219,26,0.286136746056543,85,0.340356417808814,26,0.304887902947111,85,0.356645577364507,26,0.289504256411884,85,0.348362045372397,26,0.305604140468725,85,0.363291254731394,26,0.0243051984618923,85,0.0243631060523557,26,0.0240101176694165,85,0.0241708591506124,26,0.00802961154094418,85,0.00802883577532281,26,0.00801580546155819,85,0.00802212229826502,26,0.0221023863544675,85,0.0214990605100692,26,0.0218201895418977,85,0.021492077397621,26,0.0260237427980403,85,0.0260100747665711,26,0.0258705710420365,85,0.0259279800893623
,25,0.286102990910364,86,0.333552333027367,25,0.329592974754777,86,0.359943503746117,25,0.255185341406138,86,0.310654407605756,25,0.276782303996391,86,0.322115415213069,25,0.285692825997203,86,0.341553171242878,25,0.304351613819753,86,0.357766855578393,25,0.289042989108434,86,0.349542482508648,25,0.305019795197636,86,0.364439374820408,25,0.0242899820025953,86,0.024415286701508,25,0.0240323126519962,86,0.0242183601592087,25,0.00800687918361955,86,0.00802120915887508,25,0.0080301844307011,86,0.00804570712816674,25,0.0221572200206821,86,0.021525109333887,25,0.0218886474070644,86,0.0215212691415888,25,0.0260059272521696,86,0.0260213372422931,25,0.0259013104750624,86,0.0259499979549495
,24,0.2854422134758,87,0.334715772766712,24,0.329112311618801,87,0.360836434328267,24,0.254614931943927,87,0.311878873162578,24,0.276040964996579,87,0.322970236574194,24,0.285298215888428,87,0.342676915271872,24,0.303683536419937,87,0.358922676956179,24,0.28858284624757,87,0.35068599030224,24,0.304383484074904,87,0.365483681353684,24,0.0242628595449059,87,0.024419234396177,24,0.0240519221952624,87,0.0242056291071153,24,0.00803180710439612,87,0.00801046062576161,24,0.00805040665698522,87,0.00804991813187344,24,0.0222280708315842,87,0.0215337343644549,24,0.0219582702390208,87,0.0215021012758871,24,0.0260241579102787,87,0.0260228673191604,24,0.0259264737208788,87,0.0259289984737412
,23,0.284803010110125,88,0.336151917218725,23,0.32859311896545,88,0.361978189022014,23,0.254005292635188,88,0.313037349895815,23,0.275287217067321,88,0.32381753391753,23,0.284872137049282,88,0.343841715064397,23,0.303056846687681,88,0.359971193526546,23,0.288172842179832,88,0.351932763204525,23,0.303778719723645,88,0.36672339345271,23,0.0242639748798033,88,0.0244437657622873,23,0.0240272133693295,88,0.0241995800087443,23,0.0080316521770227,88,0.00801325619176297,23,0.00803673436059028,88,0.00802692515172734,23,0.0222585082122308,88,0.0215165878751767,23,0.0219709588910421,88,0.0214776598466144,23,0.0260277364042453,88,0.0260242675880593,23,0.0258890891721841,88,0.0259003485999217
,22,0.284227298972061,89,0.337772305557921,22,0.328156232463601,89,0.363186150664112,22,0.253509187593588,89,0.314088641975347,22,0.274780480474685,89,0.324662313270161,22,0.284531056071426,89,0.344976184849694,22,0.302563830686296,89,0.360981772924669,22,0.287789159876603,89,0.353134476339736,22,0.303268819585312,89,0.36786633466524,22,0.0242115633762517,89,0.0244475709888817,22,0.0240209449213973,89,0.0242124882038564,22,0.00800934132592255,89,0.00802952605961573,22,0.00802831033391741,89,0.00806176793503985,22,0.0222972512220235,89,0.0214865594938194,22,0.0220175177604745,89,0.0215007647377616,22,0.0260010237352029,89,0.026019618125235,22,0.0258903383205741,89,0.0259394487950079
,21.2999992370605,0.283847838252247,89.6999969482422,0.338944317098304,21.2999992370605,0.32785420476405,89.6999969482422,0.363865040187254,21.2999992370605,0.253191835132549,89.6999969482422,0.314808773941566,21.2999992370605,0.274360398328899,89.6999969482422,0.325366004953574,21.2999992370605,0.284317329902435,89.6999969482422,0.345761804389571,21.2999992370605,0.302229230382489,89.6999969482422,0.361719598948687,21.2999992370605,0.287524138854395,89.6999969482422,0.353878940389958,21.2999992370605,0.302957131586473,89.6999969482422,0.368669187140802,21.2999992370605,0.0242472584687895,89.6999969482422,0.0243977735631431,21.2999992370605,0.0240286347753325,89.6999969482422,0.0242589194932702,21.2999992370605,0.0079974564075114,89.6999969482422,0.0080553494365659,21.2999992370605,0.00802543274019598,89.6999969482422,0.00808938848996367,21.2999992370605,0.0223583682813813,89.6999969482422,0.0214583498006831,21.2999992370605,0.0220475313440806,89.6999969482422,0.0215343736981903,21.2999992370605,0.025995219305612,89.6999969482422,0.0260084218732449,21.2999992370605,0.0258955865932691,89.6999969482422,0.025968401399967
