CSV Report,2023-11-01_RNA_melting_HEPES_NaCl.csv
Worksheet Type,Thermal

METHOD
X mode,nm
Y mode,Abs
Collect mode,Wavelength
Wavelengths (nm),260.00,400.00
Averaging Time (s),.1
Spectral Bandwidth (nm),2
Detector module,Multicell Peltier UV-Vis
Zero,Off
Experiment Zones,1

Temperature Collection
Start (°C),90.0
Return (°C),21.0

Derivative
Lower limit (°C),-5
Upper limit (°C),110

Number of stages,4
Stage,Collect data,Data Interval (°C),Rate (°C/min),End (°C),Hold (min)
Stage 1,Yes,1.0,1.0,21.0,2.00
Stage 2,Yes,1.0,1.0,90.0,2.00
Stage 3,Yes,1.0,1.0,21.0,2.00
Stage 4,Yes,1.0,1.0,90.0,0.00

SAMPLES
Name,4.15 mM NaCl_260.00nm_90.0-21.0C,,4.15 mM NaCl_260.00nm_21.0-90.0C,,4.15 mM NaCl_260.00nm_90.0-21.0C_R1,,4.15 mM NaCl_260.00nm_21.0-90.0C_R1,,1.66 mM NaCl_260.00nm_90.0-21.0C,,1.66 mM NaCl_260.00nm_21.0-90.0C,,1.66 mM NaCl_260.00nm_90.0-21.0C_R1,,1.66 mM NaCl_260.00nm_21.0-90.0C_R1,,0.8 mM NaCl_260.00nm_90.0-21.0C,,0.8 mM NaCl_260.00nm_21.0-90.0C,,0.8 mM NaCl_260.00nm_90.0-21.0C_R1,,0.8 mM NaCl_260.00nm_21.0-90.0C_R1,,0.08 mM NaCl_260.00nm_90.0-21.0C,,0.08 mM NaCl_260.00nm_21.0-90.0C,,0.08 mM NaCl_260.00nm_90.0-21.0C_R1,,0.08 mM NaCl_260.00nm_21.0-90.0C_R1,,4.15 mM NaCl_400.00nm_90.0-21.0C,,4.15 mM NaCl_400.00nm_21.0-90.0C,,4.15 mM NaCl_400.00nm_90.0-21.0C_R1,,4.15 mM NaCl_400.00nm_21.0-90.0C_R1,,1.66 mM NaCl_400.00nm_90.0-21.0C,,1.66 mM NaCl_400.00nm_21.0-90.0C,,1.66 mM NaCl_400.00nm_90.0-21.0C_R1,,1.66 mM NaCl_400.00nm_21.0-90.0C_R1,,0.8 mM NaCl_400.00nm_90.0-21.0C,,0.8 mM NaCl_400.00nm_21.0-90.0C,,0.8 mM NaCl_400.00nm_90.0-21.0C_R1,,0.8 mM NaCl_400.00nm_21.0-90.0C_R1,,0.08 mM NaCl_400.00nm_90.0-21.0C,,0.08 mM NaCl_400.00nm_21.0-90.0C,,0.08 mM NaCl_400.00nm_90.0-21.0C_R1,,0.08 mM NaCl_400.00nm_21.0-90.0C_R1,
Collection Time,2023-11-01 11:14:39 (+01:00),,2023-11-01 11:14:39 (+01:00),,2023-11-01 11:14:39 (+01:00),,2023-11-01 11:14:39 (+01:00),,2023-11-01 11:14:39 (+01:00),,2023-11-01 11:14:39 (+01:00),,2023-11-01 11:14:39 (+01:00),,2023-11-01 11:14:39 (+01:00),,2023-11-01 11:14:39 (+01:00),,2023-11-01 11:14:39 (+01:00),,2023-11-01 11:14:39 (+01:00),,2023-11-01 11:14:39 (+01:00),,2023-11-01 11:14:39 (+01:00),,2023-11-01 11:14:39 (+01:00),,2023-11-01 11:14:39 (+01:00),,2023-11-01 11:14:39 (+01:00),,2023-11-01 11:14:39 (+01:00),,2023-11-01 11:14:39 (+01:00),,2023-11-01 11:14:39 (+01:00),,2023-11-01 11:14:39 (+01:00),,2023-11-01 11:14:39 (+01:00),,2023-11-01 11:14:39 (+01:00),,2023-11-01 11:14:39 (+01:00),,2023-11-01 11:14:39 (+01:00),,2023-11-01 11:14:39 (+01:00),,2023-11-01 11:14:39 (+01:00),,2023-11-01 11:14:39 (+01:00),,2023-11-01 11:14:39 (+01:00),,2023-11-01 11:14:39 (+01:00),,2023-11-01 11:14:39 (+01:00),,2023-11-01 11:14:39 (+01:00),,2023-11-01 11:14:39 (+01:00),
Cell Number,Cell 4,,Cell 4,,Cell 4,,Cell 4,,Cell 5,,Cell 5,,Cell 5,,Cell 5,,Cell 6,,Cell 6,,Cell 6,,Cell 6,,Cell 7,,Cell 7,,Cell 7,,Cell 7,,Cell 4,,Cell 4,,Cell 4,,Cell 4,,Cell 5,,Cell 5,,Cell 5,,Cell 5,,Cell 6,,Cell 6,,Cell 6,,Cell 6,,Cell 7,,Cell 7,,Cell 7,,Cell 7,
Module Serial Number,MY2226ZC01,,MY2226ZC01,,MY2226ZC01,,MY2226ZC01,,MY2226ZC01,,MY2226ZC01,,MY2226ZC01,,MY2226ZC01,,MY2226ZC01,,MY2226ZC01,,MY2226ZC01,,MY2226ZC01,,MY2226ZC01,,MY2226ZC01,,MY2226ZC01,,MY2226ZC01,,MY2226ZC01,,MY2226ZC01,,MY2226ZC01,,MY2226ZC01,,MY2226ZC01,,MY2226ZC01,,MY2226ZC01,,MY2226ZC01,,MY2226ZC01,,MY2226ZC01,,MY2226ZC01,,MY2226ZC01,,MY2226ZC01,,MY2226ZC01,,MY2226ZC01,,MY2226ZC01,
Instrument Serial Number,MY2228ZA03,,MY2228ZA03,,MY2228ZA03,,MY2228ZA03,,MY2228ZA03,,MY2228ZA03,,MY2228ZA03,,MY2228ZA03,,MY2228ZA03,,MY2228ZA03,,MY2228ZA03,,MY2228ZA03,,MY2228ZA03,,MY2228ZA03,,MY2228ZA03,,MY2228ZA03,,MY2228ZA03,,MY2228ZA03,,MY2228ZA03,,MY2228ZA03,,MY2228ZA03,,MY2228ZA03,,MY2228ZA03,,MY2228ZA03,,MY2228ZA03,,MY2228ZA03,,MY2228ZA03,,MY2228ZA03,,MY2228ZA03,,MY2228ZA03,,MY2228ZA03,,MY2228ZA03,
Instrument Name,MY2228ZA03,,MY2228ZA03,,MY2228ZA03,,MY2228ZA03,,MY2228ZA03,,MY2228ZA03,,MY2228ZA03,,MY2228ZA03,,MY2228ZA03,,MY2228ZA03,,MY2228ZA03,,MY2228ZA03,,MY2228ZA03,,MY2228ZA03,,MY2228ZA03,,MY2228ZA03,,MY2228ZA03,,MY2228ZA03,,MY2228ZA03,,MY2228ZA03,,MY2228ZA03,,MY2228ZA03,,MY2228ZA03,,MY2228ZA03,,MY2228ZA03,,MY2228ZA03,,MY2228ZA03,,MY2228ZA03,,MY2228ZA03,,MY2228ZA03,,MY2228ZA03,,MY2228ZA03,
,Temperature (°C),Abs,Temperature (°C),Abs,Temperature (°C),Abs,Temperature (°C),Abs,Temperature (°C),Abs,Temperature (°C),Abs,Temperature (°C),Abs,Temperature (°C),Abs,Temperature (°C),Abs,Temperature (°C),Abs,Temperature (°C),Abs,Temperature (°C),Abs,Temperature (°C),Abs,Temperature (°C),Abs,Temperature (°C),Abs,Temperature (°C),Abs,Temperature (°C),Abs,Temperature (°C),Abs,Temperature (°C),Abs,Temperature (°C),Abs,Temperature (°C),Abs,Temperature (°C),Abs,Temperature (°C),Abs,Temperature (°C),Abs,Temperature (°C),Abs,Temperature (°C),Abs,Temperature (°C),Abs,Temperature (°C),Abs,Temperature (°C),Abs,Temperature (°C),Abs,Temperature (°C),Abs,Temperature (°C),Abs
,90,0.546692207836978,21,0.341415979944081,90,0.321790717345074,21,0.343615413911201,90,0.370742936447974,21,0.306806653624698,90,0.139541154930615,21,0.319539210951016,90,0.334034627268823,21,0.309177611475469,90,0.106333802873759,21,0.321079575770899,90,0.333957734954923,21,0.307160010531881,90,0.0971821888134769,21,0.311355634051279,90,0.0252782653461081,21,0.0256326932873137,90,-0.204887815408441,21,0.0247582226325017,90,0.00977728427081646,21,0.0100138338852371,90,-0.220900555895669,21,0.00924239147633885,90,0.00495482718040221,21,0.00495516996874434,90,-0.225636813339043,21,0.00426027048620151,90,0.0268409353463565,21,0.0267847623096465,90,-0.201898261286433,21,0.0260200626923248
,89,0.552745678800693,22,0.341920361411324,89,0.336413394776272,22,0.34396711311897,89,0.372564889678159,22,0.307128675186791,89,0.159935773919358,22,0.31979822972309,89,0.335689516830762,22,0.309377803283246,89,0.125973081134676,22,0.321249108661705,89,0.335889055666031,22,0.307333261600946,89,0.117328488885769,22,0.311482322449236,89,0.0252098535045749,22,0.0256496478083164,89,-0.187008456323939,22,0.0247786711404835,89,0.00968579168778117,22,0.0100432970648898,89,-0.201081918104213,22,0.00925666680555869,89,0.00497433850449062,22,0.00495909220305423,89,-0.205763632477868,22,0.00428896279578767,89,0.0268144906829353,22,0.0268140920994633,89,-0.181763367947971,22,0.0260199285685262
,88,0.554500598185117,23,0.34317509551264,88,0.391491929448131,23,0.345108403988385,88,0.375092117873422,23,0.307896559749124,88,0.223794991254645,23,0.320546403046902,88,0.337316999435486,23,0.309825811591762,88,0.18990137651082,23,0.321662396315723,88,0.33674404399791,23,0.30772306210004,88,0.187533881934761,23,0.311974674062699,88,0.0252096942948751,23,0.0256644368417876,88,-0.127254436273304,23,0.0247853369134523,88,0.00964506205728297,23,0.0100478981468321,88,-0.136368277881996,23,0.00925785546063506,88,0.00498810449338894,23,0.00496531088431823,88,-0.141049998052497,23,0.00428555547088758,88,0.0268206828125084,23,0.0268242501094975,88,-0.111104717778237,23,0.0260163352095361
,87,0.554591405849745,24,0.345598849674331,87,0.498356424521813,24,0.34721936387323,87,0.376385623978716,24,0.30937260242807,87,0.336948243142626,24,0.321896130058279,87,0.340118107220767,24,0.310647403698214,87,0.30351492834814,24,0.322319976353504,87,0.338233878490104,24,0.308328515759346,87,0.301437965651673,24,0.3127839999366,87,0.0252132065367271,24,0.0256131615301562,87,-0.0260631248612335,24,0.0247330564869465,87,0.0096337645459095,24,0.0100444785331292,87,-0.0349973747425237,24,0.00925029794751833,87,0.00500791621188434,24,0.0049382847810815,87,-0.0396743017008618,24,0.00424640364117807,87,0.0268506508104117,24,0.0267887202377609,87,-0.0115267319814888,24,0.0259960182932459
,86,0.553140591579994,25,0.348013009763567,86,0.557367138819774,25,0.349779135282063,86,0.376452447866966,25,0.310817339575989,86,0.391466673621618,25,0.323489604777557,86,0.343542245710733,25,0.311395411628783,86,0.358396994837333,25,0.323509261453257,86,0.338882798872309,25,0.309091235399873,86,0.348647617092766,25,0.313778405084112,86,0.0252276709999757,25,0.0256189602990537,86,0.0243902254630001,25,0.0247030537213987,86,0.00963037893654533,25,0.0100609236081835,86,0.00910675390983561,25,0.00923993625489139,86,0.00505382565846217,25,0.00493418550214786,86,0.00444837272223239,25,0.00422934315524078,86,0.0268902629004058,25,0.026787090133453,86,0.0260605105888689,25,0.0259738874058863
,85,0.55157048319641,26,0.350256478089174,85,0.554186390145894,26,0.352192450349347,85,0.376382257539545,26,0.312159167660088,85,0.390674376744592,26,0.324889028357543,85,0.34435324560157,26,0.312150635907283,85,0.358395724738618,26,0.327507153352121,85,0.338440725528298,26,0.310030878591495,85,0.348763048935955,26,0.314969249306428,85,0.0252809932869356,26,0.0255796542266785,85,0.0244790952545099,26,0.0247406196246972,85,0.00963738635464506,26,0.0100509294338188,85,0.00918023268442011,26,0.00925982402530717,85,0.00509019856864409,26,0.00491936416063812,85,0.0045064865310724,26,0.00425878842725741,85,0.0268966850968522,26,0.0267733686694415,85,0.0261309811382558,26,0.0259880400348291
,84,0.548522293559917,27,0.352694274798712,84,0.550666234593262,27,0.354583512449221,84,0.375599272843702,27,0.313551079236369,84,0.389971414610064,27,0.326294497608409,84,0.343532480604629,27,0.313000574736724,84,0.358513492158188,27,0.330059323117524,84,0.339060012455905,27,0.31095643377189,84,0.348838178639721,27,0.316173894574543,84,0.0252817593907494,27,0.0255871959116534,84,0.0245388425387522,27,0.0247427047652473,84,0.00963473255853637,27,0.0100373644037688,84,0.00921393850378833,27,0.00925361646217955,84,0.00509998553337397,27,0.00490805138571655,84,0.00453852383282835,27,0.00425347241375883,84,0.0268782797867086,27,0.0267722127087966,84,0.0261569147544344,27,0.0259978494194665
,83,0.545254807321987,28,0.355321607194812,83,0.546913655817237,28,0.357223912922335,83,0.375126400434353,28,0.314962037620826,83,0.389670955477191,28,0.32774381194498,83,0.343413840876129,28,0.313882269675329,83,0.35859549588281,28,0.328960012377992,83,0.339082714665738,28,0.311754671434316,83,0.349015562314763,28,0.317292361444292,83,0.0253062783442673,28,0.0256604306883195,83,0.0245265514947087,28,0.02469824919988,83,0.00964230416491235,28,0.0100502852776473,83,0.00921054261870975,28,0.00924378632209272,83,0.00510527712534783,28,0.00493943583843306,83,0.00450263343346625,28,0.00421346537484124,83,0.0268681928245871,28,0.0268163292888544,83,0.0261087760283598,28,0.025969458600486
,82,0.541863104473507,29,0.358031845155093,82,0.543204936923276,29,0.359897861973564,82,0.374705193078657,29,0.316428887380892,82,0.389498309848975,29,0.329255924535578,82,0.343719582050959,29,0.314767186635595,82,0.358682037067589,29,0.328705430248636,82,0.338696833845648,29,0.312403974867417,82,0.349274229644927,29,0.318199144447344,82,0.0253091682998583,29,0.025630038475063,82,0.024522692942538,29,0.0246546285204184,82,0.00966767847012883,29,0.0100332186091266,82,0.0092300117391005,29,0.00923263123970654,82,0.0051033201339016,29,0.00493503962788822,82,0.00448288885689973,29,0.00419149774806468,82,0.0268711223385009,29,0.0268010467747832,82,0.026133779461797,29,0.0259463702009852
,81,0.538362641316587,30,0.360728238075741,81,0.539415281157876,30,0.362509810182268,81,0.374294119651392,30,0.317872399850976,81,0.389396117627151,30,0.330752137796258,81,0.343988167697225,30,0.315666329226242,81,0.358775935852403,30,0.32912209669021,81,0.338417337682035,30,0.313087234851327,81,0.34948910300431,30,0.318990237470176,81,0.0253065897149981,30,0.0255614843668542,81,0.0245347759980033,30,0.0246708613324811,81,0.00967088286886559,30,0.0100093286128309,81,0.00923595373281806,30,0.00922996493840474,81,0.00511592932693646,30,0.0048975551559942,81,0.0044913224848617,30,0.00422160725013497,81,0.026891780224176,30,0.0267489162172526,81,0.026133285378895,30,0.0259741587388654
,80,0.535005204981079,31,0.363463037030631,80,0.535885933214657,31,0.36524711638316,80,0.373886510298797,31,0.319316977789856,80,0.389296014116987,31,0.332232733514727,80,0.344261928766269,31,0.316639097361086,80,0.358872181557974,31,0.330032452201228,80,0.338515396979412,31,0.313889400756053,80,0.349524872272686,31,0.319993385458968,80,0.0253262718438149,31,0.0255600345438808,80,0.0245095120902345,31,0.0247062427419062,80,0.00968438401596013,31,0.0100281877658329,80,0.00924113328839011,31,0.00923740560220044,80,0.00512011773495242,31,0.00489681502055966,80,0.00447089449694647,31,0.00422822551826559,80,0.0268905092119069,31,0.0267428419426148,80,0.0260952687967054,31,0.0260026298572775
,79,0.531731491468969,32,0.366248272163935,79,0.532284834412567,32,0.367945976364108,79,0.373434667543499,32,0.320737468639496,79,0.388967714138711,32,0.333689518112795,79,0.344434647645169,32,0.317657464442423,79,0.358873948240802,32,0.331203465820489,79,0.338644299294849,32,0.314670335498449,79,0.34942020707301,32,0.320943039793573,79,0.0253413294537109,32,0.025563492119305,79,0.0245068781007373,32,0.0247160598542971,79,0.00969304183969044,32,0.0100472087205749,79,0.00926753292505779,32,0.00923661556559568,79,0.00510971855627777,32,0.00490113833185337,79,0.00445313760814184,32,0.00421245178791599,79,0.0268739270158803,32,0.0267377966303188,79,0.0261121810140088,32,0.026000165095075
,78,0.528279741943426,33,0.369024144803946,78,0.528754515192873,33,0.370864291416397,78,0.372903816899698,33,0.322172429215746,78,0.388455091446576,33,0.335160228854795,78,0.34442614615334,33,0.318770677945106,78,0.358848486708548,33,0.332361816281025,78,0.338867769941747,33,0.315376593382354,78,0.349327381114018,33,0.321765840918554,78,0.0253392148288288,33,0.0255599957022639,78,0.0245255376615117,33,0.0246845989295894,78,0.00969173438950729,33,0.0100541909657947,78,0.00928421365522043,33,0.00923766499356468,78,0.0051071131776895,33,0.00491259447671561,78,0.00445749284918632,33,0.00421090430421774,78,0.0268735163250498,33,0.0267443229826308,78,0.026119513100895,33,0.0259862098291402
,77,0.524740905016125,34,0.371786018371519,77,0.525073195032724,34,0.373694987850482,77,0.372405005552793,34,0.323530893819027,77,0.387834604125041,34,0.336622235123844,77,0.344380370831531,34,0.319891821283874,77,0.358782493408005,34,0.333386753464699,77,0.33904696875704,34,0.316153633780211,77,0.349271655662279,34,0.322659764473159,77,0.0253498615169403,34,0.0255884580362455,77,0.0245376679426771,34,0.0246856079109382,77,0.00971209014062163,34,0.0100464322869245,77,0.00927690731924463,34,0.0092465668921622,77,0.00510802156948754,34,0.00493282777559885,77,0.00446585592266102,34,0.00422053387222135,77,0.026879347172587,34,0.0267835601002384,77,0.0261077333281904,34,0.0259838695026948
,76,0.521026585054581,35,0.374681557956885,76,0.52156699138636,35,0.376427062106685,76,0.371823003794629,35,0.324928889742001,76,0.387171296151901,35,0.33804116909184,76,0.344409194915947,35,0.32111984440013,76,0.358651861836922,35,0.334562238667986,76,0.339090059142245,35,0.316965117382463,76,0.349263586902983,35,0.323520312638732,76,0.0253593538945807,35,0.0256020296537068,76,0.0245220603388334,35,0.0247028232737801,76,0.00972284524755665,35,0.0100267303052657,76,0.00927501488802826,35,0.00922712822621811,76,0.00508619993308531,35,0.00492986891605307,76,0.00447108159082728,35,0.00424556340743347,76,0.0268799589142687,35,0.0267726878727549,76,0.0261143854296128,35,0.0259987707988656
,75,0.517530183180059,36,0.377544456072748,75,0.518278227745663,36,0.379249265696078,75,0.371189686965024,36,0.326316116304525,75,0.386441107771447,36,0.33942810342786,75,0.344231512927953,36,0.322355128498713,75,0.358518764346428,36,0.335853635273972,75,0.339026028384958,36,0.317816141662004,75,0.349303810445894,36,0.32433278656292,75,0.0253216534887444,36,0.0255709923721828,75,0.0245647768069983,36,0.0247062567032445,75,0.00973452142233729,36,0.0100247913732671,75,0.00930779392559668,36,0.00919613005960821,75,0.00505696184274829,36,0.00491411296324195,75,0.00450771647851715,36,0.00426685086957345,75,0.0268727562733621,36,0.0267481865931123,75,0.0261441668780063,36,0.0260060534765064
,74,0.513916030268422,37,0.380406836427161,74,0.514853797136977,37,0.382157050726675,74,0.370518293713766,37,0.327723907465542,74,0.3856663147584,37,0.34088786788326,74,0.343907454589024,37,0.323583090718375,74,0.358108213337808,37,0.337081675258394,74,0.338857821394509,37,0.318668430375222,74,0.349299861407836,37,0.325225638443312,74,0.0253337815573651,37,0.0255597156448841,74,0.0245932140414553,37,0.024700411129895,74,0.00976805669183336,37,0.0100152286214769,74,0.0093378241623586,37,0.00919153145913984,74,0.00507062675016172,37,0.00491461022450613,74,0.00448869181862537,37,0.00426528340244804,74,0.0268872552765364,37,0.0267494252830407,74,0.0261355761911104,37,0.0260093278027635
,73,0.510316398462948,38,0.383406840101385,73,0.511358550269451,38,0.385140650842753,73,0.369798260873171,38,0.329152298764628,73,0.384733998717197,38,0.342339347887541,73,0.343919293458181,38,0.324783196967553,73,0.357865520963178,38,0.338155348693615,73,0.338645348472857,38,0.319566978499788,73,0.349301871592062,38,0.326045702222071,73,0.0253667412194954,38,0.0255762946155275,73,0.0246068929375242,38,0.0246864627789996,73,0.0097840728429816,38,0.00998756256819287,73,0.00932852573692194,38,0.00919555595114536,73,0.00507295465865717,38,0.00492701253631926,73,0.00449443566583944,38,0.00424356010718372,73,0.026898227021095,38,0.0267394738427994,73,0.0261444675084207,38,0.0260037227399727
,72,0.506829809160941,39,0.38630611033207,72,0.507956162210572,39,0.388086227939289,72,0.369089231754048,39,0.330650383546205,72,0.383858814833197,39,0.34385634535667,72,0.343746057613443,39,0.325916688652187,72,0.357700403817911,39,0.3393134960356,72,0.338366644391162,39,0.320449618362639,72,0.349206139536885,39,0.326923170640522,72,0.0253632183939718,39,0.0255804545125827,72,0.0245809801310561,39,0.0246979367480666,72,0.00981342031834125,39,0.0100008492403487,72,0.00931696001644828,39,0.00920740529354329,72,0.00506899449582705,39,0.00493356581249404,72,0.00446725515758669,39,0.00424044112107931,72,0.0268891980348426,39,0.0267692368736596,72,0.0261147771724839,39,0.026015953900002
,71,0.503498056556039,40,0.389427492936182,71,0.504566585711562,40,0.391054262820867,71,0.368270856261656,40,0.332138203526154,71,0.382979439186043,40,0.345372748191842,71,0.343385361202814,40,0.327018400775541,71,0.357436988073784,40,0.34040514185045,71,0.338066846755046,40,0.321363092121044,71,0.349108542488975,40,0.327798102174597,71,0.025398933073472,40,0.025581208457689,71,0.0245851521768793,40,0.0246750338180492,71,0.00983933930611959,40,0.010007715560215,71,0.00934032245631273,40,0.00919459640807717,71,0.00507606809052047,40,0.00493470218668729,71,0.00446961717382077,40,0.00423726713568616,71,0.0268961135220753,40,0.0267727712518734,71,0.0261121238852999,40,0.0260154899439393
,70,0.500031703099858,41,0.392453017661811,70,0.501146365988777,41,0.394129269085362,70,0.367444823926792,41,0.333646584545902,70,0.382197112208042,41,0.346953127467324,70,0.342960389002484,41,0.328058907541805,70,0.357006774780753,41,0.341409962389033,70,0.33781090767247,41,0.322277900644403,70,0.348871503223404,41,0.328717449901918,70,0.025393338709156,41,0.0255668868229633,70,0.0246068365751989,41,0.0247000644707613,70,0.00983986661206683,41,0.00998371993680206,70,0.00934720624956242,41,0.00918665938417683,70,0.00507562933672673,41,0.00493212390140722,70,0.00446999114272057,41,0.00426332216799765,70,0.0268868699887619,41,0.0267497887828472,70,0.0261375003724569,41,0.026011373659023
,69,0.496636617627243,42,0.395450835455624,69,0.497800074556837,42,0.39721160569952,69,0.36664871848789,42,0.335256395504628,69,0.38136371552936,42,0.348587823209107,69,0.342580118853933,42,0.328979622033944,69,0.35646422077204,42,0.342427485200658,69,0.337605145966196,42,0.323155491744849,69,0.348586539073034,42,0.329656400219544,69,0.0253830681323827,42,0.0255466324929368,69,0.0246112893021378,42,0.0246951656341531,69,0.00985682215061962,42,0.00998677048346343,69,0.00936554316356798,42,0.00917123812387689,69,0.00508871576178942,42,0.00493696759603637,69,0.00445346107865644,42,0.00425662373697422,69,0.0268857342498755,42,0.0267559790169905,69,0.026125903588894,42,0.0259965814185365
,68,0.493419790735234,43,0.398659677987162,68,0.494528257314745,43,0.400474607000477,68,0.365930484257944,43,0.336875067301598,68,0.380533315840042,43,0.350222032856542,68,0.342332155707587,43,0.329864872516453,68,0.355994581166261,43,0.343335389892212,68,0.337418697851857,43,0.324076766540498,68,0.348307330658182,43,0.330626394867551,68,0.0253986133179379,43,0.0255504670400633,68,0.0246213619525397,43,0.0246645287612093,68,0.00985685219481904,43,0.00998652879708828,68,0.00938432910804294,43,0.00916807636398577,68,0.00508326410753745,43,0.00496253848311468,68,0.00444119158516587,43,0.00424002177781171,68,0.0268971307896764,43,0.0267741650482124,68,0.0261050670426657,43,0.0260054417955323
,67,0.490062566235006,44,0.402045958527727,67,0.491240502746516,44,0.403800332671906,67,0.365166435566823,44,0.33843297068206,67,0.379730146101449,44,0.351900085589551,67,0.342071521844759,44,0.330737160207547,67,0.355576631321188,44,0.344194405840428,67,0.337206309301879,44,0.325005104924118,67,0.34800308378037,44,0.331646539677975,67,0.0254188702350576,44,0.0255243939355905,67,0.0246501652450327,44,0.0246996209239208,67,0.00986071474120115,44,0.00995591889087401,67,0.00938427332200653,44,0.00916837001773101,67,0.00507820946722013,44,0.00494726240748865,67,0.00445224955607935,44,0.00427468581284812,67,0.0269025316891411,44,0.0267621579427362,67,0.0261223889115582,44,0.0260163712516114
,66,0.486670722295128,45,0.405459988117978,66,0.487867735996496,45,0.407114293054072,66,0.364268813860735,45,0.340096938502452,66,0.378900465733775,45,0.353609778519932,66,0.341782641278148,45,0.331588586599244,66,0.355299079707844,45,0.345053035622762,66,0.336987592048255,45,0.325935082916206,66,0.347694984244104,45,0.332673746317785,66,0.0254058629967408,45,0.025525186026452,66,0.0246430800780858,45,0.0247138435579252,66,0.00988570646138301,45,0.00995201654812448,66,0.00939332794676056,45,0.00916913988791132,66,0.0050746126663249,45,0.00494428342367491,66,0.00447202982004027,45,0.00430206176320591,66,0.0269015848001586,45,0.0267524643509209,66,0.0261291676029,45,0.0260226913925979
,65,0.483327800229153,46,0.40880740994719,65,0.48459302553083,46,0.410461996894352,65,0.363395158019696,46,0.341706227121589,65,0.378111133003539,46,0.355261271099919,65,0.341489163018796,46,0.332281453053757,65,0.355057578467873,46,0.345844160329303,65,0.336794507049271,46,0.326773401126707,65,0.34739678740697,46,0.333756345400182,65,0.025405767213451,46,0.025550589369306,65,0.0246142916086714,46,0.0246693065203946,65,0.00989814108181125,46,0.00997224346461644,65,0.00941618655383654,46,0.00915065816851472,65,0.00506780253646817,46,0.00495646599921414,65,0.00446981037842999,46,0.00427165595087233,65,0.026878372534896,46,0.0267675316973013,65,0.026129140476341,46,0.0260071559241181
,64,0.480019848955021,47,0.41219193716291,64,0.48126727219297,47,0.413925329749279,64,0.362561734243047,47,0.34323577731606,64,0.377257709651361,47,0.356864853181271,64,0.34122208179913,47,0.332959145766508,64,0.354766118683565,47,0.346560965530458,64,0.336619707474835,47,0.327650006640881,64,0.347103365635587,47,0.334849772851535,64,0.0254500849635639,47,0.025517348259146,64,0.0245991548854187,47,0.0246397850307527,64,0.00992507186380908,47,0.00995596972516344,64,0.00942070834606618,47,0.00914418846470182,64,0.00507243440162012,47,0.00493428414295798,64,0.00442882079346002,47,0.00428409134130137,64,0.0269044957711649,47,0.0267453140402057,64,0.0261055431218879,47,0.0260067929912622
,63,0.476627674615164,48,0.415742797576052,63,0.477923024609039,48,0.417451699734416,63,0.361754055098882,48,0.344729491541938,63,0.376395597948906,48,0.358499163899676,63,0.340950989164234,48,0.333643756641797,63,0.354505902108799,48,0.347305858168002,63,0.336426853199127,48,0.32849913425773,63,0.346875527101557,48,0.336003329683764,63,0.0254311096876547,48,0.0254932103285084,63,0.0246232891005138,48,0.0246225889890339,63,0.00994156915692528,48,0.00994157391856182,63,0.00941582763835062,48,0.0091449391676206,63,0.00505239921176345,48,0.00495245988182481,63,0.00443330120300471,48,0.00426310127186465,63,0.0268931415846009,48,0.0267401797797177,63,0.0261033345161738,48,0.0260029197517275
,62,0.473327770707499,49,0.419392121598714,62,0.474641381978422,49,0.421215014405126,62,0.360937190783147,49,0.346201453328098,62,0.375539814000358,49,0.360027369987021,62,0.34068511193826,49,0.334346593995872,62,0.354162530446529,49,0.348093470958001,62,0.336200552459841,49,0.329364436699909,62,0.34659125249302,49,0.337169644333983,62,0.0253975476520782,49,0.0254866619407218,62,0.0246283643559037,49,0.0246434279376742,62,0.00992720271903886,49,0.00994503543783334,62,0.00941181979888545,49,0.00913696823015077,62,0.00504112586253525,49,0.0049789439781663,62,0.00444478210990428,49,0.00428689930389638,62,0.0268677955163964,49,0.0267526334117087,62,0.0261087790464843,49,0.0260217520871209
,61,0.470111708177362,50,0.423090408450691,61,0.471344786892978,50,0.424831117836358,61,0.360149667533758,50,0.347573731140475,61,0.374625420831672,50,0.361471761217594,61,0.340382782439421,50,0.335015461095283,61,0.353774025372371,50,0.348806349680762,61,0.335911668594335,50,0.330210594057053,61,0.346240739809598,50,0.338323947613211,61,0.0254415044148058,50,0.0254989602365786,61,0.0246449798236503,50,0.0246502303949003,61,0.00993355380023377,50,0.00995616230840282,61,0.00943418005930402,50,0.0091327683584555,61,0.00507351641626843,50,0.00499104173042559,61,0.00446147989290376,50,0.00430009163559836,61,0.0268842211581129,50,0.0267583993790474,61,0.0261118043447894,50,0.0260289962220516
,60,0.466741899234148,51,0.426896695807547,60,0.468012136904914,51,0.428647667795708,60,0.359356331244292,51,0.348852103619233,60,0.373727877000987,51,0.362897111631183,60,0.340037442192244,51,0.335662111045662,60,0.353363408071434,51,0.349516530090358,60,0.335522124061164,51,0.331028805117372,60,0.345888298717679,51,0.339479324885327,60,0.0254678422037269,51,0.0254898794511645,60,0.0246344391615548,51,0.0246705767885975,60,0.00997088278077551,51,0.00994476196279756,60,0.00942654571067714,51,0.00915720664735542,60,0.0050954927235144,51,0.00498803424334809,60,0.00443727074716714,51,0.00432262553867575,60,0.0269058502794302,51,0.0267509126768519,60,0.0260927722304376,51,0.0260496005341141
,59,0.463405973323348,52,0.430671633897638,59,0.464618353842639,52,0.432364550657508,59,0.358520058577497,52,0.350171631496414,59,0.37281511335572,52,0.364282087461501,59,0.339650676450341,52,0.336313834280033,59,0.35293371845588,52,0.350292335030285,59,0.335141751602406,52,0.33190203287239,59,0.345483318314563,52,0.340685933424674,59,0.0254692892392576,52,0.0254645933856216,59,0.0246241278213661,52,0.0246745325190813,59,0.00997286563836419,52,0.00992721445806507,59,0.00944010473470417,52,0.00914574143161783,59,0.00507808597953109,52,0.00496332468868351,59,0.00441257262784915,52,0.00431351868506507,59,0.0269082974602595,52,0.0267368278028233,59,0.0260990371581387,52,0.0260354233443993
,58,0.460083612740479,53,0.434596402965846,58,0.461353689409163,53,0.436009357219562,58,0.357624382987335,53,0.351446617643453,58,0.371851536083167,53,0.365600313788953,58,0.33926003508056,53,0.336950181694827,58,0.352544379517387,53,0.351050360125987,58,0.334743099924768,53,0.332750005387188,58,0.345080724608055,53,0.341875916071125,58,0.0254629798606553,53,0.0254595314520148,58,0.0246572301975814,53,0.0246331051602906,58,0.00995872409413878,53,0.00992583612103307,58,0.00942540898161248,53,0.00912432088556832,58,0.00505135830876175,53,0.00497258301983741,58,0.00443036279200941,53,0.00431131628058262,58,0.0268933197894398,53,0.0267439415017609,58,0.0261006212201349,53,0.0260056192470322
,57,0.456524452327332,54,0.438418512490651,57,0.458102449524609,54,0.439944234163321,57,0.35663591104248,54,0.352623179651358,57,0.370844951469483,54,0.366933849264332,57,0.339175344457165,54,0.337605501330193,57,0.352116910487869,54,0.351801256856603,57,0.334359381039935,54,0.333578875931495,57,0.34465248328131,54,0.343060266971801,57,0.0254293272007177,54,0.0254830067746257,57,0.0246776743091686,54,0.0246112690628887,57,0.00994727105815149,54,0.0099265581321418,57,0.00937307168172687,54,0.00911063045192578,57,0.00503920174129606,54,0.00500581739360074,57,0.0044139593863847,54,0.00429316764497346,57,0.0268818345169057,54,0.0267750629271965,57,0.0260992450623697,54,0.0259967142901136
,56,0.453197436676757,55,0.442293967661643,56,0.454492197312881,55,0.443717439986698,56,0.355688448643337,55,0.353804723436383,56,0.369839760430826,55,0.368171699189782,56,0.339265357701843,55,0.338254666314234,56,0.351619390997537,55,0.352522380647746,56,0.334030961928129,55,0.334368490041449,56,0.344109900210349,55,0.344117678224852,56,0.0255000056522054,55,0.025478643329135,56,0.0246639032831875,55,0.0246056592163429,56,0.00991915255216179,55,0.00991060761793948,56,0.00929757109219463,55,0.00912081845933799,56,0.00507407967759788,55,0.00501643845807749,56,0.00442262818719051,55,0.00428259645851175,56,0.0268733108386389,55,0.0267882752151072,56,0.026086439074612,55,0.0259945601488976
,55,0.449713451778516,56,0.446179470141587,55,0.45115897948385,56,0.447443229867296,55,0.354670207082818,56,0.355061559765104,55,0.368772053558608,56,0.369392500945487,55,0.338743211616676,56,0.338900265915999,55,0.351111124829334,56,0.353235567901602,55,0.333680037635776,56,0.33512295792785,55,0.34359408823629,56,0.345155110824526,55,0.0254674787108864,56,0.025471588273251,55,0.0246973082894422,56,0.0245931518794462,55,0.00991703499275726,56,0.00987840093705181,55,0.00924063056897123,56,0.00910155428937631,55,0.00503980244261912,56,0.00501949765850993,55,0.00442778766303257,56,0.00430888230694447,55,0.0268410443803157,56,0.0267873719576243,55,0.0260851877086876,56,0.026001670181345
,54,0.446172372432892,57,0.44992177747329,54,0.447682665775396,57,0.451278251948665,54,0.353667814730503,57,0.356271964506934,54,0.367734333100366,57,0.370578302727345,54,0.338163152214512,57,0.339509397169001,54,0.350665717223025,57,0.35389010409306,54,0.333266967955903,57,0.33581279091338,54,0.343000332380194,57,0.346088328762739,54,0.0254541602030568,57,0.0254430450766952,54,0.024709375061475,57,0.0245992016561209,54,0.00990020263373544,57,0.00986522874343548,54,0.00920154224875284,57,0.00907280472315254,54,0.00502788275870358,57,0.00503840046795247,54,0.0044294674751784,57,0.00432087181107948,54,0.0268371981081443,57,0.0267860918770173,54,0.0260804246354601,57,0.0260308391789224
,53,0.442603694726844,58,0.453694435354784,53,0.444043119991116,58,0.455044470676556,53,0.352665537809621,58,0.357225283555055,53,0.36662529253639,58,0.371722888488875,53,0.337613099487867,58,0.340060632948346,53,0.350131689875177,58,0.354463820362181,53,0.332854931305916,58,0.336427892553589,53,0.342407332349114,58,0.34689054154506,53,0.0254773257034582,58,0.0254079199838168,53,0.0247044662959064,58,0.0245931922723554,53,0.00988987142049066,58,0.00985084333290848,53,0.00918950254535149,58,0.00906138794246871,53,0.00502401190699843,58,0.00504281042379231,53,0.00443164656896558,58,0.00432172975651282,53,0.0268303515572162,58,0.0267785652660762,53,0.0260728294469783,58,0.0260289577302683
,52,0.439010597014989,59,0.457763368684424,52,0.440301904152973,59,0.458817113482441,52,0.351635629676368,59,0.358321313320619,52,0.365531364931002,59,0.372885642344054,52,0.337085110613113,59,0.340631150119643,52,0.349610134446027,59,0.354996341265138,52,0.332429556752417,59,0.337054216515727,52,0.3417484531431,59,0.347560080051306,52,0.0254950849164396,59,0.025377140109401,52,0.0247074115036165,59,0.024526543240959,52,0.00989964223161752,59,0.00985997732840459,52,0.00918776301484893,59,0.00908308924481509,52,0.00503662939821168,59,0.00503486971526947,52,0.00440955264440545,59,0.00428515158601503,52,0.0268195426466879,59,0.0267682258640799,52,0.0260526474620408,59,0.0259839947017355
,51,0.435314796127741,60,0.461505470866138,51,0.436774105430526,60,0.462483511907874,51,0.35056476663925,60,0.359438312769976,51,0.364416134760133,60,0.374011586015718,51,0.336504183142754,60,0.341196507844437,51,0.349080171260812,60,0.35550554313176,51,0.331939840300631,60,0.33764282165258,51,0.341014552903384,60,0.348141999966423,51,0.0255544920315662,60,0.0253210146939856,51,0.0247431530118917,60,0.0244809832180775,51,0.00992332860605235,60,0.00986423922016631,51,0.00917381474061099,60,0.00911786096982348,51,0.00504149554423514,60,0.00501076064210697,51,0.00442378861807696,60,0.00428372414497825,51,0.0268140599078355,60,0.0267638920388212,51,0.0260562247139143,60,0.0259892739051587
,50,0.431558801261712,61,0.465020897556699,50,0.433105322116141,61,0.466095864955248,50,0.349461001540784,61,0.360506942765293,50,0.363339264895711,61,0.375134761717153,50,0.33592430695922,61,0.341685762768671,50,0.348559730932728,61,0.355980620474369,50,0.331465662191301,61,0.338146172190903,50,0.340288927328064,61,0.34862157072455,50,0.0255409582768253,61,0.0253100010401027,50,0.0247186066449888,61,0.0244969519195419,50,0.0099421143755353,61,0.00990668873031767,50,0.00916771678570376,61,0.00919037874894027,50,0.00503491788471613,61,0.0050100256684718,50,0.00439480619745583,61,0.00432744978765209,50,0.0268142022547745,61,0.0267857739827103,50,0.0260252134057933,61,0.0260385540426241
,49,0.428031084098894,62,0.468676307428892,49,0.429379560044014,62,0.469804421635037,49,0.348370130254385,62,0.361655431432074,49,0.362748337882035,62,0.376261036352582,49,0.335406952967177,62,0.342198008630848,49,0.34792444096691,62,0.356451043223868,49,0.330968131241197,62,0.338579262161342,49,0.33939933541481,62,0.349012058223584,49,0.025600113388412,62,0.0253117842543704,49,0.0247433835531176,62,0.0244748737291927,49,0.0099667291099033,62,0.0100393799114794,49,0.00915576323006613,62,0.00931922341571714,49,0.00504228348598423,62,0.00503191921327911,49,0.00442899785451918,62,0.00433264656757901,49,0.026818459698492,62,0.0268047728925848,49,0.0260657161588671,62,0.0260599005855511
,48,0.424458799062239,63,0.472254594830356,48,0.425779746964599,63,0.473374017848227,48,0.347099657260719,63,0.362886812834153,48,0.361271249993743,63,0.377351523453808,48,0.334765788666924,63,0.342674461465137,48,0.347383493377031,63,0.356873716942443,48,0.330421684583614,63,0.338910212222578,48,0.338592667099734,63,0.349341282217511,48,0.0255739234596005,63,0.0253131835514696,48,0.0247830254492522,63,0.024442948261212,48,0.00995540042565902,63,0.010245294643464,48,0.00918744722835413,63,0.00947572301804892,48,0.00500192446644738,63,0.00505656892946105,48,0.00442241804687057,63,0.00429578548781133,48,0.0267987488049484,63,0.0268135875472502,48,0.0260710430383497,63,0.0260334579921123
,47,0.42077059732243,64,0.475698870078398,47,0.422135543547108,64,0.476795174938505,47,0.345862782690425,64,0.364041656715842,47,0.359640313182733,64,0.378340701744327,47,0.33420678794045,64,0.343215521018607,47,0.346750450027169,64,0.357243340512007,47,0.329810098776727,64,0.339231285587007,47,0.337616938419768,64,0.34961459614296,47,0.0255596113668583,64,0.0253033876191737,47,0.0247793633990176,64,0.0244359714986068,47,0.00996063561731434,64,0.0103896898791021,47,0.00921366290384303,64,0.00958513681419491,47,0.00502647366333533,64,0.0050736471470675,47,0.00441565039222411,64,0.00428506073629084,47,0.0268143429820247,64,0.0268111118888868,47,0.0260633216336457,64,0.0260169116481957
,46,0.417237022824382,65,0.479195821692294,46,0.418629625674843,65,0.480118144113483,46,0.344510765531564,65,0.36505540809234,46,0.358277932437159,65,0.3792518372386,46,0.333595909702829,65,0.343802586660451,46,0.346148619795182,65,0.35763737031204,46,0.329162979965137,65,0.339511060601792,46,0.336681457270881,65,0.349913655207481,46,0.0255805240093527,65,0.0252776218686274,46,0.0247699406829169,65,0.0244397457476794,46,0.00997263589418331,65,0.0104095544413778,46,0.00920519574698912,65,0.0095909955399856,46,0.00502396062166988,65,0.00505825027389066,46,0.00441756241654647,65,0.00430887429023593,46,0.0268024558802283,65,0.0268118841478108,46,0.0260670437114114,65,0.0260291794877523
,45,0.413608176369029,66,0.482637973039339,45,0.415215831377935,66,0.48366793812649,45,0.343167594876868,66,0.366025193668053,45,0.356946166981241,66,0.380205497951922,45,0.33297888230098,66,0.34439770438737,45,0.345554586173155,66,0.358102400782695,45,0.328484657117912,66,0.339764605855408,45,0.335715457317096,66,0.350256799898149,45,0.0255929415438752,66,0.0252684083570233,45,0.0247861580019132,66,0.0244451602216169,45,0.00998279245066383,66,0.0103919930099845,45,0.00920263956568667,66,0.00958061283594299,45,0.00501341293292088,66,0.00504129155598112,45,0.00440298255919111,66,0.00432649296249588,45,0.0267835186685347,66,0.0267931293983109,45,0.0260429585801822,66,0.0260419983455915
,44,0.410164651950292,67,0.486022338986398,44,0.411895044260771,67,0.487080278243127,44,0.341696705358905,67,0.366935723932342,44,0.35549740713827,67,0.381121428062509,44,0.332319029003755,67,0.34502384212504,44,0.344899456416558,67,0.358552036542024,44,0.327747140871137,67,0.340012595359683,44,0.334761517936454,67,0.350579398198305,44,0.0255748201422158,67,0.0252805731545589,44,0.0247763193790944,67,0.0244574214495238,44,0.00999617351293362,67,0.0103985756458837,44,0.00919996806420793,67,0.00957672942765975,44,0.00501223216029825,67,0.00506015885795271,44,0.00438784426952774,67,0.0043466754452983,44,0.0267840179382747,67,0.0267822438776745,44,0.0260347307308198,67,0.026076244886298
,43,0.406752647891066,68,0.489449356398732,43,0.408496336462125,68,0.490695601119967,43,0.340191429092855,68,0.36786011944967,43,0.353925881653939,68,0.382100517455471,43,0.331618043791585,68,0.34565164625727,43,0.344144629931943,68,0.359050339641795,43,0.326941076868102,68,0.340246922489404,43,0.333714263986649,68,0.350921519286504,43,0.0256095056569443,68,0.0253021688263083,43,0.0247762108272711,68,0.0244746816750649,43,0.0100002466433403,68,0.010405731076637,43,0.00921956878014865,68,0.00957568068200496,43,0.00501558888280541,68,0.00510200654055917,43,0.00438127663903323,68,0.0043692207056069,43,0.026796810845051,68,0.0267962776792834,43,0.026049841192421,68,0.0260732855192859
,42,0.403484523861469,69,0.493063413403971,42,0.405169461466437,69,0.494566280918182,42,0.338665052864973,69,0.368824550480893,42,0.352319528598791,69,0.383088206026298,42,0.330887794076723,69,0.346229255038241,42,0.343370156107843,69,0.359569560170938,42,0.326111908158371,69,0.340487820419983,42,0.332704183401733,69,0.351270442339859,42,0.0256307680471625,69,0.02528141099816,42,0.024775899555091,69,0.0244641340251519,42,0.0100082158713543,69,0.0103918963426443,42,0.00923562284294046,69,0.00957939325051086,42,0.00502149698475434,69,0.00511815734180643,42,0.00437032546839371,69,0.0043586258530033,42,0.0268071902987636,69,0.0268143627965516,42,0.026036380505268,69,0.0260571735244019
,41,0.400216566408383,70,0.496575251467463,41,0.40192511065314,70,0.497965048255916,41,0.337079916953448,70,0.369774086967859,41,0.350713215993921,70,0.384038045501578,41,0.330096859977998,70,0.346691239261611,41,0.34254115436257,70,0.360123584620722,41,0.325248486801647,70,0.340696251298086,41,0.331684896940046,70,0.351581877594855,41,0.0256122387873961,70,0.0252746840289469,41,0.0247637771658783,70,0.0244204488805642,41,0.010025378190012,70,0.0103793063909003,41,0.00922775921993607,70,0.00956093881976342,41,0.00499856685094135,70,0.00511057487524529,41,0.0043509079710339,70,0.00432990790138127,41,0.0268079297893405,70,0.0268216325283546,41,0.026015032882812,70,0.0260288996338153
,40,0.396954563320853,71,0.500100716172913,40,0.398650501931462,71,0.501725361962267,40,0.335558225124746,71,0.370704775254454,40,0.34909878769017,71,0.385027232062221,40,0.329268208042011,71,0.347035441343754,40,0.341674526360421,71,0.360707342282226,40,0.324337377919834,71,0.340934196388066,40,0.330692724043244,71,0.351878573116758,40,0.025599965145034,71,0.0252763351160624,40,0.0247707937132475,71,0.0244388325942238,40,0.0100230844651104,71,0.0103872618461312,40,0.00925681270919666,71,0.00954434292292108,40,0.00497666710867579,71,0.00509950573123433,40,0.00436354686510025,71,0.00436346943880956,40,0.0267886496619413,71,0.0268211512633975,40,0.0260480055528656,71,0.0260480910377053
,39,0.393951874269665,72,0.503615507938681,39,0.395623727771247,72,0.505545148176169,39,0.333973783542834,72,0.371643872270713,39,0.347530761211117,72,0.386078335726601,39,0.328371547090267,72,0.347331096883042,39,0.340762638001149,72,0.361233140680014,39,0.32340614220113,72,0.341245919979206,39,0.329766032516848,72,0.352181467220982,39,0.0256027862603009,72,0.0252852280500519,39,0.0247955988550009,72,0.0245059875528345,39,0.0100199696101316,72,0.0104104972970764,39,0.00926982619225556,72,0.00955414924473225,39,0.00498980921886762,72,0.0051156246094941,39,0.00436810283961879,72,0.00440602694406136,39,0.0267867314981386,72,0.0268400197591792,39,0.0260738367751506,72,0.0260888882612495
,38,0.390856792027404,73,0.507049434440847,38,0.392638923686382,73,0.509337665267386,38,0.332486459436221,73,0.372551273586456,38,0.345930732104936,73,0.387218142993644,38,0.32743383768816,73,0.347573282369888,38,0.3397706887104,73,0.361691043598489,38,0.32245744804647,73,0.341566402451342,38,0.328821120037642,73,0.352567477583109,38,0.0256373650033193,73,0.025280364694804,38,0.0247936147486827,73,0.0245070639183405,38,0.0100468523467163,73,0.0104266992426173,38,0.00927366830647432,73,0.00956548937324201,38,0.00500457370996708,73,0.00511019989526924,38,0.00435404039784953,73,0.00441313199531842,38,0.0268068327165423,73,0.0268371771136369,38,0.0260525059504827,73,0.0260822179586319
,37,0.387809004073596,74,0.510459977262399,37,0.389581672673637,74,0.513087996539362,37,0.33100872924972,74,0.373429555242308,37,0.344433739784864,74,0.388377206803801,37,0.326399081813041,74,0.347843861106809,37,0.338724430825866,74,0.362008520263304,37,0.321468987269279,74,0.341864968051707,37,0.327890782726883,74,0.35299812479587,37,0.0256309659779234,74,0.0252994321598216,37,0.0247897954635868,74,0.0244592486156307,37,0.0100506662389288,74,0.0104215628999908,37,0.00926845889194037,74,0.00958162233240137,37,0.00501878319259953,74,0.00512261527766321,37,0.00435221884133644,74,0.00438450197635774,37,0.0267910910166364,74,0.0268345972357964,37,0.0260122738494665,74,0.0260527849627353
,36,0.384841846466045,75,0.514030212843244,36,0.38648091833331,75,0.516912478760072,36,0.329598814995391,75,0.374369907156059,36,0.342892755593665,75,0.389501501393033,36,0.325263888621276,75,0.348183441039259,36,0.337520279069601,75,0.36226234103259,36,0.320522764672283,75,0.342213905559507,36,0.326965743419752,75,0.353456602480286,36,0.0256331711076855,75,0.0253115583785485,36,0.0248112051358138,75,0.0244345053264688,36,0.0100519154941866,75,0.0104058480864835,36,0.00925263097722076,75,0.00958218147574799,36,0.00499488783033274,75,0.00515558812303577,36,0.00435268371959897,75,0.00439307763583598,36,0.0267695573682043,75,0.0268327798276623,36,0.026049686220138,75,0.0260379613920844
,35,0.38194484618255,76,0.517422737391567,35,0.383494738247666,76,0.520737789999208,35,0.32819983667558,76,0.375358073104955,35,0.341501024101926,76,0.39052361615297,35,0.324069790450531,76,0.348493169465749,35,0.33635352934306,76,0.362559434118031,35,0.319571664235378,76,0.342592095586798,35,0.326035921550169,76,0.353895148830914,35,0.0255964002446911,76,0.0252961655957935,35,0.0248044802161543,76,0.024469905404947,35,0.0100504027309742,76,0.0103882390681098,35,0.0092866003706229,76,0.00957194093755726,35,0.00496622219451936,76,0.00515468223171869,35,0.00434080526550385,76,0.004430185200452,35,0.0267622052310021,76,0.0268141104018856,35,0.0260423637794138,76,0.0260707072253198
,34,0.379016926132759,77,0.520636569210705,34,0.380771275942676,77,0.52465652311943,34,0.326846831015768,77,0.376293624968275,34,0.34008712048433,77,0.391521185120402,34,0.322950081524978,77,0.348865093203308,34,0.335178987459751,77,0.362931607611775,34,0.318679801571872,77,0.342959897035244,34,0.325200787272365,77,0.354267045338442,34,0.0256007561956661,77,0.0252836757217751,34,0.0247710933947949,77,0.0245133786710126,34,0.0100431638953721,77,0.0103673046491846,34,0.00926783741181642,77,0.00957976161543813,34,0.0049814440408642,77,0.00514294018405013,34,0.00431386031570245,77,0.00446775770572359,34,0.0267622963138799,77,0.0268161927448455,34,0.0260071733826804,77,0.0260990240817903
,33,0.376182560801125,78,0.524187069653879,33,0.377868352980715,78,0.527486030809319,33,0.325479786903415,78,0.377392453406998,33,0.338675012064956,78,0.392480448631913,33,0.321750832147845,78,0.349436632573929,33,0.333925742649917,78,0.363453438939534,33,0.31781268292299,78,0.343322795977522,33,0.324331170459125,78,0.354605774173983,33,0.0256253194663012,78,0.0252806523885229,33,0.0247550195487978,78,0.0244765945900815,33,0.0100571991162693,78,0.0103761769582227,33,0.00928152073219385,78,0.00956823935781303,33,0.00497407624209052,78,0.00515304491774786,33,0.00430026199889084,78,0.0044384442157692,33,0.0267746614535154,78,0.0268342937459756,33,0.0260001408077048,78,0.0260773372572459
,32,0.373422294134818,79,0.527702203082142,32,0.375024641132678,79,0.529780814714136,32,0.324182377749703,79,0.378502553785062,32,0.337273749004911,79,0.39345121096362,32,0.320620775697027,79,0.350113100496993,32,0.332734502668534,79,0.364162392910055,32,0.316983806188685,79,0.343639554897762,32,0.32347111001385,79,0.354970160367854,32,0.0256732776244645,79,0.0252997097023224,32,0.0247813033875084,79,0.0244507039609829,32,0.0100657216246133,79,0.0103939826438043,32,0.0092583499060784,79,0.009548762221766,32,0.00499301218815681,79,0.00519008727952672,32,0.00431594317865031,79,0.00441812184929978,32,0.0267948548340152,79,0.0268593538123038,32,0.026035435778039,79,0.0260668302273044
,31,0.370689113993944,80,0.531171196823708,31,0.372324443646707,80,0.533280197976564,31,0.322831915045694,80,0.379509106616038,31,0.335868683489419,80,0.394481885513919,31,0.319461087908597,80,0.35099313082357,31,0.331568588505007,80,0.364928851730989,31,0.316120179970137,80,0.343941591004813,31,0.32260929093781,80,0.355308369622519,31,0.0256853826305984,80,0.0252982300926517,31,0.0248173022514469,80,0.0244494756558186,31,0.0100690459631779,80,0.0103834745585715,31,0.00929095709930354,80,0.00955953179490158,31,0.00500804445002201,80,0.00517725582564635,31,0.00434153434618363,80,0.00442930660882806,31,0.0268082753508142,80,0.0268561369796213,31,0.0260338983442091,80,0.0260842519091314
,30,0.367805860146256,81,0.534608578044706,30,0.369509654268861,81,0.537140924603267,30,0.321474378379476,81,0.380499204393288,30,0.334451370196448,81,0.395582327896287,30,0.318310659540392,81,0.352586884950312,30,0.330402617935518,81,0.365493919876597,30,0.315327906669871,81,0.344194769548183,30,0.321668438025013,81,0.355584779970127,30,0.0256667270046348,81,0.0252851130171444,30,0.0247828370621605,81,0.0244503941036707,30,0.0100741350036682,81,0.0103866189857071,30,0.00928896433285351,81,0.00957463616742738,30,0.00500005962702104,81,0.00516876039334441,30,0.00430405333670195,81,0.00445966454655545,30,0.0268145763594725,81,0.0268362146956449,30,0.026009827401391,81,0.0260995658278498
,29,0.36506818014144,82,0.538077681835782,29,0.366744365842555,82,0.540203561716533,29,0.320090089936265,82,0.381633577082898,29,0.332969422920349,82,0.396622159403734,29,0.317230663347523,82,0.353941565212469,29,0.329251488995687,82,0.365795974838671,29,0.314502936411577,82,0.344539852209092,29,0.320725349058366,82,0.355794566271725,29,0.0256415678199375,82,0.0252863359368673,29,0.0247825668876828,82,0.0244359582979055,29,0.0100873315421874,82,0.0103830761844999,29,0.00929887891790931,82,0.00955602093944427,29,0.00498397721617371,82,0.00518711476221465,29,0.00428125821412249,82,0.00446490045901915,29,0.0267930155560554,82,0.0268541058368155,29,0.0260371742141333,82,0.026106691858245
,28,0.362294132905138,83,0.541871858057542,28,0.364122897111823,83,0.543095117633809,28,0.318637666497552,83,0.382995145415042,28,0.331644725293883,83,0.397738088230503,28,0.316186323512232,83,0.354288613693998,28,0.328391083122832,83,0.365923417829949,28,0.313733896518263,83,0.344926378970851,28,0.319961843718421,83,0.355971530086573,28,0.0256567346357579,83,0.0252670754301181,28,0.0247748118035086,83,0.0244590599582283,28,0.0101070361445802,83,0.0103631586252364,28,0.00929772056418815,83,0.0095200665357527,28,0.00498687240405716,83,0.00519726242862355,28,0.00426755056682904,83,0.00447403781140939,28,0.026781704145678,83,0.0268575632460195,28,0.026031441771001,83,0.0261177005965717
,27,0.359866650427211,84,0.545691614604715,27,0.361722998760759,84,0.546314576306077,27,0.31741590572621,84,0.384178030312413,27,0.330335690812322,84,0.399193175402821,27,0.315389085951314,84,0.354375660859228,27,0.327498287403565,84,0.366152190388534,27,0.313067720514443,84,0.345023378295437,27,0.319024312896512,84,0.356207954663878,27,0.0256651565681682,84,0.025216743486227,27,0.0247407222501639,84,0.024427553797269,27,0.010099873101687,84,0.0102929240705118,27,0.00927665596084196,84,0.00950085650541372,27,0.00499354984088548,84,0.00517031565131469,27,0.00426072582781944,84,0.00446629380128663,27,0.0267803811734865,84,0.0268185677509543,27,0.0259801776612057,84,0.0260856667005465
,26,0.357207323389152,85,0.549732303301882,26,0.359142547492719,85,0.549647707066056,26,0.316023116867803,85,0.385179631197477,26,0.328883914868782,85,0.400556698131947,26,0.314527650311332,85,0.354449543739658,26,0.326532867725104,85,0.366930093270419,26,0.312322087141456,85,0.345227045403393,26,0.318072358767063,85,0.356490962311959,26,0.0256396272830699,85,0.025129258399722,26,0.0247656420251349,85,0.0244144512439272,26,0.0100877412417711,85,0.0101843125462075,26,0.00928406000853479,85,0.00948592034938027,26,0.00498408861262285,85,0.00507797743156146,26,0.00427255614690345,85,0.00444387969156997,26,0.0267852697180137,85,0.0267185781227835,26,0.0259825601917136,85,0.0260711960247531
,25,0.354640245026982,86,0.446518081342243,25,0.35638726980463,86,0.55305964785351,25,0.314556602899006,86,0.261566551457206,25,0.327285860146952,86,0.401503267696823,25,0.313636905486225,86,0.229853301414502,25,0.325528863513023,86,0.368004847351361,25,0.311530103544492,86,0.218743551016509,25,0.316947668789004,86,0.356962493369402,25,0.0256243841874649,86,-0.0701349878987024,25,0.0247852765097263,86,0.0243811069515047,25,0.010100830542843,86,-0.101009128893405,25,0.00930321282541555,86,0.0094663705214923,25,0.00497573956152029,86,-0.10613175029613,25,0.00429040641608754,86,0.00442103018418832,25,0.0267839412848412,86,-0.0864343177881095,25,0.0260046381478733,86,0.0260566449843127
,24,0.351764099460531,87,0.344710258030314,24,0.35343396247653,87,0.556669974302767,24,0.312916507046706,87,0.174208837627804,24,0.32562473731956,87,0.40249219571635,24,0.312672882312117,87,0.141818378769582,24,0.324546864400689,87,0.368648885872341,24,0.310688167391174,87,0.132295159640867,24,0.315786951699903,87,0.357749120006927,24,0.0256392520895801,87,-0.167010865333382,24,0.0247829701687275,87,0.0243962672545986,24,0.0100904149285237,87,-0.182087418471653,24,0.00931922670701435,87,0.00944975299315295,24,0.00496489420183852,87,-0.187142190620323,24,0.00427343605841813,87,0.00445804935560413,24,0.0267535713810695,87,-0.165884206058174,24,0.0259976351435393,87,0.0260698527407838
,23,0.34894930156935,88,0.34634504605583,23,0.350735801118726,88,0.56053838425686,23,0.3114199992794,88,0.172783238969015,23,0.324071757041348,88,0.403754654613708,23,0.311765386471144,88,0.13977072748393,23,0.323650118072099,88,0.368937381753921,23,0.309865494984473,88,0.130637017260366,23,0.314726399838841,88,0.358547654939933,23,0.0256185755655632,88,-0.168705050675489,23,0.0247959225121587,88,0.0243939093805163,23,0.0100648421270891,88,-0.183713487253358,23,0.00931759342632128,88,0.00943602099678658,23,0.00493357021744746,88,-0.188683905850662,23,0.00426554815376879,88,0.00446249989916817,23,0.0267623645073016,88,-0.167043500397846,23,0.0260019042451536,88,0.0261025430760738
,22,0.346487054383597,89,0.355220243570711,22,0.34822170904296,89,0.564353702510636,22,0.309969658727332,89,0.178444004604877,22,0.322570014431405,89,0.405056485808767,22,0.310967059351355,89,0.145320341273432,22,0.322752312120822,89,0.369748130346305,22,0.309061789755911,89,0.135821021579237,22,0.31363161675523,89,0.358922696688527,22,0.0256106296912944,89,-0.165347204291966,22,0.0247919279161067,89,0.0243944903695199,22,0.0100710385224878,89,-0.180412103935963,22,0.00933046599830472,89,0.00941256067875151,22,0.00495736136709441,89,-0.185384758844117,22,0.00427402749898594,89,0.00445992637716765,22,0.0267615285750117,89,-0.163602496860317,22,0.026036555755443,89,0.0261147924351761
,21.2999992370605,0.344946248002721,89.6999969482422,0.36325317986964,21.2999992370605,0.34656854423152,89.6999969482422,0.566990220936757,21.2999992370605,0.309006463173027,89.6999969482422,0.184395523898287,21.2999992370605,0.321527623925107,89.6999969482422,0.405833266525436,21.2999992370605,0.310467630832246,89.6999969482422,0.151397100670557,21.2999992370605,0.322171465001153,89.6999969482422,0.370629589132413,21.2999992370605,0.308534666410544,89.6999969482422,0.141535004954671,21.2999992370605,0.312870974445779,89.6999969482422,0.359088538568529,21.2999992370605,0.0256203062589525,89.6999969482422,-0.161395883464076,21.2999992370605,0.0247767031872972,89.6999969482422,0.0244130269015313,21.2999992370605,0.0100762147158808,89.6999969482422,-0.176297282166175,21.2999992370605,0.00931424267851514,89.6999969482422,0.00939058766433648,21.2999992370605,0.00498078108226499,89.6999969482422,-0.181255045315371,21.2999992370605,0.00427055301960957,89.6999969482422,0.00447968026828012,21.2999992370605,0.0267714492811726,89.6999969482422,-0.159078424871221,21.2999992370605,0.0260157573111128,89.6999969482422,0.0261152736952966
