CSV Report,2023-11-15_RNA_melting_MgCl2_KCl.csv
Worksheet Type,Thermal

METHOD
X mode,nm
Y mode,Abs
Collect mode,Wavelength
Wavelengths (nm),260.00,400.00
Averaging Time (s),.1
Spectral Bandwidth (nm),2
Detector module,Multicell Peltier UV-Vis
Zero,Off
Experiment Zones,1

Temperature Collection
Start (°C),90.0
Return (°C),21.0

Derivative
Lower limit (°C),-5
Upper limit (°C),110

Number of stages,4
Stage,Collect data,Data Interval (°C),Rate (°C/min),End (°C),Hold (min)
Stage 1,Yes,1.0,1.0,21.0,2.00
Stage 2,Yes,1.0,1.0,90.0,2.00
Stage 3,Yes,1.0,1.0,21.0,2.00
Stage 4,Yes,1.0,1.0,90.0,0.00

SAMPLES
Name,500 mM MgCl2_260.00nm_90.0-21.0C,,500 mM MgCl2_260.00nm_21.0-90.0C,,500 mM MgCl2_260.00nm_90.0-21.0C_R1,,500 mM MgCl2_260.00nm_21.0-90.0C_R1,,50 mM MgCl2_260.00nm_90.0-21.0C,,50 mM MgCl2_260.00nm_21.0-90.0C,,50 mM MgCl2_260.00nm_90.0-21.0C_R1,,50 mM MgCl2_260.00nm_21.0-90.0C_R1,,25 mM MgCl2_260.00nm_90.0-21.0C,,25 mM MgCl2_260.00nm_21.0-90.0C,,25 mM MgCl2_260.00nm_90.0-21.0C_R1,,25 mM MgCl2_260.00nm_21.0-90.0C_R1,,10 mM MgCl2_260.00nm_90.0-21.0C,,10 mM MgCl2_260.00nm_21.0-90.0C,,10 mM MgCl2_260.00nm_90.0-21.0C_R1,,10 mM MgCl2_260.00nm_21.0-90.0C_R1,,500 mM MgCl2_400.00nm_90.0-21.0C,,500 mM MgCl2_400.00nm_21.0-90.0C,,500 mM MgCl2_400.00nm_90.0-21.0C_R1,,500 mM MgCl2_400.00nm_21.0-90.0C_R1,,50 mM MgCl2_400.00nm_90.0-21.0C,,50 mM MgCl2_400.00nm_21.0-90.0C,,50 mM MgCl2_400.00nm_90.0-21.0C_R1,,50 mM MgCl2_400.00nm_21.0-90.0C_R1,,25 mM MgCl2_400.00nm_90.0-21.0C,,25 mM MgCl2_400.00nm_21.0-90.0C,,25 mM MgCl2_400.00nm_90.0-21.0C_R1,,25 mM MgCl2_400.00nm_21.0-90.0C_R1,,10 mM MgCl2_400.00nm_90.0-21.0C,,10 mM MgCl2_400.00nm_21.0-90.0C,,10 mM MgCl2_400.00nm_90.0-21.0C_R1,,10 mM MgCl2_400.00nm_21.0-90.0C_R1,
Collection Time,2023-11-15 09:58:19 (+01:00),,2023-11-15 09:58:19 (+01:00),,2023-11-15 09:58:19 (+01:00),,2023-11-15 09:58:19 (+01:00),,2023-11-15 09:58:19 (+01:00),,2023-11-15 09:58:19 (+01:00),,2023-11-15 09:58:19 (+01:00),,2023-11-15 09:58:19 (+01:00),,2023-11-15 09:58:19 (+01:00),,2023-11-15 09:58:19 (+01:00),,2023-11-15 09:58:19 (+01:00),,2023-11-15 09:58:19 (+01:00),,2023-11-15 09:58:19 (+01:00),,2023-11-15 09:58:19 (+01:00),,2023-11-15 09:58:19 (+01:00),,2023-11-15 09:58:19 (+01:00),,2023-11-15 09:58:19 (+01:00),,2023-11-15 09:58:19 (+01:00),,2023-11-15 09:58:19 (+01:00),,2023-11-15 09:58:19 (+01:00),,2023-11-15 09:58:19 (+01:00),,2023-11-15 09:58:19 (+01:00),,2023-11-15 09:58:19 (+01:00),,2023-11-15 09:58:19 (+01:00),,2023-11-15 09:58:19 (+01:00),,2023-11-15 09:58:19 (+01:00),,2023-11-15 09:58:19 (+01:00),,2023-11-15 09:58:19 (+01:00),,2023-11-15 09:58:19 (+01:00),,2023-11-15 09:58:19 (+01:00),,2023-11-15 09:58:20 (+01:00),,2023-11-15 09:58:20 (+01:00),
Cell Number,Cell 4,,Cell 4,,Cell 4,,Cell 4,,Cell 5,,Cell 5,,Cell 5,,Cell 5,,Cell 6,,Cell 6,,Cell 6,,Cell 6,,Cell 7,,Cell 7,,Cell 7,,Cell 7,,Cell 4,,Cell 4,,Cell 4,,Cell 4,,Cell 5,,Cell 5,,Cell 5,,Cell 5,,Cell 6,,Cell 6,,Cell 6,,Cell 6,,Cell 7,,Cell 7,,Cell 7,,Cell 7,
Module Serial Number,MY2226ZC01,,MY2226ZC01,,MY2226ZC01,,MY2226ZC01,,MY2226ZC01,,MY2226ZC01,,MY2226ZC01,,MY2226ZC01,,MY2226ZC01,,MY2226ZC01,,MY2226ZC01,,MY2226ZC01,,MY2226ZC01,,MY2226ZC01,,MY2226ZC01,,MY2226ZC01,,MY2226ZC01,,MY2226ZC01,,MY2226ZC01,,MY2226ZC01,,MY2226ZC01,,MY2226ZC01,,MY2226ZC01,,MY2226ZC01,,MY2226ZC01,,MY2226ZC01,,MY2226ZC01,,MY2226ZC01,,MY2226ZC01,,MY2226ZC01,,MY2226ZC01,,MY2226ZC01,
Instrument Serial Number,MY2228ZA03,,MY2228ZA03,,MY2228ZA03,,MY2228ZA03,,MY2228ZA03,,MY2228ZA03,,MY2228ZA03,,MY2228ZA03,,MY2228ZA03,,MY2228ZA03,,MY2228ZA03,,MY2228ZA03,,MY2228ZA03,,MY2228ZA03,,MY2228ZA03,,MY2228ZA03,,MY2228ZA03,,MY2228ZA03,,MY2228ZA03,,MY2228ZA03,,MY2228ZA03,,MY2228ZA03,,MY2228ZA03,,MY2228ZA03,,MY2228ZA03,,MY2228ZA03,,MY2228ZA03,,MY2228ZA03,,MY2228ZA03,,MY2228ZA03,,MY2228ZA03,,MY2228ZA03,
Instrument Name,MY2228ZA03,,MY2228ZA03,,MY2228ZA03,,MY2228ZA03,,MY2228ZA03,,MY2228ZA03,,MY2228ZA03,,MY2228ZA03,,MY2228ZA03,,MY2228ZA03,,MY2228ZA03,,MY2228ZA03,,MY2228ZA03,,MY2228ZA03,,MY2228ZA03,,MY2228ZA03,,MY2228ZA03,,MY2228ZA03,,MY2228ZA03,,MY2228ZA03,,MY2228ZA03,,MY2228ZA03,,MY2228ZA03,,MY2228ZA03,,MY2228ZA03,,MY2228ZA03,,MY2228ZA03,,MY2228ZA03,,MY2228ZA03,,MY2228ZA03,,MY2228ZA03,,MY2228ZA03,
,Temperature (°C),Abs,Temperature (°C),Abs,Temperature (°C),Abs,Temperature (°C),Abs,Temperature (°C),Abs,Temperature (°C),Abs,Temperature (°C),Abs,Temperature (°C),Abs,Temperature (°C),Abs,Temperature (°C),Abs,Temperature (°C),Abs,Temperature (°C),Abs,Temperature (°C),Abs,Temperature (°C),Abs,Temperature (°C),Abs,Temperature (°C),Abs,Temperature (°C),Abs,Temperature (°C),Abs,Temperature (°C),Abs,Temperature (°C),Abs,Temperature (°C),Abs,Temperature (°C),Abs,Temperature (°C),Abs,Temperature (°C),Abs,Temperature (°C),Abs,Temperature (°C),Abs,Temperature (°C),Abs,Temperature (°C),Abs,Temperature (°C),Abs,Temperature (°C),Abs,Temperature (°C),Abs,Temperature (°C),Abs
,90,0.297614102673214,21,0.272637297719574,90,0.326229204431758,21,0.308858049688992,90,0.290835046625694,21,0.247593580936881,90,0.310620080726816,21,0.26683445251323,90,0.295853646096305,21,0.249886161973293,90,0.313330357001881,21,0.266376004560596,90,0.324073368690991,21,0.274925352037596,90,0.335348969109009,21,0.287098944398129,90,0.0533744245033882,21,0.0317635281581959,90,0.0313942554006023,21,0.0314692693443049,90,0.0137744824932999,21,0.0138964861940417,90,0.0135711902666695,21,0.0137946222618052,90,0.00821964647079572,21,0.00838721462111021,90,0.00829428984649444,21,0.00828342787404516,90,0.025841746059374,21,0.026172301278892,90,0.025685316572586,21,0.0260690915308655
,89,0.2962601004664,22,0.272671352955823,89,0.327032129047619,22,0.308985401249427,89,0.29171681287708,22,0.247673858646902,89,0.311385642468792,22,0.266816154502834,89,0.296871272857068,22,0.249879275889598,89,0.314068969066623,22,0.266319852668436,89,0.324351016306163,22,0.2750183958579,89,0.336179253670641,22,0.287141471326843,89,0.0425469626226709,22,0.0317439849497463,89,0.0313465401326745,22,0.0315115621238764,89,0.013761704515688,22,0.0139253287418252,89,0.0135777659823845,22,0.0137671244641042,89,0.0082477862672507,22,0.00837204580057733,89,0.0082777744854649,22,0.00826437457087513,89,0.025810766103564,22,0.026212034437696,89,0.025697514493779,22,0.0260806467156094
,88,0.298967428983632,23,0.272998263911149,88,0.327239901783876,23,0.309216658283614,88,0.292124949707225,23,0.247853464724708,88,0.311553115851936,23,0.267040246314068,88,0.297407136497459,23,0.250002359220111,88,0.313925678375209,23,0.266465458204592,88,0.324445946934803,23,0.275127728181382,88,0.336372037179066,23,0.287265792474005,88,0.0375469901208953,23,0.0317845468716406,88,0.031342458052403,23,0.0315435850460392,88,0.0137697564229974,23,0.0139335247036346,88,0.0135785923429908,23,0.0137694681820694,88,0.00825772363376398,23,0.00837220082837242,88,0.0082872180500038,23,0.00827565264012736,88,0.02578328116572,23,0.0262438308940465,88,0.0257132712256898,23,0.0260775702905257
,87,0.299316016893694,24,0.273441681270515,87,0.327407605330456,24,0.309517171333312,87,0.29258812633345,24,0.248341809584667,87,0.311404842314819,24,0.267641103995134,87,0.297518763113584,24,0.250346923485675,87,0.313726669452649,24,0.266912098892226,87,0.324081936643733,24,0.275350174236075,87,0.336219583522645,24,0.287626110366444,87,0.0345596469142454,24,0.0317647552180552,87,0.031329263057598,24,0.031485997083286,87,0.0137466564792907,24,0.0138887923772871,87,0.0135889553874098,24,0.0137683744659168,87,0.00824530695555585,24,0.00837443292496956,87,0.00830818731976728,24,0.00824457965872292,87,0.0257449188828923,24,0.0262111218080326,87,0.025719240382836,24,0.0260574239549474
,86,0.300000542824135,25,0.273943459199574,86,0.327547018305722,25,0.310088992338455,86,0.292483750467344,25,0.249071570279655,86,0.311148059253537,25,0.26850883074028,86,0.297395854981802,25,0.250911948729267,86,0.313483320508392,25,0.267766300392672,86,0.323932490184474,25,0.275952075530188,86,0.336768634791769,25,0.288338667128476,86,0.0330111801893001,25,0.0317148206220246,86,0.0313433665117765,25,0.0314475333097838,86,0.0137088796300732,25,0.0138762311983794,86,0.0135723156151839,25,0.0137634509773705,86,0.00823653709654374,25,0.00834176781681005,86,0.00832745179024799,25,0.00820235506338138,86,0.0257123955292148,25,0.0262042232998249,86,0.0257093995945262,25,0.0260325776808765
,85,0.30060463492015,26,0.274457160636342,85,0.327599305861009,26,0.310558399046503,85,0.291938359371123,26,0.249541173403172,85,0.310891456952964,26,0.26913879637409,85,0.297182600621902,26,0.251520148378885,85,0.313134255583457,26,0.268484103946352,85,0.323831328683291,26,0.276524660432117,85,0.335967795946842,26,0.288927907966885,85,0.0322608364157315,26,0.0317187482520131,85,0.0313554849223739,26,0.0314456455074099,85,0.0136959903931823,26,0.0138776447372737,85,0.0135772582340074,26,0.013786648168163,85,0.00824944833571253,26,0.008365092349454,85,0.00830396264572833,26,0.00823196735175893,85,0.0257658309161401,26,0.026228083135353,85,0.0256837523715431,26,0.0260320592107928
,84,0.300744008910121,27,0.274955729527834,84,0.327700260330166,27,0.311016156440751,84,0.29154204299123,27,0.249679584149071,84,0.310571804466442,27,0.269534675856522,84,0.296558973112583,27,0.251918380964561,84,0.312738445471493,27,0.269158762815486,84,0.323179358924651,27,0.276847845417024,84,0.334963472076955,27,0.2893870830277,84,0.0319654709469207,27,0.0317141162135533,84,0.03137306055498,27,0.0314393147396892,84,0.0136917495928274,27,0.0138529453728917,84,0.0135725812746589,27,0.0137632791020286,84,0.0082456290416682,27,0.0083461166711092,84,0.00828942020941577,27,0.00824732102212323,84,0.0257977657182081,27,0.0261955775921831,84,0.0256882605750811,27,0.0260121887405954
,83,0.301230604626546,28,0.275504742704496,83,0.327796560439755,28,0.311504384949409,83,0.291088518172461,28,0.249944995249555,83,0.310169855878894,28,0.270035778215924,83,0.29599875955548,28,0.252135602814388,83,0.312270503621,28,0.269589117715355,83,0.322451739462122,28,0.27700961126002,83,0.334460466881477,28,0.289785738496682,83,0.031795743262589,28,0.0316687132283145,83,0.0313397104807825,28,0.0314177739320794,83,0.0137071664433995,28,0.0138324483308198,83,0.0135799831407521,28,0.0137345793843243,83,0.00825636153988533,28,0.00830149368784179,83,0.00826969154835541,28,0.00821711549764231,83,0.0257467116514202,28,0.0261511246061177,83,0.0256965808783498,28,0.0260061795425926
,82,0.302024291768876,29,0.276071141055547,82,0.32785927909572,29,0.31190375008699,82,0.290556233081899,29,0.250638816903459,82,0.309753820411884,29,0.270788571566493,82,0.295421503747347,29,0.252544527912,82,0.311733816578658,29,0.269976781727876,82,0.321770244918369,29,0.277301444259825,82,0.333914609657007,29,0.290269308526206,82,0.031747386239661,29,0.0316762834974098,82,0.0313196714342061,29,0.0314042765799868,82,0.0136857572584039,29,0.0138601897446162,82,0.0135906713814111,29,0.013740759248196,82,0.0082659649745232,29,0.0083578286169932,82,0.00827349123580787,29,0.00820730336713488,82,0.0257808374721505,29,0.026131524850602,82,0.0257094345479024,29,0.0260202298107522
,81,0.303303186168157,30,0.276619866390441,81,0.328018686063439,30,0.312296446371477,81,0.28999070142389,30,0.251145681332571,81,0.309297359447661,30,0.271443008259378,81,0.294770841188519,30,0.253104059274373,81,0.311165625441439,30,0.270706641332327,81,0.321045793813405,30,0.277823692430706,81,0.333299940200947,30,0.290866742095974,81,0.0317769275517605,30,0.0316732272621949,81,0.0313220839232007,30,0.031376520383348,81,0.0136942619673797,30,0.0138837241918144,81,0.0135812199190291,30,0.0137192210492268,81,0.00830562083408161,30,0.00838863172098967,81,0.00827710387145628,30,0.00819315333279314,81,0.0257909450693405,30,0.0261545840394847,81,0.0257212291699965,30,0.0260006393400964
,80,0.306158384446809,31,0.277209894916807,80,0.328147297203717,31,0.312821455767755,80,0.289413515569931,31,0.251486933452943,80,0.308774212693108,31,0.272020135061023,80,0.29407303490829,31,0.253544570096783,80,0.310588133806798,31,0.271437039275178,80,0.32026183314005,31,0.278240661850028,80,0.332617605495375,31,0.29138561202617,80,0.0317609306737429,31,0.0316305932937234,80,0.0313374058195579,31,0.0313742908057074,80,0.0136961881862197,31,0.0138572469974066,80,0.0135917993162012,31,0.0137098064767472,80,0.00830422639917596,31,0.00831910739797924,80,0.00826995104818921,31,0.00818205180591694,80,0.0257598684849855,31,0.0261500008103596,80,0.0257418336983767,31,0.0259938256471616
,79,0.303141207535126,32,0.277858634707096,79,0.328249546269949,32,0.313293825223646,79,0.288775918437765,32,0.252025748258234,79,0.308162583640009,32,0.272790647862236,79,0.293225687331155,32,0.253910319567573,79,0.309900591513794,32,0.271987911872469,79,0.319388741860154,32,0.278547982010182,79,0.331892065551352,32,0.291874289257393,79,0.0317795732526306,32,0.0316419756798958,79,0.0313657506379347,32,0.0313801651526552,79,0.0136663848186496,32,0.0138294929739714,79,0.0135979708402323,32,0.0137177014715801,79,0.00826596435067944,32,0.00830209521230979,79,0.00827487847414042,32,0.00816635168472216,79,0.0257739917586476,32,0.0261182917316708,79,0.0257141990615904,32,0.0259996584197906
,78,0.302999812420311,33,0.278492571401786,78,0.328312735754744,33,0.313763362459845,78,0.288146325348365,33,0.25250374310755,78,0.30753808576447,33,0.27349232990832,78,0.292302450633373,33,0.254396876078516,78,0.309172979501793,33,0.272653037870661,78,0.318487291014577,33,0.279068144394532,78,0.331079776613284,33,0.292475920967978,78,0.0317731389832905,33,0.0316430138065617,78,0.0313639906200817,33,0.0313779778465866,78,0.0136870846812269,33,0.0138050140076392,78,0.0136109677023604,33,0.0137077827390556,78,0.00826326597035486,33,0.00830479538562847,78,0.00826131681331469,33,0.0081814653397448,78,0.0257669166295406,33,0.0261203266843152,78,0.0257088701720482,33,0.0259984499866076
,77,0.302685331884245,34,0.279084295185962,77,0.328532699305572,34,0.314207186667561,77,0.2871004161861,34,0.252970303594093,77,0.3069050848548,34,0.274214779117846,77,0.29132473582919,34,0.254870263037053,77,0.308394768043749,34,0.273467144744527,77,0.317402602746276,34,0.279525461321049,77,0.330168498541093,34,0.2930776427997,77,0.0316946472949413,34,0.0316064793598499,77,0.0313157743252484,34,0.0313675601935104,77,0.0136804186450587,34,0.013801548089482,77,0.0136371515999045,34,0.0137134416943166,77,0.00827183214687676,34,0.00829112334855652,77,0.00824878392234681,34,0.00821216782889989,77,0.0257712392083695,34,0.0261260000665544,77,0.0257128998232432,34,0.0259894632675324
,76,0.302291697140167,35,0.279704301217855,76,0.328495431314542,35,0.314649627174041,76,0.286124048070499,35,0.253574303299997,76,0.306213186447406,35,0.274954381185092,76,0.290134592724827,35,0.255382835032333,76,0.307545545020776,35,0.274045363688534,76,0.316233650301619,35,0.279949154885297,76,0.329147495770256,35,0.293617698987733,76,0.0316505048424246,35,0.0315949411924703,76,0.0313241475072108,35,0.0313813867355414,76,0.0136943216647614,35,0.01380412914733,76,0.0136446238262943,35,0.0137255672412635,76,0.008274519765609,35,0.00829484153032733,76,0.00828809643462802,35,0.00819597006744037,76,0.0257927405440834,35,0.0260974939814219,76,0.0257309164782638,35,0.0260060372906302
,75,0.301902321984154,36,0.280377121851673,75,0.328286037039371,36,0.315100685612116,75,0.285164849850997,36,0.254126507817405,75,0.305550763980681,36,0.27568018306848,75,0.289030753414894,36,0.255978199506713,75,0.306622646953064,36,0.274761908248515,75,0.315117292892552,36,0.28050906291175,75,0.328060728988919,36,0.294256643777174,75,0.0316681211044039,36,0.0315818521290999,75,0.0313220583115777,36,0.0314221080000518,75,0.0136981314039385,36,0.0137975909710183,75,0.0136508259542738,36,0.0137114010727652,75,0.00824447306015209,36,0.0082725556163561,75,0.0082659608934635,36,0.00822488923021528,75,0.0257901218855045,36,0.0261030696234445,75,0.0257285919710419,36,0.0260264182279364
,74,0.3013766842117,37,0.28100713955698,74,0.328112712305205,37,0.315554336478101,74,0.284193328043911,37,0.254768312923372,74,0.304850992762629,37,0.276482376380358,74,0.287990501384513,37,0.25658332337903,74,0.305686848545913,37,0.275499670213741,74,0.313914551104709,37,0.281006527965527,74,0.326969574581014,37,0.294891727238781,74,0.0317266708528551,37,0.0315678846633883,74,0.0313009254406545,37,0.0314049460995716,74,0.0137572069513722,37,0.0138226339835761,74,0.0136404151220623,37,0.0137153933491272,74,0.00828912386985378,37,0.00828660434850183,74,0.00822690505413162,37,0.00820925303016565,74,0.0258076286550428,37,0.026142346809086,74,0.0257156780569953,37,0.0259981127340838
,73,0.301161466603929,38,0.281683527345474,73,0.327881966469947,38,0.316039632489722,73,0.283239815501914,38,0.255485292954081,73,0.304104688266993,38,0.277185661684631,73,0.286828469390038,38,0.257161897618398,73,0.304822973860708,38,0.276162952523242,73,0.312448891783826,38,0.281463591398189,73,0.325854316052111,38,0.295530938390427,73,0.0317423429360544,38,0.0315785463560505,73,0.0313048706399859,38,0.0313494372709572,73,0.013784139960913,38,0.0138537302343106,73,0.0136401679182818,38,0.0136697866147944,73,0.00824700639076462,38,0.00829877641357992,73,0.00824096239819056,38,0.00813637336079953,73,0.0257875228614386,38,0.0261274311101779,73,0.0257138535875055,38,0.0259771091813381
,72,0.300766266677726,39,0.282315496128812,72,0.327618504108365,39,0.316375302898772,72,0.282341569187829,39,0.256124900602981,72,0.303400880997561,39,0.277993338875665,72,0.285652832565798,39,0.257717669500427,72,0.303906415703954,39,0.276897342504024,72,0.311091871429755,39,0.282077017337888,72,0.324707065952759,39,0.296144509161835,72,0.0317196456850224,39,0.0315784591143565,72,0.0313534113396546,39,0.0313230123020808,72,0.0137954180499088,39,0.013838391965651,72,0.0136613949971016,39,0.0136672745155645,72,0.00823225309916943,39,0.00829019819058048,72,0.00825622193837905,39,0.00815021808004531,72,0.0257739211761801,39,0.0261704361267854,72,0.0257451874568059,39,0.0259867287787202
,71,0.300463427950068,40,0.282954636620625,71,0.32735221405608,40,0.31683629223928,71,0.281391027396777,40,0.256552573718672,71,0.302668614638937,40,0.278773651513046,71,0.284577702036554,40,0.258291503930702,71,0.302985654938016,40,0.277651513332642,71,0.309837258092761,40,0.282615055572262,71,0.323591242196546,40,0.296774847083282,71,0.0317306657094299,40,0.031575188840023,71,0.0313683842408549,40,0.0313428223032863,71,0.0137977467713515,40,0.0137686427490697,71,0.0136817543323648,40,0.0136805891577057,71,0.00823603391044277,40,0.00828571913338546,71,0.00823227880421358,40,0.00816941422919796,71,0.0257853438871413,40,0.02615388169255,71,0.0257389516701597,40,0.025968649461871
,70,0.299866156563292,41,0.283682971057951,70,0.327124551167805,41,0.317222415962114,70,0.281039111402428,41,0.257211819069119,70,0.301911138610019,41,0.279569568453858,70,0.28350920035659,41,0.258952860797533,70,0.3021180273436,41,0.27842727155941,70,0.308617942164571,41,0.283090228031242,70,0.322528675991033,41,0.297394349005955,70,0.0316680618698889,41,0.0315557119712942,70,0.031359961792851,41,0.0313414495366682,70,0.013783148582809,41,0.0137503726556614,70,0.0136913836838373,41,0.0136897528056678,70,0.00821821449324122,41,0.00826220218655451,70,0.00823511904473169,41,0.00817327798331603,70,0.0257963801743862,41,0.0260417283428365,70,0.0257214614473088,41,0.025957859662374
,69,0.299456853933691,42,0.284343719061663,69,0.326840873408723,42,0.317547198551856,69,0.280669471731965,42,0.25789546264431,69,0.301209254142809,42,0.280356964735717,69,0.282559656853358,42,0.259602387230538,69,0.30132168884159,42,0.279190661707689,69,0.307477133344486,42,0.283699230444863,69,0.321514322880652,42,0.298068111055297,69,0.031708396936156,42,0.0315372826385152,69,0.0313563018425089,42,0.031302811105255,69,0.0137866679100233,42,0.0137458099134841,69,0.0136913623360288,42,0.0136526511282164,69,0.00824307707361997,42,0.00826709182958584,69,0.00826664630444238,42,0.00815841660025691,69,0.0258318436773684,42,0.0260431483492513,69,0.0257402191871022,42,0.0259388164477744
,68,0.298973554303814,43,0.284936083471023,68,0.326538691343804,43,0.317973282949876,68,0.278758908703189,43,0.25859620006825,68,0.300491412037317,43,0.281116712902277,68,0.281758986558901,43,0.260294606615584,68,0.300468593607083,43,0.279950509580202,68,0.30632640622706,43,0.284362361876255,68,0.320517311802846,43,0.298786595354092,68,0.0317518874582834,43,0.0315071669820757,68,0.0313708037777431,43,0.0312939855025727,68,0.0137529255299244,43,0.0137518689546523,68,0.0136855679164177,43,0.0136440037416835,68,0.00833053369239993,43,0.00825551112770142,68,0.00824417558652695,43,0.0081569835174408,68,0.0258317218035803,43,0.0260362555227265,68,0.0257692286256713,43,0.0259411321771929
,67,0.298460429648858,44,0.285629003392687,67,0.326300377011276,44,0.318392088474286,67,0.277956917170072,44,0.259242922518688,67,0.299851910891151,44,0.281892128843441,67,0.281037747380072,44,0.261060166821317,67,0.299652224246495,44,0.280731268602252,67,0.305252655771008,44,0.285005294159715,67,0.319550835326879,44,0.299441030192538,67,0.0317280398188345,44,0.0315058700948709,67,0.0314076867905787,44,0.0313068728148515,67,0.0137425413302828,44,0.0137248292043663,67,0.0136859354963326,44,0.0136731657301247,67,0.00836915888752905,44,0.00827525264950205,67,0.00822994452070033,44,0.00817518512763839,67,0.0257834267817994,44,0.0260200731102504,67,0.0257799662137834,44,0.0259226533275429
,66,0.297956926464545,45,0.286232731132031,66,0.326021474137703,45,0.318777702787928,66,0.277182771296351,45,0.259987688080384,66,0.299229732226816,45,0.282669295219602,66,0.279930230205062,45,0.261730563007628,66,0.298910643190093,45,0.28153435164357,66,0.304277972376327,45,0.285754632388147,66,0.318632309198142,45,0.300154122175111,66,0.0316596391769992,45,0.0315061878091917,66,0.0313934491107741,45,0.0312917625184516,66,0.0137399397546382,45,0.013728297521157,66,0.01369402656107,45,0.0136631624477644,66,0.00827429130713303,45,0.00827292223550888,66,0.00823652942409603,45,0.00816066293771351,66,0.0258163650632598,45,0.0260718798163694,66,0.0257620775032969,45,0.0258859152350988
,65,0.29748371896748,46,0.286899135106608,65,0.325692499342617,46,0.319133533673736,65,0.276495726340985,46,0.260785684244033,65,0.298596842574365,46,0.28344110788128,65,0.278931542340987,46,0.262438186152049,65,0.2982686128319,46,0.28232662167523,65,0.303400487465278,46,0.286498114728173,65,0.31779518675612,46,0.300910719326387,65,0.0316637732997234,46,0.0315682513488656,65,0.0313688896311178,46,0.0312898382145881,65,0.0137736329365133,46,0.0137715888048727,65,0.0136991519830623,46,0.013640643476274,65,0.00823491281897228,46,0.00828876733306401,65,0.00829759968699992,46,0.00817721127350426,65,0.0258358032559684,46,0.0260949491022647,65,0.02578191513775,46,0.0258990052660539
,64,0.29698372196011,47,0.287574920376407,64,0.325419318696398,47,0.319529188554396,64,0.275770375959159,47,0.261501743445038,64,0.297934198592994,47,0.284192374580852,64,0.27820159304289,47,0.263181757384901,64,0.297500286775249,47,0.283188474098059,64,0.302523597835757,47,0.28716686323587,64,0.317032688283947,47,0.301701371856456,64,0.0316854534372546,47,0.0315488012216572,64,0.0313805677451935,47,0.0312939492507054,64,0.0137556857370808,47,0.01378167913433,64,0.0137028282385482,47,0.0136404593388619,64,0.00822015547864845,47,0.00828960682686205,64,0.00827564240863073,47,0.00818309089367124,64,0.02583930465768,47,0.0260103387349291,64,0.0258149662354783,47,0.0259019935921317
,63,0.296529201820184,48,0.288150707774623,63,0.325152154149639,48,0.319983353441522,63,0.275048165660678,48,0.262246286134442,63,0.297283229933519,48,0.284999794876445,63,0.277407352338922,48,0.263961163201596,63,0.296734244832536,48,0.284376253507619,63,0.30169720241948,48,0.287909768835488,63,0.316176219958574,48,0.302526456435186,63,0.0317042259774088,48,0.031526125154607,63,0.0313819967013199,48,0.0313012058495349,63,0.0137760962565918,48,0.0137608090027258,63,0.0136968067440743,48,0.0136508284681441,63,0.00823103510322674,48,0.00825857356719955,63,0.00823625377063682,48,0.00816081828915017,63,0.0258225770591196,48,0.0259803197991489,63,0.0257853722141477,48,0.0258748857346464
,62,0.296068329491464,49,0.288786639451655,62,0.324834775124937,49,0.32035113934937,62,0.274319634607789,49,0.263033725432582,62,0.296619715369124,49,0.285787308299902,62,0.276597876507642,49,0.264832126048323,62,0.296025509339363,49,0.285410434464449,62,0.3008919656963,49,0.288755086048195,62,0.315317054885711,49,0.303302699721552,62,0.03167009919196,49,0.0315159192045259,62,0.0313757891016272,49,0.0312945623533687,62,0.0137955919821509,49,0.0137310407173166,62,0.0136866147403671,49,0.0136558805078844,62,0.00820095255907563,49,0.00826658549298647,62,0.00822909965672213,49,0.00815963989631113,62,0.0258159287134153,49,0.0259685468783237,62,0.0257645743573212,49,0.0258441204226159
,61,0.295525637379503,50,0.289352966743111,61,0.32452961617673,50,0.320750752306769,61,0.273603104457302,50,0.263940925257273,61,0.295962379024098,50,0.286577179608008,61,0.275918897613223,50,0.265700344522314,61,0.295346648600687,50,0.286061031388638,61,0.300073156544308,50,0.289594963712594,61,0.314539434380525,50,0.304153494610773,61,0.0316605758590695,50,0.0315007395086263,61,0.0313932780736884,50,0.0312509151100338,61,0.0138087415570931,50,0.0137448792365781,61,0.0136964024841695,50,0.0136286709559595,61,0.00821982132979887,50,0.00825103127629105,61,0.00825917049455946,50,0.00811752750267827,61,0.0258309044005736,50,0.025944087057128,61,0.0257758586947299,50,0.025791050890149
,60,0.295044486450961,51,0.29000436065623,60,0.324185838370805,51,0.321115271895553,60,0.272923344352071,51,0.264755918589106,60,0.295326623414117,51,0.287377649035049,60,0.275212184065615,51,0.266546524896925,60,0.294587326917045,51,0.287014955735094,60,0.299256226127585,51,0.290508957438767,60,0.313757989847078,51,0.305022678421724,60,0.0316221515324017,51,0.0315012561648615,60,0.0313695380318454,51,0.0312727561901924,60,0.0138331019206724,51,0.0137083389882528,60,0.0137154827522948,51,0.0136465906484684,60,0.00821281655344457,51,0.00822668250812165,60,0.00826445398343422,51,0.0081392368490094,60,0.0257987599780782,51,0.0259094557713725,60,0.0257781418520014,51,0.0258226394718261
,59,0.294566790293203,52,0.290637075439381,59,0.323844805120292,52,0.321534593931294,59,0.272166702152043,52,0.265583700791452,59,0.294645353355941,52,0.288193018520762,59,0.274348982169755,52,0.267624137903902,59,0.293848063356226,52,0.287883276557399,59,0.298430004616939,52,0.291431913352222,59,0.312909753893502,52,0.305921896196143,59,0.0316207340720947,52,0.0315085844979724,59,0.0313215546998075,52,0.0313017541380316,59,0.0138270155038999,52,0.0137186020797771,59,0.0137046463309511,52,0.0136486745289597,59,0.00821292006334829,52,0.00826240634763872,59,0.00821686705395049,52,0.00815621341627287,59,0.0258298275485604,52,0.025920893327726,59,0.0257350448057534,52,0.0258224552568015
,58,0.294130645593722,53,0.291181626140903,58,0.323577066406062,53,0.32197494338302,58,0.271421249486878,53,0.26645663064144,58,0.293933836608152,53,0.289000614484074,58,0.273591543336355,53,0.268812684886512,58,0.293141716732677,53,0.28875586006357,58,0.29762285797252,53,0.292348218848407,58,0.312109685068536,53,0.306841421422362,58,0.031653598535007,53,0.0314846383436063,58,0.031347552255456,53,0.0312849765860011,58,0.0138447269068063,53,0.0137239158413142,58,0.0136938187782594,53,0.0136501232034039,58,0.00821558207191351,53,0.00827604616996652,58,0.00823400455742258,53,0.00815027105092009,58,0.0258447045451905,53,0.0259391572980231,58,0.025748413566991,53,0.0257765481039682
,57,0.293733876350954,54,0.291834341774778,57,0.323251796973747,54,0.322370033998205,57,0.270644450340302,54,0.26732187939237,57,0.293234392087768,54,0.289792080014194,57,0.272846347033117,54,0.269670808399629,57,0.292348362571473,54,0.289604627685076,57,0.296804044465638,54,0.293291550075906,57,0.311343543847734,54,0.30772125586183,57,0.0316243890117091,54,0.031500927437873,57,0.0313558487924315,54,0.0312601321847161,57,0.013836032274914,54,0.0137354172367414,57,0.0136991973436412,54,0.0136229841791407,57,0.00822898090671614,54,0.00828893682247939,57,0.00823495527210338,54,0.00811800476636797,57,0.0258533469209987,54,0.025919861329608,57,0.0257723553036287,54,0.0257467213872826
,56,0.293221437867988,55,0.292533363334844,56,0.322919021583071,55,0.322739744210361,56,0.269912070119364,55,0.268255073726024,56,0.292533289046819,55,0.2906252253691,56,0.271984663471942,55,0.270478165911242,56,0.291600220028545,55,0.290492383771225,56,0.29593432238323,55,0.294229115647471,56,0.310555280918152,55,0.30860718373506,56,0.0316296093780369,55,0.0315186608952456,56,0.0313535629461075,55,0.0312473059889485,56,0.0138241827683625,55,0.0137441153799681,56,0.0137121504387265,55,0.0136031307778176,56,0.00827586241028647,55,0.00827204381619643,56,0.00821707895550226,55,0.00811846802222041,56,0.0258594348756584,55,0.0258924085111429,56,0.025758940507848,55,0.0257233135283502
,55,0.292818997275682,56,0.293277666770635,55,0.322473099518019,56,0.323126324907722,55,0.269179238983063,56,0.269107508567397,55,0.291856571727305,56,0.291501540832665,55,0.271163830797071,56,0.271336091358422,55,0.29080859093395,56,0.291386269277315,55,0.295164271783187,56,0.295149710351483,55,0.30984177912909,56,0.309696569061549,55,0.0316545019037884,56,0.0315589302133934,55,0.0313675001462006,56,0.0312675247034145,55,0.0138394111934239,56,0.0137345030577126,55,0.013736445747978,56,0.0136235205752152,55,0.0082541616521308,56,0.00823964526146878,55,0.00822918761331836,56,0.00814847260354533,55,0.0259002897141352,56,0.0258801019663789,55,0.025762729777034,56,0.025719948789702
,54,0.292200845663325,57,0.293770340138955,54,0.322093124676096,57,0.323484362376182,54,0.268492858402439,57,0.269969174888864,54,0.29113414758982,57,0.29226495020187,54,0.270288785890672,57,0.272470003310607,54,0.290030660754773,57,0.292341145510041,54,0.294298322588371,57,0.296115829140506,54,0.309077281413182,57,0.310888656043659,54,0.0316024061911258,57,0.0315356090471414,54,0.0313433719346833,57,0.0312335352693109,54,0.0138880387794396,57,0.0137329461565501,54,0.013749144313335,57,0.013644290229564,54,0.00819402091830322,57,0.0082899614872293,54,0.00823690613007194,57,0.0081345394752369,54,0.0259136882399389,57,0.0258661703415017,54,0.0257777455807825,57,0.0257091768942148
,53,0.291756995137536,58,0.29426525892507,53,0.321767104025684,58,0.323835643602829,53,0.267681714256475,58,0.270876857182425,53,0.29036163822074,58,0.293070164438065,53,0.269518053697416,58,0.273413094492434,53,0.289227182410658,58,0.293216270423708,53,0.293403593407732,58,0.297042277772846,53,0.308164061113684,58,0.311775719353545,53,0.0316477563349206,58,0.0315123531259878,53,0.0313274885924148,58,0.0312133328554379,53,0.0138698249447904,58,0.0137476593576088,53,0.0137275465892365,58,0.0136472181863438,53,0.0082353701248248,58,0.00829346354337137,53,0.00822648063325548,58,0.00812414282400502,53,0.025845710828926,58,0.0258335659778298,53,0.0257995905215831,58,0.0256815594414026
,52,0.291245594431385,59,0.294918607158738,52,0.321450454574255,59,0.324277801548245,52,0.266824309340611,59,0.271765593912313,52,0.289607851024689,59,0.293899512944067,52,0.268692917962376,59,0.274052374727076,52,0.288376745425975,59,0.294201281396592,52,0.292532166698601,59,0.297997733365732,52,0.307270310290944,59,0.312572506400756,52,0.0317195710146343,59,0.031516129858553,52,0.0313220776163141,59,0.0312225495702361,52,0.0138439897148237,59,0.013744986829556,52,0.0137353941014897,59,0.0136350531790136,52,0.0082558295390806,59,0.00821089033047085,52,0.00822322984837175,59,0.00811301361300064,52,0.0258707236842291,59,0.0258098715173914,52,0.0258032669521308,59,0.0256701647580578
,51,0.290538572337329,60,0.295549348550273,51,0.321128101521529,60,0.324657719414811,51,0.266020026371211,60,0.272645691988537,51,0.288857325108235,60,0.294674615389906,51,0.267828033325911,60,0.275021856806156,51,0.287573062936346,60,0.295100742940541,51,0.291661705072428,60,0.299112644317776,51,0.30643134632486,60,0.313464840093448,51,0.0316150882915013,60,0.0315300937864791,51,0.0313146692452862,60,0.0311980560095293,51,0.0138706500127477,60,0.0137467919612203,51,0.0137240686243921,60,0.0136348393084816,51,0.00824185633335187,60,0.00823168433121485,51,0.0081889677772358,60,0.00809570232443368,51,0.0258739518552449,60,0.0258228899616204,51,0.0257853568631112,60,0.0256762655408165
,50,0.290021717849548,61,0.296179351597959,50,0.320878148073293,61,0.324835710222158,50,0.265246921471242,61,0.273515256741143,50,0.288111351379593,61,0.295250032087885,50,0.267053501648964,61,0.275980408006967,50,0.286820054433456,61,0.295823898087327,50,0.290818720376211,61,0.30031391532028,50,0.305585657668029,61,0.314203808816629,50,0.0316050087527184,61,0.0315645420918589,50,0.0313850685428974,61,0.0312225953211422,50,0.0138510974758055,61,0.0137680863346139,50,0.0137229771344316,61,0.0136470435089423,50,0.00822288916303097,61,0.00827581900511133,50,0.00824067708078599,61,0.00812729786432456,50,0.0258616961092683,61,0.025828501127326,50,0.0257930936608818,61,0.0257076002268007
,49,0.289512355218742,62,0.296795654522556,49,0.320572469870134,62,0.325073309707568,49,0.26452858678143,62,0.274378401116333,49,0.287386207878919,62,0.295773906191255,49,0.266217868748416,62,0.276875766839954,49,0.286063070520888,62,0.296511407021716,49,0.289961235774443,62,0.301273314013177,49,0.304758378004595,62,0.314901982262792,49,0.0315832138047211,62,0.0315235247236036,49,0.0313776494738125,62,0.0312812451801673,49,0.0138477271909731,62,0.0137729246288782,49,0.0137399831895443,62,0.0136601286801541,49,0.00822184366263098,62,0.00825976556636654,49,0.00824197250869904,62,0.00815808406606027,49,0.0258665649634555,62,0.0258520018374514,49,0.025815039962908,62,0.0257246207186174
,48,0.288979170720518,63,0.297506479648746,48,0.320183598776702,63,0.325577826150921,48,0.263760372568692,63,0.275331997316283,48,0.286613533661849,63,0.29686527520676,48,0.265405031572921,63,0.27778027488936,48,0.285270295136434,63,0.297515168861628,48,0.289162521999217,63,0.302017024275879,48,0.303927041183979,63,0.315939758081149,48,0.0316171810611706,63,0.0315291710623472,48,0.0313535916116197,63,0.0312594938238359,48,0.0138440350143814,63,0.0137637418289604,48,0.0137299677930986,63,0.0136642672463261,48,0.00825599685897746,63,0.00826278614211008,48,0.00822430318075753,63,0.0081575951941364,48,0.0259056167787511,63,0.0258587368521391,48,0.0258250235472962,63,0.0257214650530511
,47,0.288361692471817,64,0.298250895879171,47,0.319881728663084,64,0.325942324647102,47,0.263004026959769,64,0.27630780018105,47,0.285901132628338,64,0.298046153850674,47,0.26459674391749,64,0.278669004863823,47,0.284498504419642,64,0.298375024627115,47,0.288350369366318,64,0.302831693757736,47,0.303125001314711,64,0.316864364226435,47,0.0315856107507002,64,0.031544712443967,47,0.0313515985079135,64,0.0312467603332721,47,0.0138621830205803,64,0.0137666704635855,47,0.0137274608159156,64,0.0136633049025324,47,0.00824131718429288,64,0.00827044423493463,47,0.00823099846392986,64,0.00816501981857101,47,0.0259127772498704,64,0.0258307057800758,47,0.0258290795417766,64,0.025720175254478
,46,0.287818181436278,65,0.298910489814136,46,0.31950488729374,65,0.326413980178909,46,0.262271328148354,65,0.277156117454594,46,0.285141037819191,65,0.299023698453161,46,0.263831703124881,65,0.279523766499838,46,0.283712598229632,65,0.299273996519397,46,0.287585000657401,65,0.303762979616095,46,0.30232592088679,65,0.317764263329024,46,0.0316193627043719,65,0.0315385338321524,46,0.0313169794785286,65,0.0312681691886974,46,0.0138855668713484,65,0.0137710970058154,46,0.0137219954108002,65,0.013666091843919,46,0.00824085293045376,65,0.00825523466231004,46,0.00820832882645559,65,0.0081675599149626,46,0.025932428217044,65,0.0258348606434067,46,0.0258075682966969,65,0.025719199891354
,45,0.287358750444199,66,0.299596019886654,45,0.319149411662267,66,0.326895629361572,45,0.261578578544596,66,0.278046611896882,45,0.284356790568129,66,0.299757401190631,45,0.263061536338695,66,0.280529087485552,45,0.282899152473378,66,0.300168084325111,45,0.287077478055324,66,0.304739798707117,45,0.301583560785117,66,0.318696511414234,45,0.0317113297161446,66,0.031516505535313,45,0.0313522649086373,66,0.03122362898722,45,0.0138906709864026,66,0.0137587915843772,45,0.0137144978512376,66,0.0136457720363812,45,0.00825278919740878,66,0.008227058928002,45,0.00822560815078189,66,0.00814014285341902,45,0.0259801919977193,66,0.025839704914551,45,0.0258314205643073,66,0.025691311141784
,44,0.286674092799705,67,0.300542798721989,44,0.318789809153576,67,0.327484455755998,44,0.260876030929423,67,0.278958936924049,44,0.283643283656681,67,0.300482607143758,44,0.262302105939237,67,0.281562336673952,44,0.282158495121735,67,0.300961205654158,44,0.286542714904776,67,0.305780279502067,44,0.300787479777575,67,0.319672159370969,44,0.0316326570332764,67,0.0314560202544232,44,0.0313632712205846,67,0.0311554624286405,44,0.0139007617321893,67,0.0137677816849517,44,0.0137181165737299,67,0.0136232163919794,44,0.00825832922190591,67,0.00821062164592164,44,0.00826115823006347,67,0.00811453703679295,44,0.0260084364864856,67,0.0258163859765985,44,0.0258336602006628,67,0.0256420729691799
,43,0.286051018257959,68,0.301541021170203,43,0.318417039610368,68,0.327971873463964,43,0.2601535830823,68,0.279893826167101,43,0.282891620747073,68,0.301284485670174,43,0.261597533009496,68,0.282488222285517,43,0.281395505286262,68,0.30186478289691,43,0.285742350409907,68,0.306834592762808,43,0.300086611515318,68,0.320727206538616,43,0.031579253182082,68,0.0314849605476814,43,0.0313514877002647,68,0.03120254418012,43,0.0138591107704308,68,0.013776565993202,43,0.013717462453919,68,0.0136402643265108,43,0.00824559378063674,68,0.00831041669841838,43,0.00823242759558207,68,0.00814485766716418,43,0.0260026393083704,68,0.0258159498112204,43,0.0258526656113178,68,0.0256901929949615
,42,0.285427295790364,69,0.302317380218609,42,0.318081095528174,69,0.328346818897043,42,0.259465223166306,69,0.280879462703307,42,0.282151168089851,69,0.302142927039614,42,0.260947816232533,69,0.283605588921915,42,0.28068628530377,69,0.302857154221624,42,0.284948243789684,69,0.307959159624527,42,0.299356829503553,69,0.32181255390517,42,0.0315710710996925,69,0.031503355566415,42,0.0313508846071363,69,0.031224587204517,42,0.0138408951168967,69,0.0137617921093229,42,0.0137189436952001,69,0.0136508602043855,42,0.00825773581067079,69,0.00832567135101013,42,0.00822635333568498,69,0.00814043644406741,42,0.0260010397046551,69,0.025817648620719,42,0.0258364745671306,69,0.0256946579141486
,41,0.284837454828448,70,0.303035500231608,41,0.317688236734805,70,0.329022019838691,41,0.258803667415687,70,0.281872835283954,41,0.281367946865214,70,0.302995779413592,41,0.260296779786658,70,0.284786943471125,41,0.279914364774583,70,0.303962350043189,41,0.284293440768291,70,0.309209442663889,41,0.298673877049085,70,0.323024327891613,41,0.031595217080358,70,0.0314695586358373,41,0.0313304236877884,70,0.0311842958826515,41,0.0138672375796415,70,0.0137381644432821,41,0.0137156533183664,70,0.0136494660531245,41,0.00826795242395831,70,0.00824515985736603,41,0.00821402328933638,70,0.00812730064089337,41,0.0259828232716229,70,0.0258064716012732,41,0.0258813317505642,70,0.0256758118536663
,40,0.284302480142864,71,0.303670665694686,40,0.317270689433908,71,0.329641680520634,40,0.258172469607106,71,0.282941016269798,40,0.280613108211025,71,0.30388734023006,40,0.259653216074625,71,0.285957189618973,40,0.279114992298756,71,0.304967805931034,40,0.283783455293083,71,0.310496854550583,40,0.298022550990193,71,0.324126686342596,40,0.0316049241540029,71,0.0314762690929069,40,0.0313469752458619,71,0.0311746037963966,40,0.0138645055741325,71,0.0137200923094657,40,0.0137369770043582,71,0.0136299968309292,40,0.00826671558628628,71,0.00827503242979707,40,0.00819021318997062,71,0.00814799011146685,40,0.0260063181428034,71,0.0258288680192946,40,0.025886217803304,71,0.02567963747426
,39,0.283704080507896,72,0.304320782711716,39,0.316912001507354,72,0.329810569819487,39,0.257511307576639,72,0.284218049218536,39,0.279837748761876,72,0.304793845545918,39,0.259018802963179,72,0.287212434479697,39,0.278388034595532,72,0.305960467472206,39,0.283174477834171,72,0.311827875371026,39,0.297372968484651,72,0.325253660410072,39,0.0316482539667322,72,0.0314670131812658,39,0.0313674274038767,72,0.031185721123651,39,0.0138573539020602,72,0.013751281786559,39,0.0137383827993819,72,0.0136199355183969,39,0.00830160840921825,72,0.00826333419846586,39,0.00820352220575069,72,0.00813228659135932,39,0.026040579579901,72,0.0258214629291541,39,0.0258973114431639,72,0.0256744475239836
,38,0.283023552732461,73,0.305056537641763,38,0.316537252859058,73,0.330211987422153,38,0.256877238943589,73,0.285578031864282,38,0.279097439549204,73,0.305761804573406,38,0.258390683480406,73,0.288630358655432,38,0.277679407781756,73,0.307097703126498,38,0.282554202584298,73,0.313333410505844,38,0.29674812310581,73,0.326536645435884,38,0.0316365858133834,73,0.0314546520641855,38,0.0313815220623423,73,0.0311923485661302,38,0.013880102735549,73,0.0137682846064539,38,0.0137712613730392,73,0.013619282081544,38,0.00828682702978968,73,0.00828882482763572,38,0.00821204385037516,73,0.00813820475258929,38,0.0260349409848249,73,0.0258080520718841,38,0.0259444805985872,73,0.0256978480519252
,37,0.282413574249866,74,0.305927053242427,37,0.316099322058218,74,0.330596095634636,37,0.256268250243828,74,0.286932793272385,37,0.278391314092252,74,0.306756871009235,37,0.257765033227215,74,0.290133826956765,37,0.276966348856746,74,0.308411112958365,37,0.282004497170153,74,0.314824166208655,37,0.296132568594714,74,0.327901340306832,37,0.0316364198783212,74,0.0314640625484298,37,0.0313741953375993,74,0.0312113836578076,37,0.0138983887246049,74,0.0137550216521777,37,0.0137790642934351,74,0.0136303122450547,37,0.00827297333294433,74,0.00828761900519102,37,0.0082165385161918,74,0.0081764250742272,37,0.0260349788349143,74,0.0258036359487574,37,0.0259744960715922,74,0.0257096059071365
,36,0.281746093207982,75,0.306792822403834,36,0.315684052945619,75,0.331087341269787,36,0.255667209933299,75,0.288243966954516,36,0.2776154958574,75,0.30780122656004,36,0.257211452331159,75,0.291545010094694,36,0.276227525138327,75,0.30980152461785,36,0.281421846005502,75,0.316417768597781,36,0.295468638211184,75,0.329292148531563,36,0.0316470953593955,75,0.0314638560758179,36,0.031338793011783,75,0.0312201251517552,36,0.0138901581868804,75,0.0137330692557122,36,0.0137374067424218,75,0.0136166322405976,36,0.00828715276180176,75,0.00824878854610249,36,0.00819074701352768,75,0.00819820395323659,36,0.026037990698152,75,0.0258023095043305,36,0.025934638628371,75,0.0256916568462245
,35,0.28111637070531,76,0.307670007295449,35,0.315216226763252,76,0.331612687682299,35,0.255090136673492,76,0.28956893957375,35,0.276802962831693,76,0.309070335587279,35,0.256664247151376,76,0.292949995580774,35,0.275497533944471,76,0.311122485115116,35,0.280950731782479,76,0.318009633926886,35,0.294832976765574,76,0.330657809104425,35,0.0316156756947591,76,0.0314955472336524,35,0.0313465661407172,76,0.0312413040487364,35,0.0138948678350518,76,0.0137364097539517,35,0.0137334193201859,76,0.013618045323531,35,0.00831393475061661,76,0.0082655134781939,35,0.00821195563911404,76,0.00821797851618123,35,0.0260589876666592,76,0.0258109131612773,35,0.0259295694060055,76,0.0257068065570481
,34,0.280492854623844,77,0.308545640878986,34,0.314858156140274,77,0.332018143608069,34,0.254473466291097,77,0.291122137969311,34,0.276053287843104,77,0.31052651209905,34,0.256084085993901,77,0.294510629833716,34,0.274854818892061,77,0.312425161040279,34,0.280483761763326,77,0.319638153091205,34,0.294287360915859,77,0.332109871344358,34,0.0316635625602562,77,0.0315052911299809,34,0.0313579741035253,77,0.0312331434593976,34,0.0138822620066113,77,0.0137343024772034,34,0.0137271367972679,77,0.013637668340533,34,0.0083354054855237,77,0.00828775595052411,34,0.00822920359535157,77,0.00818756438100667,34,0.0260938958836954,77,0.0257874920597553,34,0.0259325370274641,77,0.0256953409903228
,33,0.27980869075714,78,0.30944036731545,33,0.314455905492981,78,0.33247025571106,33,0.253861758537854,78,0.292679736371411,33,0.27532099344068,78,0.311732658072974,33,0.255604699767748,78,0.296149202660011,33,0.274163695348913,78,0.314062631730639,33,0.280033352282736,78,0.321163703624498,33,0.293680651383591,78,0.333656576724425,33,0.0316523641025301,78,0.0314583704179325,33,0.0313873748657603,78,0.0312258810741426,33,0.0138647807235761,78,0.0136787233199208,33,0.0137408708169034,78,0.0136294087569888,33,0.00833649311638388,78,0.00827324289468682,33,0.0082258290671157,78,0.00818097185881767,33,0.0261168346339266,78,0.0257431442820269,33,0.0259478367278429,78,0.0256982867466277
,32,0.279324278769126,79,0.310465798377127,32,0.314018873705541,79,0.333028171096079,32,0.253339215492573,79,0.294051530219909,32,0.274583043518709,79,0.312810996245983,32,0.255085988400128,79,0.297660953629655,32,0.273501495541858,79,0.315319646950471,32,0.279527535242043,79,0.322629781363566,32,0.293116295864991,79,0.335089870043568,32,0.0317455081929087,79,0.031433970912374,32,0.0313677269679659,79,0.0312170581549426,32,0.0138844895743027,79,0.0136830020643124,32,0.0137338409269757,79,0.0136327298270651,32,0.00836444133523974,79,0.00826980376167178,32,0.00823065013463872,79,0.00819899414479146,32,0.0260940584688797,79,0.0257417899156459,32,0.0259433483293793,79,0.0257053978431639
,31,0.278714032113968,80,0.311682586746068,31,0.313543958052533,80,0.333606716309037,31,0.25285071604762,80,0.295552293938419,31,0.273897391731658,80,0.314024639533047,31,0.254579172451534,80,0.299166785194837,31,0.272806547914518,80,0.316431060282151,31,0.279095599372171,80,0.324020447869437,31,0.292563303861431,80,0.336427402417142,31,0.0317626929458275,80,0.0314477154094962,31,0.0313509489432813,80,0.0311984165902048,31,0.0138983752030397,80,0.013700839083738,31,0.0137529909157432,80,0.0136203583917459,31,0.00834943725714372,80,0.00826890171837266,31,0.00820372532229531,80,0.00820893701426789,31,0.0261051013108604,80,0.0257352768897924,31,0.0259511304001126,80,0.0256909243289651
,30,0.278090508675353,81,0.312727885885622,30,0.313148529877944,81,0.334223119220208,30,0.252434949614919,81,0.296925214296708,30,0.273191818569014,81,0.315140250593762,30,0.254132888640947,81,0.300549583705986,30,0.272167518811125,81,0.317640994695949,30,0.278699658755794,81,0.325176483153239,30,0.291975186793066,81,0.337790428820921,30,0.0316612582267692,81,0.0314205182166893,30,0.0314409709969137,81,0.0311860208262526,30,0.0138932901028941,81,0.0136833143599692,30,0.0137605244066845,81,0.0136242286687601,30,0.00832329253058114,81,0.00823505053611126,30,0.00824933272831861,81,0.00820383131741731,30,0.0261085347913434,81,0.0257329308018809,30,0.0259879784245555,81,0.0256692366631218
,29,0.277444349530676,82,0.313599374493119,29,0.312667768073792,82,0.334967719471936,29,0.251963456031881,82,0.298233572188842,29,0.272463780321468,82,0.316162119422876,29,0.253902341470902,82,0.301886538951008,29,0.271506237883428,82,0.318752803778742,29,0.278207382055127,82,0.326228551901719,29,0.291408440810454,82,0.338989704069062,29,0.0316786969319831,82,0.0313933080178094,29,0.0313867326342736,82,0.0312286294082331,29,0.0139333628208619,82,0.0136653244373309,29,0.013750005033452,82,0.013624694053748,29,0.00849928769237096,82,0.00824899661835518,29,0.00825994472867928,82,0.00822836871780395,29,0.0261179612969976,82,0.0257466239148547,29,0.0259737884296477,82,0.0256906448555344
,28,0.276837623466125,83,0.314548497458358,28,0.312206243388914,83,0.335900209647147,28,0.251380867988298,83,0.299436559834282,28,0.271834970435313,83,0.317192921438387,28,0.253377780838644,83,0.303130672349482,28,0.270879433966427,83,0.319881136170324,28,0.277800026256481,83,0.327233318870824,28,0.290951532221509,83,0.340117771510941,28,0.0316914435101109,83,0.031417185608521,28,0.0313931969982025,83,0.0312385143371868,28,0.0139175313241147,83,0.013658827324156,28,0.0137818867939936,83,0.0135967938363791,28,0.00847470152566739,83,0.0083316842215896,28,0.00824526790328236,83,0.00822021588535072,28,0.0261371590390981,83,0.0257370253101827,28,0.0259895118291767,83,0.0256825877312085
,27,0.276295569989955,84,0.315532504753352,27,0.31190133906153,84,0.336863454293057,27,0.250899607885494,84,0.300747304539946,27,0.271250151309815,84,0.318405609275087,27,0.252781643231641,84,0.304399303945996,27,0.270432449442821,84,0.321020683219436,27,0.277556029981504,84,0.328228842456084,27,0.290498565992303,84,0.341284161246523,27,0.0316564977913089,84,0.0314006404637964,27,0.0313978142048825,84,0.0312207945518139,27,0.0138886368895723,84,0.0136953460705342,27,0.0137822379553997,84,0.0135611589617376,27,0.00835339645592633,84,0.00833304610797798,27,0.00824103453146818,84,0.00821636189168133,27,0.0261698558648778,84,0.0256999256902261,27,0.0259873298143954,84,0.0256834619055394
,26,0.275795043662011,85,0.316492566679533,26,0.311540049491108,85,0.338055496542412,26,0.250419731976335,85,0.302007503305263,26,0.270636813419258,85,0.319589474573418,26,0.252366950967995,85,0.305618655345458,26,0.269831048268056,85,0.322168268207129,26,0.27719035328726,85,0.329204870338303,26,0.289979272604437,85,0.342448303245278,26,0.0316764626086799,85,0.0313657116610992,26,0.0314090354972442,85,0.031230612751079,26,0.0138987239638139,85,0.013699086668305,26,0.0137708322317465,85,0.0135487892350307,26,0.00837079714907174,85,0.00831611630302951,26,0.00822595878131283,85,0.00824043969917509,26,0.0261726025839924,85,0.0257047893582493,26,0.0259932133026899,85,0.0257130641786883
,25,0.27520845812228,86,0.317493499002063,25,0.311061672575893,86,0.339235459004805,25,0.249964180461744,86,0.303294683729556,25,0.269986820421194,86,0.320620956263313,25,0.251960380809664,86,0.306869838257027,25,0.269181605199395,86,0.323322826565021,25,0.276740713825361,86,0.3301667166667,25,0.289433427449434,86,0.343520784835339,25,0.0316829519605758,86,0.0313693175621779,25,0.0313986741292417,86,0.031212782744941,25,0.01390173986019,86,0.0136633787587539,25,0.0137948681843533,86,0.0135476308818057,25,0.00837347883777564,86,0.00832069169999023,25,0.00822295083727527,86,0.00823420078964091,25,0.0261343756770873,86,0.0257058273945831,25,0.0260047301684967,86,0.0256778506133328
,24,0.274677027791236,87,0.318603850239086,24,0.310437746885053,87,0.339985160107897,24,0.249459897102344,87,0.304498606241177,24,0.269266684549033,87,0.32169764121165,24,0.251513805431171,87,0.307966542878476,24,0.268537106555513,87,0.324358314394052,24,0.276346208687821,87,0.331049468842863,24,0.288854607267482,87,0.344575655895265,24,0.0317161128041075,87,0.0313757022524121,24,0.0313822049245879,87,0.031203992974694,24,0.0138967847260257,87,0.0136481723383848,24,0.0138086635439767,87,0.0135681111869817,24,0.00838323514148162,87,0.00826413963221141,24,0.00825614575761048,87,0.00823824708014316,24,0.0261697499669642,87,0.0256766006800055,24,0.0259956970248469,87,0.0256608854341499
,23,0.274080159998318,88,0.319910711012053,23,0.309974248050644,88,0.341004602718754,23,0.249044171621985,88,0.305674691895649,23,0.268621494502411,88,0.322734857653305,23,0.251080856099849,88,0.309018525260784,23,0.26791754186987,88,0.3254173330481,23,0.275950331287991,88,0.331935179395832,23,0.288387512137123,88,0.345647989509643,23,0.031721763903876,88,0.0313856038188739,23,0.0314333305331175,88,0.0312009277457108,23,0.0139087573792764,88,0.0136389944458293,23,0.0138017017973604,88,0.0135744247517005,23,0.00839804333335584,88,0.00827027705001492,23,0.00828222450802359,88,0.00825094130458416,23,0.0261749321484777,88,0.0256629688757194,23,0.0260235128901203,88,0.0257260159664533
,22,0.273567362531003,89,0.321636107407864,22,0.309534284902763,89,0.341841472449704,22,0.248694349204809,89,0.30685204179496,22,0.268059766214474,89,0.323941424837833,22,0.250742669790773,89,0.310103313799297,22,0.2674043657596,89,0.326556888349681,22,0.275680783721097,89,0.332879888562219,22,0.287953225604951,89,0.346590462070356,22,0.0316992497409447,89,0.0313542335086401,22,0.0314342693426187,89,0.0312264164729437,22,0.0139279330448819,89,0.0136370973809403,22,0.0137975736085644,89,0.0135516642428372,22,0.0083917120339219,89,0.00828774545249783,22,0.00828932306745128,89,0.00824130970752198,22,0.0261837272421318,89,0.0256524681231556,22,0.026023045732603,89,0.0257491476684077
,21.2999992370605,0.273326281849066,89.6999969482422,0.322910322889679,21.2999992370605,0.309268313766171,89.6999969482422,0.342215528640409,21.2999992370605,0.24842903910056,89.6999969482422,0.307727993987619,21.2999992370605,0.267683032466386,89.6999969482422,0.324868450542433,21.2999992370605,0.250535587803535,89.6999969482422,0.310943207701636,21.2999992370605,0.267058328775395,89.6999969482422,0.327247820142307,21.2999992370605,0.275507712164681,89.6999969482422,0.333499671585195,21.2999992370605,0.287678606476689,89.6999969482422,0.347262439603218,21.2999992370605,0.0317037080686721,89.6999969482422,0.0313638253862377,21.2999992370605,0.0314531727124355,89.6999969482422,0.0312470810129731,21.2999992370605,0.0139311969491439,89.6999969482422,0.0136432967988876,21.2999992370605,0.0137921044471455,89.6999969482422,0.0135314754767742,21.2999992370605,0.00837859157083254,89.6999969482422,0.00830780680225677,21.2999992370605,0.00828130943146296,89.6999969482422,0.00824602333892495,21.2999992370605,0.02618906999712,89.6999969482422,0.0256631531364672,21.2999992370605,0.0260448151705714,89.6999969482422,0.0256764332732077
