CSV Report,2024-02-14_RNA_melting_MgCl2_only_HEPES.csv
Worksheet Type,Thermal

METHOD
X mode,nm
Y mode,Abs
Collect mode,Wavelength
Wavelengths (nm),260.00,400.00
Averaging Time (s),.1
Spectral Bandwidth (nm),2
Detector module,Multicell Peltier UV-Vis
Zero,Off
Experiment Zones,1

Temperature Collection
Start (°C),90.0
Return (°C),21.0

Derivative
Lower limit (°C),-5
Upper limit (°C),110

Number of stages,4
Stage,Collect data,Data Interval (°C),Rate (°C/min),End (°C),Hold (min)
Stage 1,Yes,1.0,1.0,21.0,2.00
Stage 2,Yes,1.0,1.0,90.0,2.00
Stage 3,Yes,1.0,1.0,21.0,2.00
Stage 4,Yes,1.0,1.0,90.0,0.00

SAMPLES
Name,5 mM MgCl2_260.00nm_90.0-21.0C,,5 mM MgCl2_260.00nm_21.0-90.0C,,5 mM MgCl2_260.00nm_90.0-21.0C_R1,,5 mM MgCl2_260.00nm_21.0-90.0C_R1,,1 mM MgCl2_260.00nm_90.0-21.0C,,1 mM MgCl2_260.00nm_21.0-90.0C,,1 mM MgCl2_260.00nm_90.0-21.0C_R1,,1 mM MgCl2_260.00nm_21.0-90.0C_R1,,0.1 mM MgCl2_260.00nm_90.0-21.0C,,0.1 mM MgCl2_260.00nm_21.0-90.0C,,0.1 mM MgCl2_260.00nm_90.0-21.0C_R1,,0.1 mM MgCl2_260.00nm_21.0-90.0C_R1,,0 mM MgCl2_260.00nm_90.0-21.0C,,0 mM MgCl2_260.00nm_21.0-90.0C,,0 mM MgCl2_260.00nm_90.0-21.0C_R1,,0 mM MgCl2_260.00nm_21.0-90.0C_R1,,5 mM MgCl2_400.00nm_90.0-21.0C,,5 mM MgCl2_400.00nm_21.0-90.0C,,5 mM MgCl2_400.00nm_90.0-21.0C_R1,,5 mM MgCl2_400.00nm_21.0-90.0C_R1,,1 mM MgCl2_400.00nm_90.0-21.0C,,1 mM MgCl2_400.00nm_21.0-90.0C,,1 mM MgCl2_400.00nm_90.0-21.0C_R1,,1 mM MgCl2_400.00nm_21.0-90.0C_R1,,0.1 mM MgCl2_400.00nm_90.0-21.0C,,0.1 mM MgCl2_400.00nm_21.0-90.0C,,0.1 mM MgCl2_400.00nm_90.0-21.0C_R1,,0.1 mM MgCl2_400.00nm_21.0-90.0C_R1,,0 mM MgCl2_400.00nm_90.0-21.0C,,0 mM MgCl2_400.00nm_21.0-90.0C,,0 mM MgCl2_400.00nm_90.0-21.0C_R1,,0 mM MgCl2_400.00nm_21.0-90.0C_R1,
Collection Time,2024-02-14 09:38:05 (+01:00),,2024-02-14 09:38:05 (+01:00),,2024-02-14 09:38:05 (+01:00),,2024-02-14 09:38:05 (+01:00),,2024-02-14 09:38:05 (+01:00),,2024-02-14 09:38:05 (+01:00),,2024-02-14 09:38:05 (+01:00),,2024-02-14 09:38:05 (+01:00),,2024-02-14 09:38:05 (+01:00),,2024-02-14 09:38:05 (+01:00),,2024-02-14 09:38:05 (+01:00),,2024-02-14 09:38:05 (+01:00),,2024-02-14 09:38:05 (+01:00),,2024-02-14 09:38:05 (+01:00),,2024-02-14 09:38:05 (+01:00),,2024-02-14 09:38:05 (+01:00),,2024-02-14 09:38:05 (+01:00),,2024-02-14 09:38:05 (+01:00),,2024-02-14 09:38:05 (+01:00),,2024-02-14 09:38:05 (+01:00),,2024-02-14 09:38:05 (+01:00),,2024-02-14 09:38:05 (+01:00),,2024-02-14 09:38:05 (+01:00),,2024-02-14 09:38:05 (+01:00),,2024-02-14 09:38:05 (+01:00),,2024-02-14 09:38:05 (+01:00),,2024-02-14 09:38:05 (+01:00),,2024-02-14 09:38:05 (+01:00),,2024-02-14 09:38:05 (+01:00),,2024-02-14 09:38:05 (+01:00),,2024-02-14 09:38:05 (+01:00),,2024-02-14 09:38:05 (+01:00),
Cell Number,Cell 4,,Cell 4,,Cell 4,,Cell 4,,Cell 5,,Cell 5,,Cell 5,,Cell 5,,Cell 6,,Cell 6,,Cell 6,,Cell 6,,Cell 7,,Cell 7,,Cell 7,,Cell 7,,Cell 4,,Cell 4,,Cell 4,,Cell 4,,Cell 5,,Cell 5,,Cell 5,,Cell 5,,Cell 6,,Cell 6,,Cell 6,,Cell 6,,Cell 7,,Cell 7,,Cell 7,,Cell 7,
Module Serial Number,MY2226ZC01,,MY2226ZC01,,MY2226ZC01,,MY2226ZC01,,MY2226ZC01,,MY2226ZC01,,MY2226ZC01,,MY2226ZC01,,MY2226ZC01,,MY2226ZC01,,MY2226ZC01,,MY2226ZC01,,MY2226ZC01,,MY2226ZC01,,MY2226ZC01,,MY2226ZC01,,MY2226ZC01,,MY2226ZC01,,MY2226ZC01,,MY2226ZC01,,MY2226ZC01,,MY2226ZC01,,MY2226ZC01,,MY2226ZC01,,MY2226ZC01,,MY2226ZC01,,MY2226ZC01,,MY2226ZC01,,MY2226ZC01,,MY2226ZC01,,MY2226ZC01,,MY2226ZC01,
Instrument Serial Number,MY2228ZA03,,MY2228ZA03,,MY2228ZA03,,MY2228ZA03,,MY2228ZA03,,MY2228ZA03,,MY2228ZA03,,MY2228ZA03,,MY2228ZA03,,MY2228ZA03,,MY2228ZA03,,MY2228ZA03,,MY2228ZA03,,MY2228ZA03,,MY2228ZA03,,MY2228ZA03,,MY2228ZA03,,MY2228ZA03,,MY2228ZA03,,MY2228ZA03,,MY2228ZA03,,MY2228ZA03,,MY2228ZA03,,MY2228ZA03,,MY2228ZA03,,MY2228ZA03,,MY2228ZA03,,MY2228ZA03,,MY2228ZA03,,MY2228ZA03,,MY2228ZA03,,MY2228ZA03,
Instrument Name,MY2228ZA03,,MY2228ZA03,,MY2228ZA03,,MY2228ZA03,,MY2228ZA03,,MY2228ZA03,,MY2228ZA03,,MY2228ZA03,,MY2228ZA03,,MY2228ZA03,,MY2228ZA03,,MY2228ZA03,,MY2228ZA03,,MY2228ZA03,,MY2228ZA03,,MY2228ZA03,,MY2228ZA03,,MY2228ZA03,,MY2228ZA03,,MY2228ZA03,,MY2228ZA03,,MY2228ZA03,,MY2228ZA03,,MY2228ZA03,,MY2228ZA03,,MY2228ZA03,,MY2228ZA03,,MY2228ZA03,,MY2228ZA03,,MY2228ZA03,,MY2228ZA03,,MY2228ZA03,
,Temperature (°C),Abs,Temperature (°C),Abs,Temperature (°C),Abs,Temperature (°C),Abs,Temperature (°C),Abs,Temperature (°C),Abs,Temperature (°C),Abs,Temperature (°C),Abs,Temperature (°C),Abs,Temperature (°C),Abs,Temperature (°C),Abs,Temperature (°C),Abs,Temperature (°C),Abs,Temperature (°C),Abs,Temperature (°C),Abs,Temperature (°C),Abs,Temperature (°C),Abs,Temperature (°C),Abs,Temperature (°C),Abs,Temperature (°C),Abs,Temperature (°C),Abs,Temperature (°C),Abs,Temperature (°C),Abs,Temperature (°C),Abs,Temperature (°C),Abs,Temperature (°C),Abs,Temperature (°C),Abs,Temperature (°C),Abs,Temperature (°C),Abs,Temperature (°C),Abs,Temperature (°C),Abs,Temperature (°C),Abs
,90,0.337224954915906,21,0.282801959967334,90,0.351136452391371,21,0.295338426983596,90,0.326733431229651,21,0.267908031303953,90,0.34241677227622,21,0.280615782718849,90,0.352034207742687,21,0.29013685966612,90,0.370421659752867,21,0.3019624612893,90,0.401868940674041,21,0.351782986285576,90,0.418848167761076,21,0.36109060912062,90,0.0259271066339527,21,0.025701103267445,90,0.0256561641603932,21,0.025560685872405,90,0.0084760046620326,21,0.00809081330605218,90,0.00812243725403138,21,0.00807425193318911,90,0.00753146568560208,21,0.00737754076875618,90,0.00750106785431932,21,0.00735449336419054,90,0.0262326120242642,21,0.0261511964669138,90,0.0260488850965013,21,0.0258952028244178
,89,0.338450841001113,22,0.282871403393197,89,0.351423829780841,22,0.295298181782378,89,0.327187720821505,22,0.267952050767882,89,0.342737695513469,22,0.280628754825679,89,0.353686461663956,22,0.28993618317519,89,0.370812682215754,22,0.301790014842006,89,0.402776753328826,22,0.352067137880507,89,0.419888295729656,22,0.361305339465967,89,0.0259611392105032,22,0.0256926101811552,89,0.0256736365176385,22,0.0255396408130744,89,0.00838693951842573,22,0.00807333736329776,89,0.00811425164395367,22,0.00807436983271817,89,0.00755703467833987,22,0.00739002738455794,89,0.00747530879573059,22,0.0073079677891339,89,0.0262078739404036,22,0.0261363259968231,89,0.0260189657845393,22,0.0258845789408591
,88,0.338928265844475,23,0.283051727421798,88,0.351305546926893,23,0.295416144892158,88,0.327362663504121,23,0.268138861737626,88,0.342816408809307,23,0.280821044039302,88,0.354881662772709,23,0.289961795630861,88,0.371339525831553,23,0.301877756499102,88,0.403361296480419,23,0.352713285376873,88,0.420206073962451,23,0.361904475659665,88,0.0259382272150802,23,0.0257168891803611,88,0.0256514881551031,23,0.0255126729118455,88,0.00833901230425653,23,0.00806390487665454,88,0.00809057322017463,23,0.00807004363085439,88,0.00753087013119706,23,0.00740729385281177,88,0.00745990107764867,23,0.00731692506742909,88,0.0261804847849407,23,0.0261361508669761,88,0.0260061351964296,23,0.0258858297247405
,87,0.338931999987706,24,0.283507835437751,87,0.351030604379675,24,0.295875715413705,87,0.327697156526044,24,0.268489783152345,87,0.34262450916358,24,0.281229083158924,87,0.355179635014657,24,0.290413586048518,87,0.371158243314242,24,0.302305777259862,87,0.403843235737836,24,0.353836900820425,87,0.419753924050874,24,0.363027703790454,87,0.0258279368941864,24,0.025818189626511,87,0.0256347919784073,24,0.0255063633257856,87,0.00828722402912927,24,0.00805254011617717,87,0.00807305428227515,24,0.00805517005456105,87,0.00751457119272655,24,0.00742789873049595,87,0.00743165244767279,24,0.00730705305493952,87,0.0261779075608356,24,0.0261634701045908,87,0.0259864723139698,24,0.0258804490021109
,86,0.338934032109268,25,0.283918360489621,86,0.350515380900463,25,0.296585536385291,86,0.328153437868609,25,0.268834486243533,86,0.342091809805466,25,0.281707665516082,86,0.355544620221546,25,0.291369874173029,86,0.370492613958946,25,0.30304538877268,86,0.403969873149005,25,0.355054189119567,86,0.419252468765854,25,0.364404744729522,86,0.0258320570295356,25,0.025749894370106,86,0.0256371771686668,25,0.0255046526463616,86,0.0082311351321343,25,0.00805851224688193,86,0.00807929800775923,25,0.00804781219190883,86,0.00750963749106942,25,0.00739183064846117,86,0.00742569396948644,25,0.00730238278343441,86,0.0261479182369187,25,0.0261366318601793,86,0.0259597754320354,25,0.0258764124881077
,85,0.338748104751597,26,0.284458644932698,85,0.349879495552088,26,0.297308244904889,85,0.328113576039726,26,0.269165163643501,85,0.341425667208679,26,0.282151797862416,85,0.355642336779824,26,0.292273429420305,85,0.370045279765022,26,0.303612710970903,85,0.403548653678798,26,0.356262451251342,85,0.418718772505352,26,0.365674131488447,85,0.0258908866737819,26,0.0256986059635518,85,0.0256572105309559,26,0.0254968991349416,85,0.00821225641339696,26,0.00808087976636205,85,0.00808854534699406,26,0.00805989378808381,85,0.00752487135900588,26,0.00738020036172219,85,0.00744933009094869,26,0.00728856618137667,85,0.0261470795800265,26,0.0261422121154957,85,0.0259726777827361,26,0.0258875377071908
,84,0.338007163842767,27,0.285073932713751,84,0.34919384930189,27,0.298107156535015,84,0.327333737280594,27,0.269550296551398,84,0.34073984332616,27,0.282603794524809,84,0.355110822366414,27,0.292906726271771,84,0.369724936163559,27,0.304174347030503,84,0.403089088963183,27,0.357476384757726,84,0.418296041152121,27,0.367003450215866,84,0.0259630643846295,27,0.0257093924354277,84,0.0256458990455401,27,0.0254883025514321,84,0.0081834761014864,27,0.00808297852159238,84,0.00808893845971612,27,0.00805558021022605,84,0.00754366187944823,27,0.00738426298981506,84,0.00745052137340571,27,0.0072836179887125,84,0.026159462651267,27,0.026163311819994,84,0.0259718106548796,27,0.0258875652621975
,83,0.337136849505661,28,0.285586403875503,83,0.348592819768159,28,0.298696794881621,83,0.32639137801303,28,0.270068145173823,83,0.339997317331941,28,0.283091207320861,83,0.354611682742545,28,0.293157897149925,83,0.369435254693781,28,0.304532104575612,83,0.40283537882922,28,0.358752796780176,83,0.417940662317063,28,0.3682429426031,83,0.0258655430983616,28,0.0256862016781389,83,0.0256604981604728,28,0.0254809191839588,83,0.0081618898905865,28,0.00807557587854239,83,0.00808633694942455,28,0.0080462866811643,83,0.00752746600732738,28,0.00737316794631279,83,0.00743710009590363,28,0.00728658935519995,83,0.0261559538810415,28,0.0261496188211693,83,0.0259820027722409,28,0.0258862081786005
,82,0.336307098802532,29,0.286049363428879,82,0.34790035731879,29,0.299224528484951,82,0.325522078875323,29,0.270594755011313,82,0.339324585591187,29,0.283638936813137,82,0.354286842401852,29,0.293314499746371,82,0.368952452910531,29,0.304930311183685,82,0.402755921875216,29,0.359899606382586,82,0.417620217688691,29,0.369488614860687,82,0.0258284284102698,29,0.0256856980384145,82,0.0256679655622918,29,0.0255074163898362,82,0.00815505960106749,29,0.00808307037064485,82,0.00810748813224779,29,0.0080544678119651,82,0.00752287593578111,29,0.00738743575987081,82,0.00744818404224626,29,0.00729489113191518,82,0.0261573896137906,29,0.0261424565665705,82,0.0259907689936232,29,0.0258937023608991
,81,0.335438903140464,30,0.286490510603574,81,0.347145502862011,30,0.299802661747154,81,0.324633588466713,30,0.270993085850847,81,0.33846023975625,30,0.284128325266344,81,0.354030654920042,30,0.293946451347386,81,0.368320896223787,30,0.305556627697507,81,0.402679339055675,30,0.361063101611435,81,0.417383525379888,30,0.370752061180393,81,0.0258008665429689,30,0.0257147317817181,81,0.0256359183025645,30,0.0255092162273995,81,0.00813459614580363,30,0.00807965499259829,81,0.00811902990116694,30,0.00807806040174821,81,0.00749416088926436,30,0.00741414889915472,81,0.00743592307939419,30,0.00731022975444566,81,0.0261455123070402,30,0.0261621351430074,81,0.0259729928957814,30,0.0258972144981745
,80,0.334546027128033,31,0.286837771520762,80,0.346294492075083,31,0.300373499935495,80,0.323610314634653,31,0.271281898043536,80,0.337486007401987,31,0.28458425588355,80,0.353684362940519,31,0.294593223214696,80,0.367435695995927,31,0.306134861705271,80,0.402503285721186,31,0.362253375791599,80,0.417117523374912,31,0.372082837305251,80,0.0257707315293984,31,0.0256767274954453,80,0.0256132739767926,31,0.0254840583914327,80,0.00812839205382932,31,0.00805866360440784,80,0.0081028253242658,31,0.00805490079037072,80,0.00745276040798376,31,0.00739858380306327,80,0.00741057658640298,31,0.00730096285728333,80,0.0261352727256615,31,0.0261476384719094,80,0.0259645942284229,31,0.0258822573383324
,79,0.333550703748172,32,0.287284849328424,79,0.345445101414949,32,0.300921417143581,79,0.322535410207347,32,0.271695192562905,79,0.336434229744352,32,0.285114385966739,79,0.353163337729798,32,0.295031826811432,79,0.366352186888893,32,0.306655760267293,79,0.402370840817174,32,0.36342471474869,79,0.416819788390224,32,0.373422232125899,79,0.0258065938637306,32,0.025722597779626,79,0.0256356219943734,32,0.0254653784565419,79,0.00812531799337247,32,0.00804968353405598,79,0.00809261971007348,32,0.00804268031915175,79,0.00746306401890259,32,0.00738316379598164,79,0.00742542757928061,32,0.00726827669628623,79,0.0261224302087248,32,0.0261283253675063,79,0.0259744110170072,32,0.0258759760700832
,78,0.33235376558281,33,0.28779294158891,78,0.344445490370584,33,0.301500579660281,78,0.321313426909253,33,0.272163394645207,78,0.335295451021311,33,0.28570377454081,78,0.352411309605023,33,0.295702687537777,78,0.365329595009581,33,0.307383415668215,78,0.402185400573155,33,0.36463913265601,78,0.416495858159617,33,0.37472212023079,78,0.0257877864353495,33,0.0257460063874983,78,0.0256537583574942,33,0.025486464747026,78,0.00810907242867541,33,0.0080576291412164,78,0.00809669778508687,33,0.00806480803680197,78,0.00748086832433094,33,0.00738349777620576,78,0.00742807341698841,33,0.00727989015883776,78,0.0261200655330259,33,0.0261364900001274,78,0.0259811663493619,33,0.0258860226406017
,77,0.331187237943835,34,0.288266215877398,77,0.343345159252202,34,0.302243345157472,77,0.31998271463369,34,0.27259803490981,77,0.334002299834629,34,0.286219233916708,77,0.351516718313944,34,0.296418622658924,77,0.364388406321799,34,0.308275789616321,77,0.401908481815428,34,0.365917056553409,77,0.416195122060294,34,0.37601885720675,77,0.0258191277435231,34,0.0257081288058679,77,0.0256544843101445,34,0.0255085419142543,77,0.00810455015075377,34,0.00805304881309111,77,0.00809663269947641,34,0.00804862634298354,77,0.00749044463940145,34,0.00739608946446664,77,0.00741236201697129,34,0.00727095541139826,77,0.0261311336362454,34,0.0261392250086576,77,0.02597595326951,34,0.0258815874047582
,76,0.329763853875634,35,0.288792851875207,76,0.342210092935149,35,0.302916392263579,76,0.318569432404296,35,0.273104537450848,76,0.33267060928712,35,0.286797925905364,76,0.350553207431072,35,0.297054956052675,76,0.363446974029145,35,0.309018001381365,76,0.40164289385871,35,0.36713574655584,76,0.415874642237273,35,0.377376495075633,76,0.0258238614730069,35,0.0257149292907525,76,0.0256386596776098,35,0.0254974051223595,76,0.00808416150332211,35,0.00804824936146069,76,0.00809875302832864,35,0.00803341716365087,76,0.00745500510400143,35,0.0073839525343066,76,0.00741583116896832,35,0.00726082612497803,76,0.0261239704453389,35,0.0261261409153523,76,0.025975947743912,35,0.0258902008884518
,75,0.328381711591784,36,0.289294352843029,75,0.341006755102683,36,0.303538877517265,75,0.317015065303522,36,0.273577765002392,75,0.33121217535961,36,0.287389251545783,75,0.349536029886322,36,0.297723627194509,75,0.362444404031262,36,0.30965188537911,75,0.401346938064547,36,0.368341554998666,75,0.415518714725826,36,0.378699895823025,75,0.0258336670127343,36,0.0256256684755846,75,0.0256032148837446,36,0.0255021009660284,75,0.00808744651589692,36,0.0080603110900052,75,0.00808490929167403,36,0.00803446238746263,75,0.00745926055593279,36,0.00736692715730258,75,0.00740797705641637,36,0.00730471025941517,75,0.0261367546700579,36,0.0261125722895757,75,0.0259440399731908,36,0.0258934377495109
,74,0.326850391089497,37,0.289863272024641,74,0.339716218968897,37,0.304240770029361,74,0.31539275586521,37,0.274095175284794,74,0.329648179876085,37,0.287964341582981,74,0.34843189293004,37,0.298390686773122,74,0.361376248893673,37,0.31022515459727,74,0.400991022712072,37,0.369502448430982,74,0.415371389893634,37,0.379982956505322,74,0.0258228399864023,37,0.0256287906366943,74,0.0256003090351029,37,0.0254554062076698,74,0.00808336241687397,37,0.00806751305872909,74,0.00807107937241933,37,0.00803628164777574,74,0.00746177281932915,37,0.0074037821248136,74,0.00741786853592238,37,0.00726619182795392,74,0.026140696827514,37,0.0261338585705895,74,0.0259254322208696,37,0.0258715879352992
,73,0.325346549977551,38,0.29045508828852,73,0.338508912199236,38,0.304902819942178,73,0.313707412829782,38,0.274675955781058,73,0.328073797226791,38,0.28858576592665,73,0.347250979161782,38,0.299063570677471,73,0.360230984178243,38,0.310842613367423,73,0.400669210688515,38,0.370719737822199,73,0.414959335684429,38,0.381248650106802,73,0.0258493613007136,38,0.0256239107041084,73,0.0256226626924309,38,0.0254384624838324,73,0.00807650035366211,38,0.00805973260717554,73,0.00808931527366837,38,0.00804312261640209,73,0.00746073945311032,38,0.00739341404841119,73,0.00741078860368315,38,0.00724875230666756,73,0.0261357372416079,38,0.0261269047010274,73,0.0259399460396483,38,0.0258696544160975
,72,0.323993838487668,39,0.291124267069926,72,0.337318061221445,39,0.305671949355075,72,0.311962642392496,39,0.275247418323881,72,0.326410001915421,39,0.289245856056847,72,0.345930377629963,39,0.299760361522108,72,0.358953449367949,39,0.311648846812482,72,0.400293576447912,39,0.371878157904337,72,0.414406068866915,39,0.382555181413513,72,0.0259180468444357,39,0.0256117500690784,72,0.025642115293561,39,0.025448683747891,72,0.00806490215246714,39,0.0080438592462406,72,0.00807556449995761,39,0.00806318455195119,72,0.00747026104065455,39,0.00738024208300033,72,0.00739739702897337,39,0.00727709224859777,72,0.0261361891195817,39,0.0261203030109237,72,0.0259411697467715,39,0.0258905518486467
,71,0.322374644967976,40,0.291782531632822,71,0.336100718576709,40,0.306474477586576,71,0.310176897076183,40,0.275873347512211,71,0.324776808245749,40,0.289913551675986,71,0.344416405866202,40,0.300568857514786,71,0.357543547502516,40,0.312451648496371,71,0.399901895276704,40,0.373031266576116,71,0.413951929051312,40,0.383845350295309,71,0.0258706910203757,40,0.0256411606375753,71,0.0256295695554848,40,0.0254291925170437,71,0.008057161111917,40,0.00805067380013949,71,0.00808944582427135,40,0.00804266185986849,71,0.00744631530387377,40,0.00740720064583242,71,0.00742763492213011,40,0.00727181157574827,71,0.0261353207959786,40,0.0261422929341748,71,0.0259303532978555,40,0.025866679734052
,70,0.321019481194693,41,0.292542019354683,70,0.334941063114086,41,0.307226803029873,70,0.308549279897114,41,0.276557797799534,70,0.323274949990857,41,0.290613290204077,70,0.342987766642596,41,0.30145557696389,70,0.356060798866682,41,0.313388204506452,70,0.399512532527521,41,0.374175262030268,70,0.413513832816487,41,0.385138450674708,70,0.0258150018119658,41,0.0256852665255116,70,0.0256215269609504,41,0.0254394695448004,70,0.00806495286514026,41,0.00806223062560584,70,0.00809819210279472,41,0.00804954973832716,70,0.00743065590090072,41,0.007387121726064,70,0.00743530062274857,41,0.00728014703791423,70,0.0261087311361853,41,0.0261341263974464,70,0.0259458985000655,41,0.0258720174515241
,69,0.319743675729397,42,0.293284622227237,69,0.333779004121939,42,0.308056153803558,69,0.307003869967246,42,0.277221438786034,69,0.321747550364927,42,0.291369881344726,69,0.341517884645108,42,0.302374142523637,69,0.354384691431196,42,0.314355191376589,69,0.39912773351753,42,0.375356757266694,69,0.412995746105186,42,0.386409484623115,69,0.0257792234595531,42,0.0257136610938503,69,0.0255978640181992,42,0.0255056674738315,69,0.00807003417017561,42,0.00804767461718712,69,0.00805151338046733,42,0.00805841335946234,69,0.0074217756938249,42,0.00738633416098387,69,0.00737396086978318,42,0.00729970988289127,69,0.0261192411089161,42,0.0261238544090826,69,0.0259155844087278,42,0.0259012203331694
,68,0.31870138930571,43,0.293950292053358,68,0.332725886331896,43,0.308883928701666,68,0.305510611169347,43,0.277966083153105,68,0.320367687610547,43,0.292158683415739,68,0.339838507429347,43,0.303394500861823,68,0.352662077794276,43,0.31538167849455,68,0.398727802210538,43,0.376525822638304,68,0.412554244318663,43,0.387659391274715,68,0.0258357511612325,43,0.0256984698032712,68,0.0255472777706962,43,0.0255139541483051,68,0.00808795073267829,43,0.00802976980496513,68,0.00805636091324793,43,0.0080479655638976,68,0.00744658125411461,43,0.00740213367500131,68,0.00733194343695325,43,0.00729822066651314,68,0.0261386685155535,43,0.0261290207764447,68,0.0258972119492257,43,0.0258942377798858
,67,0.317487708798984,44,0.294680169012167,67,0.331769391317909,44,0.309669729406547,67,0.304091545610605,44,0.278754509542467,67,0.319042949440316,44,0.292925074785285,67,0.338136253902283,44,0.304449034113989,67,0.350878453346579,44,0.316448838797651,67,0.398404699226788,44,0.377724906555533,67,0.412146264563336,44,0.388915850840376,67,0.0258490092435159,44,0.0256793176397928,67,0.0255730699116042,44,0.0254550708880127,67,0.00808709814430499,44,0.00804641391645277,67,0.00807548915357166,44,0.00803876276659109,67,0.00745418930979903,44,0.00741124141321674,67,0.0073664118389196,44,0.0072851354359668,67,0.0261324440367155,44,0.0261349335443367,67,0.0259193083656741,44,0.0258739471468497
,66,0.316525997253614,45,0.295417399888814,66,0.330756071107675,45,0.310531799616692,66,0.30279791371544,45,0.279582331929061,66,0.317787392987969,45,0.293787822889373,66,0.336407867387072,45,0.305540283250977,66,0.349088535848478,45,0.317614122277023,66,0.39804749109653,45,0.378969081711081,66,0.411669952129256,45,0.390244826970289,66,0.0258358946699032,45,0.0256712191367289,66,0.0255902051777677,45,0.0254535949429292,66,0.00808053090191155,45,0.0080498341766912,66,0.00806755739900023,45,0.00805879869035721,66,0.00742503483402298,45,0.00742689434436196,66,0.00736700146372687,45,0.00728853153652285,66,0.0261254002540076,45,0.0261201389537744,66,0.025911355506595,45,0.0258584635928695
,65,0.31551517585162,46,0.296282618119365,65,0.329825324762971,46,0.311358418310529,65,0.301634199093826,46,0.280452792849832,65,0.316530383489933,46,0.29468734676475,65,0.334650951495403,46,0.306670974297202,65,0.347163936487542,46,0.318819053020381,65,0.397547108581156,46,0.380265336608842,65,0.411205556846884,46,0.391579061807085,65,0.0258334627832817,46,0.0256805011745015,65,0.0255642475523388,46,0.0254602424000288,65,0.00808030124279649,46,0.00804902396852001,65,0.00808062655023198,46,0.0080477460842966,65,0.00741935691071406,46,0.00742901163872135,65,0.00737349560032014,46,0.00729338601823455,65,0.0261276048656973,46,0.0261063717058744,65,0.0259098841617215,46,0.0258603211750165
,64,0.314638075142485,47,0.297139092311054,64,0.328963247048209,47,0.312191099301373,64,0.300457135632839,47,0.281413782826958,64,0.315422199263774,47,0.295605282862968,64,0.332807855551815,47,0.307928253938013,64,0.345418967768518,47,0.319996843537928,64,0.397102254844336,47,0.381562063860693,64,0.41073714186307,47,0.392894314730855,64,0.025845354594007,47,0.0256356748592643,64,0.0256128889541125,47,0.0254592532999779,64,0.00809147633306605,47,0.00803758668996781,64,0.00807941485427179,47,0.00802089469838203,64,0.0074178617266394,47,0.00740564526940314,64,0.00736629377489734,47,0.0073028104578097,64,0.0261278070987801,47,0.0260978681190027,64,0.0259252472763179,47,0.0258539723442361
,63,0.313693606467029,48,0.298018883033865,63,0.328127443308419,48,0.313157396596771,63,0.299378065410835,48,0.282442082998256,63,0.314288826044806,48,0.296602810781699,63,0.331096505314216,48,0.309202913379955,63,0.343636680243344,48,0.321290453709312,63,0.396648513694555,48,0.382964104857403,63,0.410599781373382,48,0.39435256223301,63,0.0258236987921325,48,0.0256163537413962,63,0.0256192893538575,48,0.0254258006346117,63,0.00809707520016629,48,0.00804308335148918,63,0.00808614092300701,48,0.00802629227785827,63,0.00743729387602468,48,0.00740492608233413,63,0.00732103733492018,48,0.00728410390956992,63,0.0261401367822689,48,0.0261123041100105,63,0.0259062897453588,48,0.025838366347163
,62,0.312731153291289,49,0.298965385233974,62,0.327264095466588,49,0.314170153372144,62,0.298288181048606,49,0.283524415472354,62,0.313223648161189,49,0.297642809709679,62,0.329399655393464,49,0.310511545989557,62,0.34194058515335,49,0.322640652974359,62,0.396136092256555,49,0.384408252836983,62,0.409949705945371,49,0.39580786973838,62,0.0258412216209068,49,0.0256249529123219,62,0.0255728569280284,49,0.0254413724652654,62,0.00808943860443125,49,0.00805094434842205,62,0.00806822723756776,49,0.00802822690903486,62,0.00743084318761343,49,0.0074014001307476,62,0.00731042597302462,49,0.007295621795236,62,0.0261227879499775,49,0.0261190765803089,62,0.025892849848506,49,0.0258374048952469
,61,0.311908344608923,50,0.30006075447646,61,0.32634793330967,50,0.315142629108573,61,0.297255761030464,50,0.284628481472433,61,0.312201190052245,50,0.298704481942744,61,0.327837071842389,50,0.311794967440105,61,0.340304747987847,50,0.323936295906888,61,0.395641505264249,50,0.385796469023008,61,0.409299433045189,50,0.397242263261753,61,0.0257964361095071,50,0.025684095635768,61,0.0255807089180751,50,0.0254820708094873,61,0.00809213906813428,50,0.00805382626606858,61,0.00807454614172074,50,0.00802208841160694,61,0.00741787151270339,50,0.0074195445682067,61,0.00732598719527433,50,0.00729673596246996,61,0.0261080618408299,50,0.0261170640852687,61,0.0259110619453152,50,0.0258594911143026
,60,0.310975833988641,51,0.300989321927402,60,0.32549410051155,51,0.316179509162088,60,0.296269705042413,51,0.285835690716229,60,0.311174720738438,51,0.299826735598646,60,0.326633164273673,51,0.313125971761678,60,0.338765406942727,51,0.325293613176914,60,0.395105597376166,51,0.38712902561651,60,0.408793155981456,51,0.398691956912225,60,0.0258418188674093,51,0.0256866494553758,60,0.025601853678382,51,0.0254698645872738,60,0.00809595181061773,51,0.00804913141206557,60,0.00810017311361391,51,0.00802824844639075,60,0.00742920626681237,51,0.00742472575586052,60,0.00732407511184624,51,0.0072743360172755,60,0.0261305980990965,51,0.0261075208668669,60,0.0258967734809179,51,0.0258437787445766
,59,0.310163215070921,52,0.302054553703041,59,0.324620413980843,52,0.317216073214406,59,0.295273479266865,52,0.287059386058966,59,0.310136041052279,52,0.300958049714861,59,0.325492475467375,52,0.314485978601228,59,0.337266527442686,52,0.326622879379464,59,0.394556041156375,52,0.38850897832772,59,0.408170592836306,52,0.400087877596188,59,0.0258880891865405,52,0.0256251273368896,59,0.0255843226543563,52,0.0254871592476553,59,0.00810584525063819,52,0.00803291306608338,59,0.00810858208767886,52,0.00802480937001531,59,0.0074207288977722,52,0.00740537349459047,59,0.00730789434985093,52,0.0072946909577403,59,0.0261338680730306,52,0.0261025515976834,59,0.0258897525055274,52,0.0258356216152534
,58,0.309172326364438,53,0.303222862355682,58,0.323668330571974,53,0.318290008361958,58,0.294223348317085,53,0.288303399368927,58,0.309108526431011,53,0.302117201112061,58,0.32386978148675,53,0.315859159636419,58,0.336075291531215,53,0.327954342976929,58,0.393960264742317,53,0.38981039547546,58,0.407497283152088,53,0.401515040712108,58,0.0258115048802718,53,0.0256524911133423,58,0.0255791727115872,53,0.0254594246370695,58,0.00809037601877329,53,0.00803169497573391,58,0.00809116753993343,53,0.00803182530570014,58,0.00740840472435392,53,0.00740535895088259,58,0.00733565612452655,53,0.00727793845810062,58,0.0261171436772779,53,0.0261198549743358,58,0.0258997983948889,53,0.0258353357533818
,57,0.308236510554644,54,0.304311021466172,57,0.322740458627555,54,0.319443431842799,57,0.293179474177696,54,0.289561293305239,57,0.308052710858175,54,0.303324081681544,57,0.322343228060852,54,0.317200807576221,57,0.334689238552267,54,0.329305717031172,57,0.393325138310236,54,0.391037596465659,57,0.406742952815434,54,0.402883909647017,57,0.0257769962258166,54,0.0256604812885905,57,0.0255543349695196,54,0.0254773921336906,57,0.00806015281875034,54,0.00803556320000827,57,0.00807455092692091,54,0.00800957748290232,57,0.00739282423273303,54,0.00740750550599264,57,0.00732425694820124,54,0.00728624756347938,57,0.0261020769354247,54,0.026118936548957,57,0.0258708184358121,54,0.02583849781264
,56,0.30733641106611,55,0.305382934762517,56,0.321764799145178,55,0.320507643475329,56,0.292144577435936,55,0.290832699964863,56,0.306973611906446,55,0.304541176345926,56,0.320956797342261,55,0.318545829165749,56,0.333476709504403,55,0.330648032620512,56,0.39266317638436,55,0.392195243742299,56,0.405926425636534,55,0.404143492163506,56,0.0257685880874995,55,0.0256142587464896,56,0.0255303070234233,55,0.0254373638765949,56,0.00806460021037707,55,0.00802222018558399,56,0.00805627200419551,55,0.00800437084796254,56,0.00740961851803146,55,0.00741044068050711,56,0.00731131733195211,55,0.00726298436765088,56,0.0260998464006444,55,0.0261102588774375,56,0.0258647459708708,55,0.0258125291129062
,55,0.30628145731193,56,0.306520695886107,55,0.320823362619583,56,0.321663643176218,55,0.29110612365958,56,0.292104850445813,55,0.305922648524988,56,0.305707701313589,55,0.319680729519976,56,0.319897788724814,55,0.332242951255521,56,0.331967533264313,55,0.391941689899124,56,0.39326593987926,55,0.405066160636652,56,0.405330563146828,55,0.0257528447494341,56,0.0256064678944691,55,0.0255610782582806,56,0.0254710687875548,55,0.00806977006159711,56,0.00801596053232925,55,0.00804543962422949,56,0.00801602795089387,55,0.0074072510711527,56,0.00740706886579409,55,0.0073133069963297,56,0.0072693184560865,55,0.02609723879435,56,0.0261007431050222,55,0.0258802076908795,56,0.0258391971430855
,54,0.305295160904674,57,0.307627905367605,54,0.319907184008985,57,0.322695866572588,54,0.290037538874527,57,0.293342201451252,54,0.304852716126642,57,0.306937574374565,54,0.318407399006832,57,0.321260527567061,54,0.330909128579717,57,0.333316725310218,54,0.391188879461287,57,0.394325335171848,54,0.404124355871139,57,0.406411168693027,54,0.025738966066243,57,0.0256085245577338,54,0.0255419666565061,57,0.0254726097454414,54,0.00806465565250049,57,0.00802468161220731,54,0.00804653077072887,57,0.00802487039652005,54,0.00738542754364837,57,0.00739518001615941,54,0.00730128364379428,57,0.0073009595863253,54,0.0260942686239898,57,0.026092221650469,54,0.0258527286982879,57,0.0258644328431823
,53,0.304362132372046,58,0.308821961410644,53,0.318898153917883,58,0.323796267318804,53,0.289003149900183,58,0.294530266846353,53,0.303750789045179,58,0.308123832778053,53,0.317186787109881,58,0.322620773465027,53,0.329668894901298,58,0.334682363269934,53,0.390338886262159,58,0.395326198576624,53,0.403115458551066,58,0.407474511831052,53,0.025771552210384,58,0.0256500396586387,53,0.0255144541263903,58,0.0254969148837991,53,0.008060142447907,58,0.00805847902243978,53,0.00805691217094134,58,0.00804361431030737,53,0.00738222195412301,58,0.00743610829736722,53,0.00729760484962604,58,0.00732810644895008,53,0.0261083335064058,58,0.0261156749127598,53,0.0258545434250532,58,0.0258556961151555
,52,0.303381240167166,59,0.310085641176261,52,0.317940261562414,59,0.324860071398402,52,0.287923318588118,59,0.295692010425008,52,0.302648603801789,59,0.309340505061079,52,0.315940150216138,59,0.324034961501417,52,0.328422391550248,59,0.336075881555807,52,0.389414696188401,59,0.396278696497267,52,0.402049128199306,59,0.408413512135652,52,0.0257943543761074,59,0.0256062303941726,52,0.0255212659741557,59,0.0254556628511897,52,0.00806069225360511,59,0.00806161536129157,52,0.00807010720326323,59,0.00802251376132973,52,0.00739201596302979,59,0.00741617098541205,52,0.00730691313427902,59,0.00730022756872342,52,0.026109164249019,59,0.026091460434709,52,0.0258508589904051,59,0.025835331040767
,51,0.302386967607863,60,0.311225233163739,51,0.317014166512156,60,0.325940475422802,51,0.286842031718286,60,0.296841185493088,51,0.301611562045173,60,0.310692414776388,51,0.314657084419143,60,0.325491356397988,51,0.327174852576867,60,0.337452698558682,51,0.388397601890132,60,0.397154736992646,51,0.400842775077498,60,0.409336501358385,51,0.0257192689146532,60,0.0256104809223307,51,0.0255493019809302,60,0.0254664228024693,51,0.00809593420679375,60,0.00805794485820271,51,0.00806856021753076,60,0.00803551701582502,51,0.00739836701028193,60,0.00741433576538283,51,0.00732710722901002,60,0.00728294617564543,51,0.0261096856368349,60,0.0260860730143713,51,0.0258716349123843,60,0.0258332204096038
,50,0.301395481685364,61,0.312344115036969,50,0.316130354595322,61,0.326973728001288,50,0.285776794496879,61,0.297885373012215,50,0.30051606361884,61,0.312282894885364,50,0.313423540952623,61,0.326886627979731,50,0.325903162501627,61,0.338939751739213,50,0.387271850377621,61,0.397919044954213,50,0.399609521295583,61,0.410176815943696,50,0.0257725890266689,61,0.0256878735067942,50,0.0255498152158163,61,0.025477180886119,50,0.00809955328364481,61,0.00807793674559445,50,0.00805628368314558,61,0.00804950118574333,50,0.00743344582855464,61,0.00745341769607294,50,0.00733661956336934,61,0.0072994189725803,50,0.0261365826146599,61,0.0261074804145926,50,0.0258766989371767,61,0.0258372352019353
,49,0.300428374167888,62,0.313336302306644,49,0.315184464890509,62,0.327945752918498,49,0.284741530689592,62,0.29898007444353,49,0.299440350632173,62,0.313595777235252,49,0.312186751572338,62,0.32841140891532,49,0.324601616953986,62,0.340371786678526,49,0.386101815342227,62,0.398656768656556,49,0.398279659666582,62,0.410983231272573,49,0.0257422098951805,62,0.0256712080146253,49,0.025574365000244,62,0.0254784131765737,49,0.00808168835146115,62,0.00808201865252423,49,0.00807174860776205,62,0.00804561519280792,49,0.00742570181781446,62,0.00745491347641053,49,0.00736211452450244,62,0.00730188203288224,49,0.0261227612115452,62,0.0260961350316447,49,0.025879941128036,62,0.0258309165044152
,48,0.299506191381993,63,0.314475415208037,48,0.314202325686536,63,0.328887771467134,48,0.283709318234277,63,0.300023887867952,48,0.298399578151122,63,0.314818900874374,48,0.310920114825423,63,0.329965817297,48,0.323274955849633,63,0.341931691944288,48,0.384865969018012,63,0.399320316269623,48,0.396927495599236,63,0.411682735322726,48,0.0257532200814951,63,0.0257108225746732,48,0.0255441762229566,63,0.0255450549833199,48,0.00808616993008179,63,0.00810282479088079,48,0.0080410144010612,63,0.00806280962720463,48,0.00742625913072262,63,0.00743497975952868,48,0.00734080387071691,63,0.0073354969462144,48,0.0261083997582106,63,0.0260890102000208,48,0.0258649980355015,63,0.0258601403635622
,47,0.298613942272799,64,0.315679398451417,47,0.313309793169157,64,0.32978608370828,47,0.282716307434835,64,0.301074155198695,47,0.29738712250157,64,0.316096765026951,47,0.309676641663944,64,0.331631577886545,47,0.322024947897191,64,0.343596641406932,47,0.383591062122387,64,0.399991886300275,47,0.395487682879351,64,0.412361047442264,47,0.0257880666773797,64,0.0257638321094077,47,0.0255292673091703,64,0.0255001452544643,47,0.00810741637959182,64,0.00811990718348565,47,0.00804375126956932,64,0.00805596244984366,47,0.00743675413669406,64,0.00743578616122916,47,0.00730828948012147,64,0.00732147564345579,47,0.0261090498639382,64,0.0260942502596929,47,0.0258471424385008,64,0.0258503940055689
,46,0.297674301653391,65,0.316528397925278,46,0.31245023852432,65,0.330800930519982,46,0.281762034991589,65,0.302189272196217,46,0.296418956990875,65,0.317213148135558,46,0.308435699580928,65,0.333417104757132,46,0.320776620875971,65,0.345350253641905,46,0.382266976281486,65,0.400563651727506,46,0.394087513540831,65,0.413017199291213,46,0.0257595419120151,65,0.0257396388984266,46,0.0255656139868696,65,0.0255148427174612,46,0.00812417274211791,65,0.00811395232676984,46,0.00806881734761567,65,0.00804603735795182,46,0.00741296635962768,65,0.00744715888580538,46,0.00731850369243494,65,0.00733812092407116,46,0.026117683336402,65,0.0261105303289978,46,0.0258607892745111,65,0.0258382322638732
,45,0.29676841491376,66,0.317560612994521,45,0.311571186260164,66,0.331987999129558,45,0.280812176131519,66,0.303335029065079,45,0.295467263575254,66,0.318308613848445,45,0.307166654744849,66,0.335253959711495,45,0.319538408488449,66,0.347201598143502,45,0.380927953091512,66,0.401133182723824,45,0.392723817882689,66,0.413874321997698,45,0.0257606339092445,66,0.0257564010491329,45,0.025566421240869,66,0.0255275327771893,45,0.00811502510385134,66,0.0081140790181882,45,0.00806396272387663,66,0.00807075654334058,45,0.00741021139818663,66,0.00746856511367967,45,0.00732160953150767,66,0.00735758742768874,45,0.0261107143173494,66,0.0261186007207002,45,0.0258612012585885,66,0.0258705075223423
,44,0.295906160335378,67,0.318693944103044,44,0.31073994934968,67,0.333166273247031,44,0.279924951528109,67,0.304562812303431,44,0.294571758585302,67,0.319423021315964,44,0.305967013592389,67,0.337160866832343,44,0.318328642789113,67,0.349123058320275,44,0.379584657977798,67,0.401752776380641,44,0.391416257726361,67,0.414638464034814,44,0.0257530635795015,67,0.0257496176979009,44,0.0255623131701807,67,0.0255241940071796,44,0.00810421959467539,67,0.00811614443183206,44,0.00806529109080427,67,0.00807181508060143,44,0.0074238527542902,67,0.00748210378498889,44,0.00729519723610034,67,0.00734171513844084,44,0.0261146837424767,67,0.0261142253556472,44,0.025864806949267,67,0.0258859549404853
,43,0.295061909524944,68,0.319810395509336,43,0.309966123043375,68,0.334327049056142,43,0.279087206210902,68,0.305916901831027,43,0.293717463717867,68,0.320624126739092,43,0.304818264634141,68,0.339163177977135,43,0.317157477590351,68,0.35100895845585,43,0.378371722803856,68,0.402392724221995,43,0.390112256815893,68,0.41481277625093,43,0.0257329136276841,68,0.0257433038224332,43,0.0255748531381577,68,0.0255475890655653,43,0.00811675632345225,68,0.0081156205331927,43,0.00805842804835627,68,0.00806798585130548,43,0.00744618055661525,68,0.00748454216136028,43,0.00733109799315789,68,0.00734997122225559,43,0.0261401431197915,68,0.0261037917216425,43,0.0258610352875071,68,0.0258691502607812
,42,0.294318008725984,69,0.321107443314887,42,0.309166686465171,69,0.335565516137431,42,0.278275310644769,69,0.307427490848915,42,0.292879393706921,69,0.322098092138129,42,0.303667434524078,69,0.341163271449615,42,0.316015593175576,69,0.352947555244713,42,0.377128875133669,69,0.40296878894555,42,0.388840308343423,69,0.415370444932161,42,0.0257714650701988,69,0.0257005693726104,42,0.0255551446124165,69,0.025538097634315,42,0.00812615911024689,69,0.00812510480214856,42,0.00806134541139401,69,0.00809240257508171,42,0.00743685625601685,69,0.00746067179192409,42,0.00730157253022724,69,0.00736639443694539,42,0.026138860356776,69,0.0261012459119289,42,0.0258565247414619,69,0.025870224056824
,41,0.29360801959574,70,0.322398160051606,41,0.308316330196288,70,0.336837008362783,41,0.277497618118554,70,0.309054150922137,41,0.292072560097633,70,0.323866893773569,41,0.302587526155119,70,0.343054038221854,41,0.314892293534941,70,0.354894726261959,41,0.375941131595129,70,0.403466051423898,41,0.387596416416154,70,0.41591579728127,41,0.0257815715751255,70,0.0257349234728654,41,0.0255673980206118,70,0.0255373156562605,41,0.00811270141403563,70,0.00813847194248698,41,0.0080716279570937,70,0.00808600111918519,41,0.00742151537822552,70,0.00747250573043436,41,0.00732676512908018,70,0.00736656236545585,41,0.0261272009659244,70,0.0261186217976801,41,0.0258730208389567,70,0.0258937457206633
,40,0.292878543983354,71,0.323766652122557,40,0.307585002004539,71,0.338185611182513,40,0.276789749817279,71,0.310754274318585,40,0.29128045263298,71,0.325429614084369,40,0.301568108553543,71,0.344906799811432,40,0.313830427354759,71,0.356834853408359,40,0.374787499040947,71,0.404042951986803,40,0.386380203361763,71,0.416476492810871,40,0.0257415517286199,71,0.025721063086763,40,0.0255594815108295,71,0.0255607269174094,40,0.00810944040411211,71,0.00814786477834136,40,0.00805113466571424,71,0.00806935353156193,40,0.00741177780044555,71,0.00747830233249617,40,0.00732409974734358,71,0.00738635767007661,40,0.0261234115055114,71,0.0261270939094458,40,0.0258505089791934,71,0.0259005327667776
,39,0.292184608399338,72,0.324901360044172,39,0.306871222963524,72,0.339477571701151,39,0.276131776359969,72,0.312528951686872,39,0.290556634251039,72,0.326947148410752,39,0.300553006571274,72,0.34674843214882,39,0.312922500367425,72,0.358743856894377,39,0.373631622000133,72,0.404644171205169,39,0.385168489714444,72,0.417077061698069,39,0.0257275001664909,72,0.0256927530885035,39,0.0255441662025105,72,0.0255385403187443,39,0.00811250546086234,72,0.00814732573532611,39,0.00806945346759274,72,0.00806201245131101,39,0.00742349836936195,72,0.00747497297719549,39,0.00730681119202119,72,0.00737183269762492,39,0.0261254261740407,72,0.0261222330126838,39,0.0258400264369742,72,0.0258769357522168
,38,0.2914992701469,73,0.326300975937142,38,0.306077817944177,73,0.340648566747633,38,0.275499922754101,73,0.314371678442489,38,0.289832636362,73,0.328524734801801,38,0.299609119819282,73,0.350360313515272,38,0.312000898722153,73,0.360495957751425,38,0.372495751520022,73,0.405252507007398,38,0.383913263069487,73,0.417692833776813,38,0.0257488561911415,73,0.0256668231784359,38,0.0255199499414484,73,0.0255648307229467,38,0.00811321611018961,73,0.00812591704510287,38,0.00804903496137833,73,0.00808879061327574,38,0.00744103026263106,73,0.00746042054098847,38,0.00728482869532378,73,0.00740407908235776,38,0.0261248768886735,73,0.0260962879653182,38,0.0258370371951275,73,0.0258954848882585
,37,0.290850279177063,74,0.328194227469911,37,0.305333068277406,74,0.341962724977664,37,0.274860188183144,74,0.316435790008056,37,0.289185885622924,74,0.330191095170449,37,0.298746855749755,74,0.352619248989912,37,0.311213676676541,74,0.362126962872725,37,0.371440761118642,74,0.405870078819122,37,0.382681040799268,74,0.418280488600155,37,0.0257138069935128,74,0.0256719832755888,37,0.0254976149167314,74,0.0256153032469642,37,0.00811316923331475,74,0.00814624123794937,37,0.00805091964153441,74,0.0081064250505295,37,0.00741607632021001,74,0.00747179031845236,37,0.00727581351236068,74,0.00744318807880338,37,0.026129890387873,74,0.0261128718459729,37,0.0258316351250129,74,0.025913004498426
,36,0.290336073003136,75,0.330036051571466,36,0.304619674531945,75,0.343406847065687,36,0.274268202424962,75,0.318592248036196,36,0.288547606302878,75,0.331854700252656,36,0.297912721676625,75,0.352327187734903,36,0.310439191112282,75,0.363726843975585,36,0.370352549194793,75,0.40648214291812,36,0.381435313420465,75,0.418874663112701,36,0.0257608562932849,75,0.025690785600324,36,0.0255273691217468,75,0.0255917788739966,36,0.00811400286481362,75,0.00817011923229101,36,0.00807785259764262,75,0.00809737540747382,36,0.00740671787529758,75,0.00747678712303251,36,0.00730023470991189,75,0.00741594509143387,36,0.0261448367583405,75,0.0261256856662093,36,0.0258704049679482,75,0.0258910368877569
,35,0.289702077008471,76,0.331769676645967,35,0.3039403059365,76,0.344900750354391,35,0.273751269604217,76,0.320690560423597,35,0.287926416966954,76,0.33360386120279,35,0.297119639897128,76,0.3538774782556,35,0.309707721807623,76,0.365425887540842,35,0.369183527293987,76,0.40712048588304,35,0.380232487118374,76,0.419644241542488,35,0.0257690092581752,76,0.0256737303630667,35,0.025556391575671,76,0.0255741100215877,35,0.00811028327686039,76,0.00815795301732452,35,0.00807361769998908,76,0.00807268716328661,35,0.0074202014662019,76,0.00743538475887944,35,0.0073514735836512,76,0.00738317025355918,35,0.026146148942219,76,0.0260842949520586,35,0.0258830090083241,76,0.0258494980097328
,34,0.289091213032485,77,0.333408915977579,34,0.303276895137969,77,0.346651081814418,34,0.273304244373452,77,0.322679791877952,34,0.287371322240515,77,0.335344732423498,34,0.296394232360221,77,0.35530843656145,34,0.309022651784106,77,0.367089831746859,34,0.368394256097167,77,0.407759757297987,34,0.378934196692228,77,0.420632731836028,34,0.0257311721568868,77,0.0256976122000319,34,0.0255319503777232,77,0.0255706732488739,34,0.00809747298774018,77,0.00815055054903379,34,0.00808659044949073,77,0.00806998141739098,34,0.00740786860016381,77,0.00743852487820213,34,0.00731805505442022,77,0.00738075156881964,34,0.0261212160964026,77,0.0260668666159726,34,0.0258645313342968,77,0.02585122008464
,33,0.288573579757675,78,0.335144122645483,33,0.302640933054435,78,0.348664878278333,33,0.272858493135821,78,0.324528806667501,33,0.286787817970406,78,0.3370651787224,33,0.295698012364941,78,0.356568124828599,33,0.308366744490444,78,0.368458960996983,33,0.367218270709304,78,0.408449190351702,33,0.377697405229211,78,0.421614482678374,33,0.0257438032109772,78,0.0258079788113644,33,0.0255681623471494,78,0.0255854710982376,33,0.00809351445332983,78,0.00815057439063461,33,0.0080890449760358,78,0.00808454791547273,33,0.00741583792606165,78,0.00746432318887658,33,0.00733886293394241,78,0.00738922541945445,33,0.0261150173787373,78,0.0260885071783538,33,0.025889147719277,78,0.025874701508144
,32,0.288065486059725,79,0.336748356641062,32,0.301970449127403,79,0.350405363931081,32,0.272390859179605,79,0.32624327190978,32,0.286233663348769,79,0.338832132975126,32,0.29513586192458,79,0.357768619183888,32,0.307681238358067,79,0.369798890545593,32,0.365828202183765,79,0.409154163286574,32,0.376386098558827,79,0.422625785045598,32,0.0257473217895102,79,0.0258219962046981,32,0.0255619629795136,79,0.0255927938959131,32,0.00810187444216037,79,0.00815232478033629,32,0.00806439624156582,79,0.00809215295251645,32,0.00742158897808915,79,0.00747876832417029,32,0.00731026649919337,79,0.00742548460547596,32,0.026135873766915,79,0.0261151106610639,32,0.0258666404216522,79,0.025900558322855
,31,0.287584084995945,80,0.337974094079305,31,0.301299682519478,80,0.351875595359161,31,0.271909887924643,80,0.327893299237654,31,0.28568406336236,80,0.340657089232731,31,0.294609594954986,80,0.358903432059924,31,0.307109871423026,80,0.370988921514031,31,0.364683353929909,80,0.409866783130997,31,0.375096772441078,80,0.423477439561483,31,0.0257429476307822,80,0.0257172690684901,31,0.0255628766849041,80,0.0255674582802877,31,0.00810882514196466,80,0.00813938932776215,31,0.00807286729019068,80,0.00809385372849451,31,0.00739523921166971,80,0.00748738594720612,31,0.0073662230397757,80,0.00743706652581585,31,0.0261391235303917,80,0.0261114609569382,31,0.0258894058670623,80,0.0258915621935966
,30,0.287064500248872,81,0.339404779763099,30,0.300697642902477,81,0.353286793175138,30,0.271486287546968,81,0.329462745868345,30,0.285179685575766,81,0.342357394075569,30,0.294069042934408,81,0.359942270071711,30,0.306613532557972,81,0.372058965381034,30,0.363572982461682,81,0.41065521699215,30,0.37387732406158,81,0.424294460585124,30,0.0257740856780195,81,0.0255928388128793,30,0.0255750851413599,81,0.0255664587736405,30,0.00812278179347329,81,0.00804221045959025,30,0.00807032129259224,81,0.00812132474398918,30,0.00741568425762793,81,0.00739114419989023,30,0.00733243706228053,81,0.00744272597393064,30,0.0261779072279352,81,0.0259874241144876,30,0.0258720102996732,81,0.025917037864512
,29,0.286580837645163,82,0.340666968786421,29,0.300021934658951,82,0.354640292371894,29,0.271109830386169,82,0.33090358572709,29,0.284652002743241,82,0.343802751905819,29,0.29358515964756,82,0.360908536845889,29,0.306019578659562,82,0.373128201523899,29,0.36259022124068,82,0.411318426522407,29,0.372461512324553,82,0.425081967248994,29,0.0258028936192791,82,0.0256042166438691,29,0.0255564295069222,82,0.025550915436685,29,0.00812472678656805,82,0.00803130410238196,29,0.00807238054669064,82,0.0081162023905223,29,0.00741623493759395,82,0.00737306182141119,29,0.00734254772196017,82,0.00743193417117253,29,0.0261514816496993,82,0.0260085741266057,29,0.0258829604276781,82,0.0259159971574368
,28,0.286103197535673,83,0.341850024900571,28,0.299489783794107,83,0.355996095116364,28,0.27074073436959,83,0.332330765439128,28,0.284215391079061,83,0.345107009785132,28,0.293213654272336,83,0.361878359077148,28,0.305595170691261,83,0.374114679673883,28,0.361395718116665,83,0.411930115447197,28,0.371357142365074,83,0.425906591816444,28,0.0257486057496034,83,0.0256851579664818,28,0.0255684043090663,83,0.0255267200125268,28,0.00810860700115739,83,0.00814212803044908,28,0.00806811383888868,83,0.00812020422458236,28,0.00740171994425519,83,0.00747993173451688,28,0.00733508349481992,83,0.00742496983939033,28,0.0261164266992629,83,0.0260824928914722,28,0.0258719451606278,83,0.0258921726108962
,27,0.285678558164506,84,0.342982265033829,27,0.298977415682303,84,0.357186720119447,27,0.270405344861743,84,0.333694233476781,27,0.283786225422751,84,0.34630688828375,27,0.293281182631835,84,0.363031536971123,27,0.305166229518507,84,0.375102243268366,27,0.360294034957991,84,0.412550919444476,27,0.370163364069629,84,0.426805632045506,27,0.0257386700073522,84,0.0256664538267605,27,0.0255334315317251,84,0.0255277354755143,27,0.00810597446985252,84,0.00813232118243037,27,0.00806844121405388,84,0.00811546812336923,27,0.00740896286455915,84,0.00746081784069154,27,0.00731592991173243,84,0.00741277880170753,27,0.0261318084385721,84,0.0260698891785594,27,0.025853597528888,84,0.025884657966571
,26,0.285291967725015,85,0.34404758397763,26,0.298455233567853,85,0.358435066620218,26,0.270032025313471,85,0.335053271531419,26,0.283324305562038,85,0.347625828314105,26,0.293104863758562,85,0.364332433619958,26,0.304708538903631,85,0.37638495819948,26,0.359106053763045,85,0.413357329453279,26,0.368977809839147,85,0.427667070038051,26,0.0257550025624783,85,0.0257237648115025,26,0.0255397865655953,85,0.0255699640026822,26,0.00811647777282923,85,0.00811560081068318,26,0.00807522818486548,85,0.00810027501881698,26,0.00741759068843392,85,0.00745654166179854,26,0.00732013285970941,85,0.00744005945734941,26,0.0261378296286726,85,0.0260882904511838,26,0.0258514287296165,85,0.0259031527901567
,25,0.284880586422516,86,0.345122003401717,25,0.297935867614489,86,0.359646022432059,25,0.269666563895108,86,0.336274640091517,25,0.282839367357528,86,0.348844966091915,25,0.292439017109644,86,0.365458566488682,25,0.304198389302699,86,0.377812415075495,25,0.358007180766804,86,0.414191874101499,25,0.367582287507446,86,0.428399205495589,25,0.0257604594694978,86,0.0257077239857696,25,0.0255590755720193,86,0.0255857503722888,25,0.00812369258905385,86,0.00812126268366163,25,0.00807885178157943,86,0.00812538704181003,25,0.00742174396507918,86,0.00746134858238785,25,0.0073377968258313,86,0.00744740079387038,25,0.0261316862080984,86,0.0260798803987767,25,0.0258746404515509,86,0.025923485898049
,24,0.284444953879448,87,0.346217308317659,24,0.297351822360744,87,0.360745499552043,24,0.269295713666614,87,0.337475914245943,24,0.282321343798685,87,0.34996962483485,24,0.292019908604751,87,0.366571472797454,24,0.303633992592606,87,0.378958120604002,24,0.356661686198147,87,0.414979927205264,24,0.366134033774698,87,0.429270616991411,24,0.0257590677838164,87,0.0256512823787579,24,0.0255826788861934,87,0.0255970737855868,24,0.00811771840347065,87,0.00812992974136909,24,0.00808951936975286,87,0.00812998649489548,24,0.00740898322186034,87,0.00745856170606964,24,0.00734716978158416,87,0.00745896225461931,24,0.0261361050064124,87,0.0260727917795277,24,0.0258800561698523,87,0.0259380031667184
,23,0.284062048306326,88,0.34727912515849,23,0.296793820575672,88,0.361867818019924,23,0.268940111301415,88,0.338654525538623,23,0.281865703066073,88,0.351167607034832,23,0.291620595065486,88,0.36760468236229,23,0.303204243336799,88,0.379844540790931,23,0.355490880675678,88,0.415663811302272,23,0.364863873101798,88,0.429276754556847,23,0.0257526961120371,88,0.0257026896080216,23,0.0255917702542057,88,0.0255723012655504,23,0.00812245698671236,88,0.00812634737448222,23,0.00809030921163693,88,0.00814184927890472,23,0.00741523592370058,88,0.0074607261061261,23,0.00736911400617655,88,0.00743532774462263,23,0.0261676733375306,88,0.0260649775768506,23,0.0258885933987129,88,0.0259170200985101
,22,0.283707125196822,89,0.348228254491743,22,0.296252417673233,89,0.363024350646727,22,0.268627941584629,89,0.339674034027916,22,0.281457213889716,89,0.352429476216298,22,0.291245000359556,89,0.368416047827597,22,0.302784546213028,89,0.38061768909286,22,0.354326542346562,89,0.416301150021077,22,0.36357304045946,89,0.427927351365919,22,0.025777381966155,89,0.0256899883437053,22,0.0255257923719285,89,0.0255767457163534,22,0.00812190182316072,89,0.00811877375231914,22,0.00809637988808305,89,0.00812605704521705,22,0.0073958782179285,89,0.00748141921649913,22,0.00731456033342117,89,0.00743915517674713,22,0.026156465547026,89,0.0260524084273435,22,0.0258726743068797,89,0.0259265067306708
,21.2999992370605,0.283492977157828,89.6999969482422,0.348902131312443,21.2999992370605,0.29591462621408,89.6999969482422,0.363886999730214,21.2999992370605,0.268418310681515,89.6999969482422,0.340372349438571,21.2999992370605,0.281185841986859,89.6999969482422,0.353223523952098,21.2999992370605,0.290988795205603,89.6999969482422,0.368969006570798,21.2999992370605,0.302561412823823,89.6999969482422,0.381126411802986,21.2999992370605,0.35354243566438,89.6999969482422,0.416811755264556,21.2999992370605,0.362732553505511,89.6999969482422,0.425359623393782,21.2999992370605,0.02576424690014,89.6999969482422,0.0256540029441194,21.2999992370605,0.0255240079081078,89.6999969482422,0.0255905678513395,21.2999992370605,0.00810737716288733,89.6999969482422,0.00812044756025392,21.2999992370605,0.00808018959283446,89.6999969482422,0.00810680254761236,21.2999992370605,0.00737704217357491,89.6999969482422,0.00750841785797165,21.2999992370605,0.00730987459876219,89.6999969482422,0.00744680121440522,21.2999992370605,0.0261369271543435,89.6999969482422,0.0260505220803015,21.2999992370605,0.0258751089112416,89.6999969482422,0.0259352858359131
