CSV Report,2024-01-25_RNA_melting_KCl.csv
Worksheet Type,Thermal

METHOD
X mode,nm
Y mode,Abs
Collect mode,Wavelength
Wavelengths (nm),260.00,400.00
Averaging Time (s),.1
Spectral Bandwidth (nm),2
Detector module,Multicell Peltier UV-Vis
Zero,Off
Experiment Zones,1

Temperature Collection
Start (°C),90.0
Return (°C),21.0

Derivative
Lower limit (°C),-5
Upper limit (°C),110

Number of stages,4
Stage,Collect data,Data Interval (°C),Rate (°C/min),End (°C),Hold (min)
Stage 1,Yes,1.0,1.0,21.0,2.00
Stage 2,Yes,1.0,1.0,90.0,2.00
Stage 3,Yes,1.0,1.0,21.0,2.00
Stage 4,Yes,1.0,1.0,90.0,0.00

SAMPLES
Name,26 mM KCl_260.00nm_90.0-21.0C,,26 mM KCl_260.00nm_21.0-90.0C,,26 mM KCl_260.00nm_90.0-21.0C_R1,,26 mM KCl_260.00nm_21.0-90.0C_R1,,21 mM KCl_260.00nm_90.0-21.0C,,21 mM KCl_260.00nm_21.0-90.0C,,21 mM KCl_260.00nm_90.0-21.0C_R1,,21 mM KCl_260.00nm_21.0-90.0C_R1,,17 mM KCl_260.00nm_90.0-21.0C,,17 mM KCl_260.00nm_21.0-90.0C,,17 mM KCl_260.00nm_90.0-21.0C_R1,,17 mM KCl_260.00nm_21.0-90.0C_R1,,8.3 mM KCl_260.00nm_90.0-21.0C,,8.3 mM KCl_260.00nm_21.0-90.0C,,8.3 mM KCl_260.00nm_90.0-21.0C_R1,,8.3 mM KCl_260.00nm_21.0-90.0C_R1,,26 mM KCl_400.00nm_90.0-21.0C,,26 mM KCl_400.00nm_21.0-90.0C,,26 mM KCl_400.00nm_90.0-21.0C_R1,,26 mM KCl_400.00nm_21.0-90.0C_R1,,21 mM KCl_400.00nm_90.0-21.0C,,21 mM KCl_400.00nm_21.0-90.0C,,21 mM KCl_400.00nm_90.0-21.0C_R1,,21 mM KCl_400.00nm_21.0-90.0C_R1,,17 mM KCl_400.00nm_90.0-21.0C,,17 mM KCl_400.00nm_21.0-90.0C,,17 mM KCl_400.00nm_90.0-21.0C_R1,,17 mM KCl_400.00nm_21.0-90.0C_R1,,8.3 mM KCl_400.00nm_90.0-21.0C,,8.3 mM KCl_400.00nm_21.0-90.0C,,8.3 mM KCl_400.00nm_90.0-21.0C_R1,,8.3 mM KCl_400.00nm_21.0-90.0C_R1,
Collection Time,2024-01-25 10:58:32 (+01:00),,2024-01-25 10:58:32 (+01:00),,2024-01-25 10:58:32 (+01:00),,2024-01-25 10:58:32 (+01:00),,2024-01-25 10:58:32 (+01:00),,2024-01-25 10:58:32 (+01:00),,2024-01-25 10:58:32 (+01:00),,2024-01-25 10:58:32 (+01:00),,2024-01-25 10:58:32 (+01:00),,2024-01-25 10:58:32 (+01:00),,2024-01-25 10:58:32 (+01:00),,2024-01-25 10:58:32 (+01:00),,2024-01-25 10:58:32 (+01:00),,2024-01-25 10:58:32 (+01:00),,2024-01-25 10:58:32 (+01:00),,2024-01-25 10:58:32 (+01:00),,2024-01-25 10:58:32 (+01:00),,2024-01-25 10:58:32 (+01:00),,2024-01-25 10:58:32 (+01:00),,2024-01-25 10:58:32 (+01:00),,2024-01-25 10:58:32 (+01:00),,2024-01-25 10:58:32 (+01:00),,2024-01-25 10:58:32 (+01:00),,2024-01-25 10:58:32 (+01:00),,2024-01-25 10:58:32 (+01:00),,2024-01-25 10:58:32 (+01:00),,2024-01-25 10:58:32 (+01:00),,2024-01-25 10:58:32 (+01:00),,2024-01-25 10:58:32 (+01:00),,2024-01-25 10:58:32 (+01:00),,2024-01-25 10:58:32 (+01:00),,2024-01-25 10:58:32 (+01:00),
Cell Number,Cell 4,,Cell 4,,Cell 4,,Cell 4,,Cell 5,,Cell 5,,Cell 5,,Cell 5,,Cell 6,,Cell 6,,Cell 6,,Cell 6,,Cell 7,,Cell 7,,Cell 7,,Cell 7,,Cell 4,,Cell 4,,Cell 4,,Cell 4,,Cell 5,,Cell 5,,Cell 5,,Cell 5,,Cell 6,,Cell 6,,Cell 6,,Cell 6,,Cell 7,,Cell 7,,Cell 7,,Cell 7,
Module Serial Number,MY2226ZC01,,MY2226ZC01,,MY2226ZC01,,MY2226ZC01,,MY2226ZC01,,MY2226ZC01,,MY2226ZC01,,MY2226ZC01,,MY2226ZC01,,MY2226ZC01,,MY2226ZC01,,MY2226ZC01,,MY2226ZC01,,MY2226ZC01,,MY2226ZC01,,MY2226ZC01,,MY2226ZC01,,MY2226ZC01,,MY2226ZC01,,MY2226ZC01,,MY2226ZC01,,MY2226ZC01,,MY2226ZC01,,MY2226ZC01,,MY2226ZC01,,MY2226ZC01,,MY2226ZC01,,MY2226ZC01,,MY2226ZC01,,MY2226ZC01,,MY2226ZC01,,MY2226ZC01,
Instrument Serial Number,MY2228ZA03,,MY2228ZA03,,MY2228ZA03,,MY2228ZA03,,MY2228ZA03,,MY2228ZA03,,MY2228ZA03,,MY2228ZA03,,MY2228ZA03,,MY2228ZA03,,MY2228ZA03,,MY2228ZA03,,MY2228ZA03,,MY2228ZA03,,MY2228ZA03,,MY2228ZA03,,MY2228ZA03,,MY2228ZA03,,MY2228ZA03,,MY2228ZA03,,MY2228ZA03,,MY2228ZA03,,MY2228ZA03,,MY2228ZA03,,MY2228ZA03,,MY2228ZA03,,MY2228ZA03,,MY2228ZA03,,MY2228ZA03,,MY2228ZA03,,MY2228ZA03,,MY2228ZA03,
Instrument Name,MY2228ZA03,,MY2228ZA03,,MY2228ZA03,,MY2228ZA03,,MY2228ZA03,,MY2228ZA03,,MY2228ZA03,,MY2228ZA03,,MY2228ZA03,,MY2228ZA03,,MY2228ZA03,,MY2228ZA03,,MY2228ZA03,,MY2228ZA03,,MY2228ZA03,,MY2228ZA03,,MY2228ZA03,,MY2228ZA03,,MY2228ZA03,,MY2228ZA03,,MY2228ZA03,,MY2228ZA03,,MY2228ZA03,,MY2228ZA03,,MY2228ZA03,,MY2228ZA03,,MY2228ZA03,,MY2228ZA03,,MY2228ZA03,,MY2228ZA03,,MY2228ZA03,,MY2228ZA03,
,Temperature (°C),Abs,Temperature (°C),Abs,Temperature (°C),Abs,Temperature (°C),Abs,Temperature (°C),Abs,Temperature (°C),Abs,Temperature (°C),Abs,Temperature (°C),Abs,Temperature (°C),Abs,Temperature (°C),Abs,Temperature (°C),Abs,Temperature (°C),Abs,Temperature (°C),Abs,Temperature (°C),Abs,Temperature (°C),Abs,Temperature (°C),Abs,Temperature (°C),Abs,Temperature (°C),Abs,Temperature (°C),Abs,Temperature (°C),Abs,Temperature (°C),Abs,Temperature (°C),Abs,Temperature (°C),Abs,Temperature (°C),Abs,Temperature (°C),Abs,Temperature (°C),Abs,Temperature (°C),Abs,Temperature (°C),Abs,Temperature (°C),Abs,Temperature (°C),Abs,Temperature (°C),Abs,Temperature (°C),Abs
,90,0.772055305981883,21,0.403588109683206,90,0.811864913078557,21,0.415150074909207,90,0.750401774795043,21,0.380380640500203,90,0.793253400877595,21,0.393480797856932,90,0.75029710570032,21,0.383044730245564,90,0.787261179026375,21,0.397458046820393,90,0.684744120365261,21,0.435582560765761,90,0.722449006549338,21,0.451309725942629,90,0.0296657504454136,21,0.0296023793169272,90,0.0296214277196029,21,0.0295689726670201,90,0.00978689815549236,21,0.00954260759481082,90,0.00940710871013982,21,0.00955678807771317,90,0.00936499295311862,21,0.00910615430251698,90,0.00920424120970855,21,0.00914986656320937,90,0.0327083468564727,21,0.0330134426622301,90,0.0325133826592329,21,0.0328760940819837
,89,0.778087516183513,22,0.40404541132461,89,0.810595087100575,22,0.415522295844958,89,0.755901697089603,22,0.380822301866156,89,0.792108518583757,22,0.393775139645902,89,0.751658171026691,22,0.383793168022111,89,0.787113560700598,22,0.397950240846574,89,0.68816671348279,22,0.436155425078653,89,0.722166887248884,22,0.451701835305484,89,0.0296214817062671,22,0.0295824012016179,89,0.0296202092812707,22,0.0295377810157963,89,0.00977953159239904,22,0.00953264340584488,89,0.00937549043146733,22,0.00953537066100875,89,0.00932923772785508,22,0.00914251434859771,89,0.00925577021666171,22,0.00910350173100825,89,0.03266407818228,22,0.0330148185100196,89,0.0325109381684737,22,0.0328594160746554
,88,0.776981768864819,23,0.405962560180764,88,0.805990074709206,23,0.417242519406272,88,0.759282992975611,23,0.382647118767105,88,0.787460904724723,23,0.395513283183446,88,0.749522650761839,23,0.385744491052624,88,0.783504210201822,23,0.399754211440151,88,0.688863435037023,23,0.437655252239432,88,0.720288878800748,23,0.453119405988735,88,0.0296634757227847,23,0.0295168918901615,88,0.029619941840147,23,0.0295353441651332,88,0.0097355481675543,23,0.0095025274730202,88,0.00939327382212268,23,0.00952597052721187,88,0.00932659260101141,23,0.00912676515699635,88,0.00925882806493519,23,0.00910526842775547,88,0.0326286360890422,23,0.0329894658098189,88,0.032520398431332,23,0.0328549736651356
,87,0.773499904079209,24,0.409414319869367,87,0.800113949646035,24,0.420797897251729,87,0.755394860659102,24,0.386380362749225,87,0.781458746465102,24,0.399198459187121,87,0.746047187458641,24,0.389251424519597,87,0.778096278019026,24,0.40336520299535,87,0.687727474417212,24,0.440518598574438,87,0.717635695285643,24,0.455871128561814,87,0.029593987505321,24,0.0295188693256377,87,0.0296405503438266,24,0.0295459113868256,87,0.00963587810349139,24,0.00949876094427411,87,0.00937106842430732,24,0.00953730892000972,87,0.00931469859868449,24,0.00912704276169453,87,0.00926966130425069,24,0.00911552425240453,87,0.0326291808552416,24,0.0329650585069345,87,0.0325214603115996,24,0.0328825675703136
,86,0.768516520832085,25,0.413075785123396,86,0.793821083100285,25,0.424241894794917,86,0.747301107110717,25,0.390280895383893,86,0.774888541886004,25,0.402960975084799,86,0.740815513339614,25,0.39278635864841,86,0.772036688978829,25,0.406980750345035,86,0.685058845170417,25,0.443438115841561,86,0.713833959835997,25,0.458828101379208,86,0.029561616858401,25,0.0295499545368795,86,0.0296684162276568,25,0.0295277684732655,86,0.00954896540794357,25,0.00949632379532824,86,0.00934702584984935,25,0.00952840877522514,86,0.00924650513564975,25,0.00912124982703649,86,0.0092710922766123,25,0.00909263673304621,86,0.0326385818826759,25,0.0329892537868262,86,0.0325419700451338,25,0.0328631682969514
,85,0.762705529244726,26,0.41647415844009,85,0.786997382238352,26,0.427851723633472,85,0.740700534424661,26,0.393951802327851,85,0.768250928302693,26,0.406743668271583,85,0.734700659345102,26,0.396222981737726,85,0.76519871352891,26,0.410680174608692,85,0.680868442952857,26,0.446101637909229,85,0.7094307704624,26,0.461640782134093,85,0.0295370256727192,26,0.0295409509546458,85,0.0296352186395295,26,0.0295006813611721,85,0.00952487710298975,26,0.00949482884602235,85,0.00935302987174009,26,0.00951899584281014,85,0.00919676521950817,26,0.00912439240458426,85,0.00923792064754725,26,0.00907342568338621,85,0.0326361044182287,26,0.0329779927871723,85,0.0325236960269204,26,0.0328414017455866
,84,0.756172544187967,27,0.419953988847908,84,0.780054029771093,27,0.431486790682156,84,0.733762805172066,27,0.39753798105792,84,0.761193714093931,27,0.410350896560275,84,0.728214596198352,27,0.399840192441686,84,0.758309928487892,27,0.414316137460396,84,0.676543822003774,27,0.448970482300857,84,0.705077775350059,27,0.464677296729659,84,0.029554094998135,27,0.0295422930040733,84,0.0296057394951135,27,0.0295230217068577,84,0.00952795328908227,27,0.00949777048830537,84,0.00937494645778253,27,0.00952350597022281,84,0.00917683282565174,27,0.00911501804330782,84,0.00921062320175808,27,0.00909370098913817,84,0.0326005815327809,27,0.0329732203278197,84,0.0325179209012665,27,0.0328528994273517
,83,0.749686896558349,28,0.423622970652482,83,0.773205516647699,28,0.435343572464411,83,0.72692853256712,28,0.401080565182579,83,0.754284777101575,28,0.414099312929002,83,0.721885100085886,28,0.403542293677618,83,0.751713402492363,28,0.418114809921759,83,0.672708593900739,28,0.452047173307587,83,0.70110714038038,28,0.467847077178081,83,0.0295370298084322,28,0.0295448466239642,83,0.029639259894757,28,0.0295501930892206,83,0.00951956020967831,28,0.00951907734337389,83,0.00940196801764671,28,0.00953404268843055,83,0.00919481544136515,28,0.00908315078841614,83,0.00923429878103025,28,0.00910084952785835,83,0.0325907478007891,28,0.0329779928160955,83,0.0325436636075721,28,0.0328452443292266
,82,0.743373122838031,29,0.427581930179036,82,0.766477401566683,29,0.439303228544105,82,0.720330316636727,29,0.405008292985845,82,0.747575060757602,29,0.418248371720673,82,0.715851861830012,29,0.407423433364578,82,0.745173828974924,29,0.422196978583439,82,0.668839930280868,29,0.455143099664037,82,0.696689005416825,29,0.471108775036164,82,0.0295805137402044,29,0.0295526760852701,82,0.0296576256190389,29,0.0295571697352595,82,0.00950050892382502,29,0.00953126058333188,82,0.00940331066950139,29,0.00951352488256118,82,0.00920369462782378,29,0.0090786161288775,82,0.00924799714883048,29,0.00910294210379019,82,0.0325777256740385,29,0.0329503778520278,82,0.0325340310492499,29,0.0328444407788986
,81,0.737291860052064,30,0.431657796041068,81,0.759605243381085,30,0.443342847883537,81,0.713620671639916,30,0.409333140715687,81,0.740593904944563,30,0.422604647599272,81,0.709652642557757,30,0.411560365353917,81,0.738353097386712,30,0.42644588714964,81,0.664943706567575,30,0.458620454965755,81,0.692262738503473,30,0.474396844462849,81,0.0296182607130563,30,0.0295696404487155,81,0.0296533357882881,30,0.0295479559292231,81,0.00947457189660413,30,0.00952975934884199,81,0.00940582577328746,30,0.00951848404659348,81,0.00916116611316275,30,0.0090986198044205,81,0.00921862611793167,30,0.00911241723748159,81,0.0325543859554972,30,0.0330084949546082,81,0.0325260932395988,30,0.0328515139611594
,80,0.730808164887188,31,0.435794974344674,80,0.752887290318962,31,0.447477428933237,80,0.707074086590311,31,0.413522630463451,80,0.733663695747077,31,0.426959849605409,80,0.703473226450053,31,0.415779457634065,80,0.731597911833455,31,0.430761421311084,80,0.661151344130964,31,0.461923863152167,80,0.688313635602379,31,0.477832895383292,80,0.0296011890684208,31,0.0295677328137836,80,0.0296813700028311,31,0.0295132153812752,80,0.00951226084555911,31,0.0095046448301976,80,0.00941373409811617,31,0.00952270518803831,80,0.00915960908075841,31,0.00909781680221183,80,0.009242258593754,31,0.00910208227741695,80,0.0325950458714481,31,0.0330058342547338,80,0.0325636172760142,31,0.0328359474869112
,79,0.724128965672032,32,0.439822083542787,79,0.746214705851962,32,0.451896513192795,79,0.700671971030208,32,0.417548249773453,79,0.727188818083998,32,0.431492198818387,79,0.697334192371971,32,0.419794857344242,79,0.725235837013146,32,0.435168269173158,79,0.657194578668625,32,0.465073021398894,79,0.684168828935496,32,0.481389144037907,79,0.0296141874330526,32,0.0295782228663773,79,0.0296523684399239,32,0.0295162107678859,79,0.00954341191151822,32,0.00949425773896188,79,0.00938893667162329,32,0.00949771198989187,79,0.00916769017689482,32,0.00910077701588848,79,0.00922757454594984,32,0.00910643033070609,79,0.0326110520125722,32,0.0329379666052879,79,0.0325403674260958,32,0.0328406855166307
,78,0.717819585733958,33,0.444228197178361,78,0.739397585419815,33,0.456551849712582,78,0.694067274327105,33,0.422159073068757,78,0.72044851263962,33,0.436390708127949,78,0.691005120128891,33,0.424276355625424,78,0.718582152754202,33,0.439786726738818,78,0.653495851835603,33,0.468493785757719,78,0.680026331030719,33,0.484846971702628,78,0.0296090248800733,33,0.0295860954687291,78,0.0296402150776901,33,0.0295479462048152,78,0.00950306874618651,33,0.00950671877674108,78,0.00938131723166775,33,0.0095018914098113,78,0.00915381607757904,33,0.00911208949500578,78,0.00922430396878894,33,0.00908702959582005,78,0.0326082307336414,33,0.032945943926721,78,0.0325286175794389,33,0.0328423107809362
,77,0.711445369581086,34,0.44888899087393,77,0.732759715569228,34,0.461063359393886,77,0.687572306997464,34,0.426704370589796,77,0.713821777610186,34,0.441204434902485,77,0.684666629300776,34,0.428844097374086,77,0.712007833420054,34,0.444378468146451,77,0.649660174937616,34,0.471943671295668,77,0.67593190515244,34,0.488255909754487,77,0.02961061100408,34,0.0295744474224976,77,0.0296677694865126,34,0.0295256393809379,77,0.00948258010951808,34,0.00950398665180767,77,0.00939702240184717,34,0.00950905790882664,77,0.00910806856747918,34,0.00911497801780243,77,0.00923168591178304,34,0.00906568096136188,77,0.0325976387361039,34,0.0329431305480456,77,0.0325498501009398,34,0.0328001123672994
,76,0.705246183950354,35,0.453414730579405,76,0.726257185950425,35,0.465787768261182,76,0.681436330014635,35,0.431306038998209,76,0.707147533382594,35,0.446182346445843,76,0.678588654500729,35,0.433258666135018,76,0.705431623002542,35,0.449094088518614,76,0.645847835832725,35,0.475290849517026,76,0.67196226595763,35,0.491884690323689,76,0.0296181923016409,35,0.0295686236010315,76,0.0296902751219898,35,0.0294978263444965,76,0.00947629073093156,35,0.00951177954114218,76,0.0094223443071668,35,0.0094757856514122,76,0.00911640314258829,35,0.00913529741485366,76,0.00922733660771701,35,0.00905446244792784,76,0.0325821038536078,35,0.0329517248321281,76,0.0325698517572336,35,0.0327742491011295
,75,0.69895134820758,36,0.458046068403755,75,0.719438555142928,36,0.47051824392728,75,0.675271889714598,36,0.435996184936495,75,0.700608399096686,36,0.45102312225893,75,0.672473236334711,36,0.437752488310279,75,0.699039952116432,36,0.453691406035212,75,0.641935408935688,36,0.478727912818047,75,0.667825694065883,36,0.495422676706648,75,0.0296162916571909,36,0.0295566757479406,75,0.0296743976297078,36,0.0295076932310326,75,0.0095053197692571,36,0.00951739534160724,75,0.00941162068756827,36,0.0094820342141953,75,0.00913465827813811,36,0.00913744568376106,75,0.00920077271025428,36,0.00907687462138323,75,0.0326123182761561,36,0.0330067330669399,75,0.0325631023309844,36,0.0327862769812064
,74,0.692556837444623,37,0.462754241557182,74,0.712500709914674,37,0.47519609131061,74,0.669007971836703,37,0.440700553164369,74,0.693689848441811,37,0.455846123023768,74,0.666291370534351,37,0.442434596421812,74,0.692245583407862,37,0.458480039407729,74,0.637954570351415,37,0.482245722000114,74,0.663631571823787,37,0.498909852491098,74,0.0296032007412398,37,0.0295601910846018,74,0.0296471500738448,37,0.0295188276399798,74,0.0095206971035992,37,0.00950549879472353,74,0.00940633915978423,37,0.0094934867637303,74,0.00912491986246206,37,0.00912578438205256,74,0.00919846350362969,37,0.00908125841707126,74,0.0326105971787691,37,0.0329913618930404,74,0.0325547400324755,37,0.032789691368402
,73,0.68630070187897,38,0.4675905881677,73,0.706172685386983,38,0.48012167808816,73,0.662933292081064,38,0.445664062471113,73,0.687269549092466,38,0.460700916267795,73,0.660343643030708,38,0.447312386998746,73,0.685912763067944,38,0.46335205484118,73,0.634135105714681,38,0.485634052704203,73,0.659599344154132,38,0.502663321189965,73,0.0296443325811473,38,0.0295838894179831,73,0.0296859101097795,38,0.0295351350785461,73,0.00952015558108218,38,0.00948424175908806,73,0.00942713705188462,38,0.00947295233698127,73,0.00913792832687798,38,0.00913688347560126,73,0.00924337996540397,38,0.00908397066856982,73,0.0326053779641163,38,0.0329351321528727,73,0.0325744575387523,38,0.0327899783048197
,72,0.680047380293885,39,0.472474870624697,72,0.699812138459666,39,0.485231165794441,72,0.656631384625083,39,0.450316809551338,72,0.680712052287701,39,0.465670454044843,72,0.654178086351094,39,0.451942493973369,72,0.67945604234668,39,0.468452637644297,72,0.63009842081676,39,0.489126408244747,72,0.655500683349913,39,0.506307893873427,72,0.0296644731115145,39,0.0295443847530653,72,0.0297066720678724,39,0.0295766549235938,72,0.00953386764253126,39,0.00948021386714476,72,0.00943293414965986,39,0.00947465297249689,72,0.00912992698073347,39,0.00912775395731362,72,0.00923635976038886,39,0.00911784519734282,72,0.0326877166072997,39,0.0329301825944703,72,0.0325795650651307,39,0.0328011599580162
,71,0.673686415599791,40,0.477374235850042,71,0.693242507199225,40,0.490077473550214,71,0.650476085760841,40,0.455171773873025,71,0.674279075454165,40,0.470507248649195,71,0.648132438777445,40,0.456659500593193,71,0.673074185449971,40,0.473285976714457,71,0.626389971183665,40,0.492668889640441,71,0.651376106734466,40,0.509990026262589,71,0.0296109959140087,40,0.029554089527864,71,0.0296988748376528,40,0.0295412124356393,71,0.00954909565665839,40,0.00947707708101542,71,0.00944920251928016,40,0.00945887031572789,71,0.00909746867559265,40,0.00910573688908583,71,0.00922846938266574,40,0.00909338398855755,71,0.0326805209208545,40,0.0329291154203508,71,0.0325815115804216,40,0.0327905143783136
,70,0.667390056374158,41,0.482225318027186,70,0.686711662707725,41,0.495199268634828,70,0.644451840696936,41,0.460052597762221,70,0.667720159395945,41,0.47528976912125,70,0.642258794107588,41,0.461499036051724,70,0.666597856265139,41,0.478121306101345,70,0.622587578287526,41,0.496242758335484,70,0.647344631107385,41,0.513637786104397,70,0.0296099970919018,41,0.0295486386979767,70,0.029686335974447,41,0.0295088250765008,70,0.00951251340851041,41,0.00947767726036819,70,0.00945252081925389,41,0.00945151686192739,70,0.00910351902543286,41,0.00910941316317424,70,0.00919656593563041,41,0.00909554369132791,70,0.0326189951046485,41,0.0329165756840922,70,0.0325879406167549,41,0.0327406352471253
,69,0.661092352426233,42,0.487149716431838,69,0.68035431636821,42,0.500144690579467,69,0.638367112244858,42,0.464837439747499,69,0.661443887512021,42,0.480421157298014,69,0.636291103200464,42,0.466256531460973,69,0.660424133413375,42,0.483256855494954,69,0.618884478132721,42,0.499900637363685,69,0.643477051708213,42,0.517427198596949,69,0.0295968761310723,42,0.0295567420642332,69,0.0296896033334493,42,0.0295198164078006,69,0.00950452383791793,42,0.0094687031323455,69,0.00944045782033288,42,0.009474774251766,69,0.00911418841859617,42,0.00912502470537199,69,0.00918601424399223,42,0.00907358210114489,69,0.0326555604010717,42,0.0328895998323955,69,0.0326977502616268,42,0.0327179865253821
,68,0.654975088929413,43,0.492179041965367,68,0.673962060679642,43,0.505333940560672,68,0.632197178786698,43,0.469841298241678,68,0.655048905665252,43,0.485374900162684,68,0.63022566589433,43,0.471224714023039,68,0.654166774789132,43,0.488250864652017,68,0.615056880455076,43,0.503703739428632,68,0.639318462890964,43,0.521367676095499,68,0.0296173463187156,43,0.0295972841280282,68,0.02965507085355,43,0.0295319442849443,68,0.00952932165873313,43,0.00946920921242671,68,0.00942785483855574,43,0.00946319269688107,68,0.00912979733652297,43,0.00914936433709827,68,0.00918505764928585,43,0.00908055804781145,68,0.0326361583103148,43,0.032900412449387,68,0.032658731316507,43,0.032761337208266
,67,0.648774539598978,44,0.497175865327114,67,0.667566403441183,44,0.510499851702617,67,0.62604359390747,44,0.474859649700313,67,0.648587260889364,44,0.490514581525191,67,0.624193869024698,44,0.476174244487695,67,0.647848938725647,44,0.493411126448326,67,0.611364423253503,44,0.507466220847044,67,0.635363608357602,44,0.525321897794427,67,0.0296200606063638,44,0.0295964017003611,67,0.0296592603279934,44,0.0295036767478279,67,0.00952215009751166,44,0.00948289225873473,67,0.00942389114656084,44,0.00946077054591884,67,0.00914250998786258,44,0.00914894151943972,67,0.00919052535738953,44,0.00907470339955417,67,0.0326123138114716,44,0.0329034640419715,67,0.0325804867439903,44,0.0327495919459399
,66,0.642470543749933,45,0.502233674894974,66,0.661235510997485,45,0.515753994662826,66,0.619798592065096,45,0.479955074194071,66,0.642270298383607,45,0.495832080194083,66,0.618142313611321,45,0.481236595157819,66,0.64176937399459,45,0.4987794810299,66,0.607602924527485,45,0.511380720564339,66,0.631276809214799,45,0.529285377718644,66,0.0296366968431148,45,0.0295813076569644,66,0.0296687378957605,45,0.0294703947659329,66,0.00950337105960464,45,0.00948384930124093,66,0.00941843707868766,45,0.00945419634651325,66,0.00915061915564628,45,0.00915372954939709,66,0.00919764423502224,45,0.0090575918212318,66,0.0326041221852627,45,0.0329163897249268,66,0.0325880477165603,45,0.0326929846376284
,65,0.636475040283283,46,0.507401660070165,65,0.654807253182481,46,0.521117903570912,65,0.613908645172671,46,0.484919355053776,65,0.635745586751637,46,0.501081537056716,65,0.612429493190185,46,0.486166616306328,65,0.635411978486178,46,0.504123631172979,65,0.603944917480557,46,0.515306086319121,65,0.627210615903927,46,0.533604241284801,65,0.029634839468899,46,0.0295673860761837,65,0.0296366847349115,46,0.0294993111540852,65,0.00950650020951462,46,0.00948825249179929,65,0.00941196383942971,46,0.00944120091071398,65,0.00912942897975359,46,0.00913848589753008,65,0.0091872479686075,46,0.00905605769374159,65,0.0326548368548959,46,0.0329004646620788,65,0.0325762681515787,46,0.0326701016319677
,64,0.630330581652951,47,0.51267671286883,64,0.648155487030586,47,0.526471249503793,64,0.607799105373076,47,0.490345455044185,64,0.62952020641206,47,0.506472817725704,64,0.606493134231619,47,0.491615373089377,64,0.62934221532089,47,0.509617960078166,64,0.600230439784435,47,0.519394985816165,64,0.623231839770076,47,0.537787450434604,64,0.0296242083282514,47,0.0295406708290482,64,0.0296350761067338,47,0.0294656760170179,64,0.00952513542432485,47,0.00947531951988216,64,0.00943064206778222,47,0.00942280505769823,64,0.00915541495630225,47,0.0091258988830354,64,0.00918039162621154,47,0.00904271908154305,64,0.0326795152624556,47,0.0328420894876622,64,0.0325665959869687,47,0.0326428116897631
,63,0.62408394837204,48,0.518047726416402,63,0.641961619087951,48,0.531973509305057,63,0.601842792696781,48,0.495747330257167,63,0.623030661423202,48,0.51173367289015,63,0.600637078307704,48,0.497112335625721,63,0.623064439758306,48,0.514936942124087,63,0.596276624346045,48,0.523612059238509,63,0.619254447971574,48,0.542162864904073,63,0.0296399739725628,48,0.0295118152373621,63,0.0296390978126937,48,0.0295010577666072,63,0.00952354668251521,48,0.00946310303857247,63,0.00944143920318167,48,0.00944213174472287,63,0.00920753731884055,48,0.00910221418950771,63,0.00919248031576154,48,0.00906640048611643,63,0.0326555045082925,48,0.0327972866047,63,0.0325818871218192,48,0.0326488577946926
,62,0.617609714290109,49,0.523576767692683,62,0.635283898375293,49,0.537421905061356,62,0.595948942775162,49,0.501140264128656,62,0.61662174678437,49,0.517481132765216,62,0.594563429888444,49,0.50258538209047,62,0.616767253070481,49,0.520739575063787,62,0.592462743884967,49,0.527858065651858,62,0.61515662381681,49,0.546519411019903,62,0.029662698870362,49,0.0295389448673927,62,0.0296363589400518,49,0.0294819193562595,62,0.00952790933815137,49,0.00946138583625502,62,0.00943814479121069,49,0.00945991477984814,62,0.00915130502152994,49,0.00912183222108978,62,0.00915875183425111,49,0.00907631787915245,62,0.0326664221652332,49,0.0328212631798695,62,0.0325889162984657,49,0.0326390554659321
,61,0.611302148130075,50,0.529161176938714,61,0.62856165458198,50,0.543184851115358,61,0.590068159841793,50,0.50676250618546,61,0.610049248680854,50,0.523231652819323,61,0.588696125312089,50,0.508118991310061,61,0.610340269172139,50,0.52653927340571,61,0.588529682880829,50,0.532260069671879,61,0.611033464262342,50,0.550964717904566,61,0.0296162121950455,50,0.029555002131396,61,0.0296477254619257,50,0.0294778484683945,61,0.00954789799050293,50,0.00947390143734551,61,0.00944275192397189,50,0.00945343894919036,61,0.00911689714383446,50,0.00913623482210367,61,0.00916463053557676,50,0.00908956338132703,61,0.0326683277670346,50,0.0328418964339447,61,0.0326166143065626,50,0.0326420209737592
,60,0.604818657029147,51,0.534799007924262,60,0.621746421301903,51,0.548927247690116,60,0.583581530011609,51,0.51243719751497,60,0.60331009206395,51,0.529189383386985,60,0.582453702695116,51,0.513828571250995,60,0.603790245751129,51,0.532504713901234,60,0.584653447238817,51,0.536706479624313,60,0.606787122151426,51,0.555575975734805,60,0.0296141774241603,51,0.0295272381094255,60,0.0296336020365552,51,0.0295059219942822,60,0.00954603524379136,51,0.00947046936532911,60,0.00945619820526542,51,0.0094539206780018,60,0.00912981343566764,51,0.00913060760763649,60,0.00916575249470069,51,0.00907459321321426,60,0.0327072769906683,51,0.0328023294542592,60,0.032613451268768,51,0.0326497210870067
,59,0.59852542095745,52,0.540744333706497,59,0.615091939551205,52,0.554964064730519,59,0.57731952739358,52,0.518470270466011,59,0.596771390615751,52,0.535233017324118,59,0.576373459361818,52,0.519887999586463,59,0.597470905275616,52,0.538604104951035,59,0.580684044945752,52,0.541222692127462,59,0.60266294611679,52,0.560425617018835,59,0.0296317330993727,52,0.0295122027579783,59,0.0295982339707985,52,0.0295136408518363,59,0.00952040883870075,52,0.00946082447441796,59,0.00944047225960538,52,0.0094523065845518,59,0.00913210535642023,52,0.0091620689002493,59,0.00913254607501024,52,0.00905644354515644,59,0.0327201709507107,52,0.0328036229490706,59,0.0326016788868953,52,0.0326340347568657
,58,0.592040944546498,53,0.546573391609328,58,0.608349998131929,53,0.560984200098954,58,0.570975345391747,53,0.524339821559396,58,0.590032440405968,53,0.541266433575273,58,0.570223740201369,53,0.525747164858131,58,0.59092836881815,53,0.544699491841321,58,0.576651360125447,53,0.545711054386082,58,0.598979814569041,53,0.565066157897648,58,0.0296612405818252,53,0.0295231700511507,58,0.0296144377763904,53,0.0295679121539192,58,0.00953055476181217,53,0.00945357811637084,58,0.00945981437809417,53,0.00942339772334783,58,0.00913678709173048,53,0.00913407400117156,58,0.00916390724769763,53,0.0090982734829249,58,0.0326707652488483,53,0.0328062034828819,58,0.0326198511195947,53,0.0326613326101207
,57,0.585700741803958,54,0.552668263960624,57,0.601887672958679,54,0.567294527005082,57,0.564608613864795,54,0.530429820264774,57,0.583519146399494,54,0.547726912080405,57,0.564089249114004,54,0.531833926561072,57,0.584661191444146,54,0.551190524227301,57,0.572685975665237,54,0.550423199955642,57,0.594613713603205,54,0.569963577424717,57,0.0296359733512249,54,0.0295600205208838,57,0.0296414517925155,54,0.0295622095938424,57,0.00954601092935259,54,0.00943129854475345,57,0.00946159299192957,54,0.00941877832773094,57,0.00914207765377439,54,0.00912221501159558,57,0.00916674485261766,54,0.00910772206635867,57,0.0326611384905514,54,0.0327881887687402,57,0.0326396085072143,54,0.0326512446746722
,56,0.579200548287591,55,0.558976969910223,56,0.595002066671533,55,0.573959274543111,56,0.558467104659768,55,0.53667779173724,56,0.576570210475242,55,0.554155829683907,56,0.558141874062559,55,0.538085281048414,56,0.577962132641887,55,0.557607784352321,56,0.568450232933694,55,0.555046750854891,56,0.590166836355468,55,0.574660308250316,56,0.0296231973832198,55,0.0295389947732875,56,0.029633301865682,55,0.0295578787638327,56,0.00953572154485839,55,0.00943225559043115,56,0.00943828992092632,55,0.0094350917405407,56,0.0091500211554369,55,0.00914423805079347,56,0.00917126298933224,55,0.00909809843629481,56,0.0326841513579579,55,0.0327862893853571,56,0.032643089715483,55,0.0326333687886927
,55,0.57267213042577,56,0.565391650020551,55,0.588515782241526,56,0.580174383267889,55,0.551807257418252,56,0.543161729677856,55,0.570155326863132,56,0.560751681972723,55,0.551567039305854,56,0.544508623717396,55,0.571715627576588,56,0.564199057217065,55,0.56417426007707,56,0.559617165993588,55,0.585850854057808,56,0.57975927968219,55,0.02963334232142,56,0.029523542484251,55,0.0296473110759562,56,0.0295743133125821,55,0.00951921407299779,56,0.0094657078511576,55,0.00945649930612361,56,0.00943572993672367,55,0.00913828934179736,56,0.00917072983334534,55,0.00919374350024205,56,0.00909824657599613,55,0.0326955766753867,56,0.0327872528721454,55,0.0326511182746593,56,0.0326112271235526
,54,0.566386259184121,57,0.572097062125982,54,0.582074866958588,57,0.58685936580773,54,0.545399154579366,57,0.549675656302082,54,0.563522875638216,57,0.567453833468676,54,0.54525584954859,57,0.550988981963206,54,0.565331352850837,57,0.570965298840983,54,0.559926381604701,57,0.564338672459739,54,0.581064611248749,57,0.584825686133237,54,0.0296331398054961,57,0.0295076300843523,54,0.0296482586258877,57,0.0295555205542922,54,0.00953459973662302,57,0.00946728048330108,54,0.00944683588726034,57,0.00944366196030373,54,0.00911841213725014,57,0.00913520217791291,54,0.00920094111130758,57,0.00906327272642935,54,0.0326865183076552,57,0.0327678892321809,54,0.0326513887333737,57,0.0326010130664393
,53,0.56010813989464,58,0.578619243429349,53,0.575407927282756,58,0.59383658987137,53,0.539138972370945,58,0.556233496166924,53,0.556825517303338,58,0.574246970969295,53,0.539107666331963,58,0.557485299224444,53,0.558880136995849,58,0.577926647827326,53,0.555448939854219,58,0.56898449593927,53,0.576369437860221,58,0.589255312341476,53,0.0296312306594104,58,0.0294933152007569,53,0.0296467788257356,58,0.0295763943055727,53,0.00954150906491496,58,0.00944528162757131,53,0.00942627563126113,58,0.0094566283952939,53,0.0091262204681415,58,0.0091078265242471,53,0.00918358716675364,58,0.00910257358375384,53,0.0327099534513097,58,0.0327419272588066,53,0.0326388737071925,58,0.0325948114884637
,52,0.554057193807508,59,0.585913862586392,52,0.569224862679453,59,0.600810546085473,52,0.533000788051373,59,0.562889214254971,52,0.550584706703627,59,0.581082741697654,52,0.533033577432457,59,0.564007945334572,52,0.552695204123665,59,0.584691710176868,52,0.550967193382448,59,0.573501140624753,52,0.571876717117111,59,0.593684395835655,52,0.0296472297603554,59,0.0295140170477036,52,0.0296148062101339,59,0.0295887308713151,52,0.00954755602888306,59,0.00946489500871661,52,0.00943147519295152,59,0.00943126729440744,52,0.00914643090942212,59,0.00915700240777646,52,0.00916653498400194,59,0.00910431799210282,52,0.0327301453251798,59,0.0327572222300202,52,0.0327051180600067,59,0.032592025881688
,51,0.548170722670749,60,0.592654918613012,51,0.563166257681546,60,0.607749286460236,51,0.526814926379467,60,0.569550013450259,51,0.544178211655497,60,0.58776097939083,51,0.526925018017607,60,0.570547677810952,51,0.546339687552797,60,0.591291917656233,51,0.546457288177279,60,0.577873633408436,51,0.567021845484493,60,0.598091824327608,51,0.029648948694948,60,0.0295410187210746,51,0.0296261559749435,60,0.0295913014830532,51,0.00956813779130202,60,0.00948878142073084,51,0.0094380641768993,60,0.00946329014127812,51,0.00914002526183184,60,0.0091887581155784,51,0.00916997101235107,60,0.0091177346293879,51,0.0327235904816075,60,0.0327591329703131,51,0.032686052301367,60,0.0325988834249139
,50,0.542210410845948,61,0.599366334614376,50,0.55692608016929,61,0.614667411917073,50,0.520813410164883,61,0.576080252087644,50,0.537799296381946,61,0.594667365239575,50,0.521029532848544,61,0.576975643420947,50,0.540011490370265,61,0.598069421257037,50,0.541981511013771,61,0.582080634241749,50,0.562313464571666,61,0.602616410250035,50,0.0296763911878977,61,0.0295721325260094,50,0.0296414023389841,61,0.0296179414832554,50,0.00956459578229128,61,0.0094898646626804,50,0.00945489191233999,61,0.00947647904074063,50,0.00915096443543126,61,0.00922112185633222,50,0.00918805836868999,61,0.00912719171002364,50,0.0327748883306221,61,0.032767792831737,50,0.0326976312408506,61,0.0326044834538879
,49,0.536379996610378,62,0.605815104739473,49,0.551093618223971,62,0.621400452364568,49,0.51486345113006,62,0.582460699164474,49,0.531633102990602,62,0.60144153575691,49,0.515161412776226,62,0.583241396962973,49,0.533865495682111,62,0.604654843767422,49,0.537610857806725,62,0.586511493567428,49,0.557649052535471,62,0.606907062457578,49,0.0296783615179317,62,0.0295730692306303,49,0.0296412073759996,62,0.0296365376943192,49,0.00956066589704458,62,0.00946661394386582,49,0.00945150917393841,62,0.00947630423942679,49,0.00917263282845736,62,0.0092272525973503,49,0.00918769753386071,62,0.00910952609096611,49,0.0327784722323753,62,0.0328122560017008,49,0.0327084550131628,62,0.0325853488154147
,48,0.530859850472882,63,0.612832070684021,48,0.545120830307722,63,0.628279712024809,48,0.509172678735523,63,0.589058074189932,48,0.525939259481824,63,0.608153860875247,48,0.509549712853223,63,0.589883777349897,48,0.528146439663513,63,0.611158567373144,48,0.53311603320089,63,0.590967749233404,48,0.552973641672533,63,0.611169943979271,48,0.0296525664950597,63,0.0295480563016362,48,0.029600319371821,63,0.029630457048845,48,0.00955555682378906,63,0.0094764123619729,48,0.00944686227226405,63,0.00949620938553447,48,0.00914069303872261,63,0.00921119021266569,48,0.00917253669261666,63,0.00909607856575759,48,0.032720859372599,63,0.0328140887927707,48,0.0326624244150795,63,0.0325854614955669
,47,0.525375465930809,64,0.61979752056428,47,0.539462609920661,64,0.635460389610025,47,0.503657303618909,64,0.595620882492796,47,0.520006780580067,64,0.61504799213988,47,0.504100467331176,64,0.596380756140299,47,0.522270007672897,64,0.618002231638745,47,0.528817049919162,64,0.595051448821627,47,0.548378218076039,64,0.615509123583033,47,0.0296425549891529,64,0.0295623257375858,47,0.0295918494443714,64,0.0296038284757537,47,0.00954622818737063,64,0.00950217732360091,47,0.00944392428532925,64,0.00953134000816767,47,0.00912624634014655,64,0.00920207117575074,47,0.00917723058175851,64,0.00909800419524622,47,0.0327189306730322,64,0.032743382693386,47,0.0326703958333233,64,0.0325739897715769
,46,0.51997643370103,65,0.62627227654045,46,0.533774750839294,65,0.642582510818743,46,0.498312527898881,65,0.601971734017435,46,0.514395305368588,65,0.62182555330372,46,0.498790177099828,65,0.60262642389151,46,0.516685277997573,65,0.624849551355302,46,0.524645670420607,65,0.599313992729658,46,0.543907459387614,65,0.619979638695745,46,0.0296519005548494,65,0.0295403652260903,46,0.029610328512601,65,0.0295955242452767,46,0.00954030373255261,65,0.00948999366755564,46,0.00946031195064424,65,0.00955159350053052,46,0.00914020137333493,65,0.00919325928251561,46,0.0091817631159265,65,0.00908106518959954,46,0.0327437288403144,65,0.0327188981402568,46,0.032698838847996,65,0.0325427999432856
,45,0.514658515032618,66,0.633184283279244,45,0.528528973621589,66,0.64935420424883,45,0.492874324424289,66,0.608519845632737,45,0.508829226956241,66,0.62878656389157,45,0.493368713275113,66,0.609277907492165,45,0.511222796305337,66,0.631832094538109,45,0.520785828928594,66,0.603588456285487,45,0.539835774457258,66,0.624416148051999,45,0.0296146363325185,66,0.0295049795030711,45,0.0296056031847184,66,0.0296290152178737,45,0.0095612796362545,66,0.0094589711718108,45,0.00947572321302815,66,0.00955788100689164,45,0.00913051296001202,66,0.00918826188773296,45,0.00918417055595749,66,0.00910437686586448,45,0.0327545510449679,66,0.0327076214530451,45,0.0327069025656009,66,0.0325734923269709
,44,0.509440982650495,67,0.640360658732986,44,0.523209616327077,67,0.65608103512189,44,0.487557882561356,67,0.615027390876719,44,0.50330417008947,67,0.635364492824317,44,0.488181583866162,67,0.615887030344684,44,0.505742257414204,67,0.638417912188937,44,0.516764545979146,67,0.607931622563513,44,0.535499511597934,67,0.628802606918501,44,0.029625266404993,67,0.0295326642001867,44,0.0296095945594672,67,0.0296558482439448,44,0.00957646162497001,67,0.00945597838023958,44,0.00948591999393609,67,0.00956854881761333,44,0.00915582186035312,67,0.00921117048222424,44,0.00916476158302013,67,0.00913424204871899,44,0.0327569706374091,67,0.0327197642805687,44,0.0327040389319865,67,0.0325919382149878
,43,0.504294716191847,68,0.647136368682483,43,0.517929702063086,68,0.663067955780608,43,0.482368806044525,68,0.621396783256779,43,0.498031832290363,68,0.642152926378502,43,0.48306927530824,68,0.622184320024746,43,0.500540533295361,68,0.645181362108017,43,0.512657431179682,68,0.612152043768272,43,0.531360902917783,68,0.633302598382371,43,0.029654281412467,68,0.0295700730843421,43,0.0296081662089974,68,0.0296448000540741,43,0.00955761244823474,68,0.00947923946214497,43,0.00947424664404561,68,0.0095812054337992,43,0.00917443724604086,68,0.00920542144708377,43,0.00917243187828342,68,0.00915639468874104,43,0.0327751022316608,68,0.0327316657182652,43,0.0327109499217931,68,0.0325603684768447
,42,0.499329589198985,69,0.653210467270007,42,0.512757076633955,69,0.670113421922551,42,0.477326745277116,69,0.627582026117023,42,0.492826328105557,69,0.648746044465316,42,0.478061233001898,69,0.628326556027222,42,0.495432688732241,69,0.651749184451293,42,0.508768124250992,69,0.61627873354878,42,0.527421398437541,69,0.637696826529577,42,0.0296532957467122,69,0.02954727557882,42,0.0295843624846794,69,0.0296189486057987,42,0.00955436411375072,69,0.00948392283427169,42,0.00946334245983853,69,0.00958584083834105,42,0.00914770594812814,69,0.00918547278385153,42,0.00916829035237712,69,0.00913921768489666,42,0.0327901540183891,69,0.0327026034823857,42,0.0327015623042827,69,0.0325420733638672
,41,0.494317968082836,70,0.659937670767485,41,0.507669680422159,70,0.676421177723283,41,0.472236424404612,70,0.634429955132485,41,0.487511252210594,70,0.655105636135481,41,0.473076363674771,70,0.635101008055084,41,0.490143340877117,70,0.658037920344785,41,0.504990889950419,70,0.620533677419003,41,0.52340958041011,70,0.642003061156451,41,0.0296326713126526,70,0.029546880760377,41,0.0296182167535574,70,0.02964293521998,41,0.00956588337028503,70,0.00946770833471119,41,0.00949168605545497,70,0.00956614537757265,41,0.00914031605167382,70,0.00919583611596131,41,0.00917726182714531,70,0.00915297482127663,41,0.0328191412300131,70,0.0326934878613178,41,0.0327345695579073,70,0.0325489586212916
,40,0.48923762130857,71,0.666609875339881,40,0.502613559870582,71,0.68347553461913,40,0.46719809749942,71,0.640974617736187,40,0.482518160760924,71,0.662030313956712,40,0.468138822862956,71,0.641351318565985,40,0.485229828347151,71,0.664800574866527,40,0.501292220979109,71,0.624758722564603,40,0.519480032706298,71,0.646604465118064,40,0.0296476452620605,71,0.0295542170325375,40,0.0296214788250664,71,0.0296631600212581,40,0.00958000985303875,71,0.00946590136148253,40,0.00948660119258468,71,0.00956879874573356,40,0.00915677433571354,71,0.00921432955865424,40,0.00917654607529384,71,0.009178459274018,40,0.032833918391614,71,0.032695985308812,40,0.0327306567329982,71,0.0325546897955002
,39,0.484308332976452,72,0.673213125795865,39,0.497510988297331,72,0.690359500088131,39,0.462292596260974,72,0.647806056360639,39,0.477456128116981,72,0.669448082656268,39,0.463351443488929,72,0.64767410696441,39,0.480264304905821,72,0.671888586255758,39,0.497581142109182,72,0.629020834203306,39,0.515764774426998,72,0.651239451703931,39,0.0296441561245583,72,0.0295624166677802,39,0.0295750541912243,72,0.0296674539843132,39,0.00959761788079,72,0.00946915352998196,39,0.00951257104148603,72,0.00955958647463205,39,0.00917383397176393,72,0.00924057800913264,39,0.00914265479199112,72,0.00916594646520017,39,0.0328203077487306,72,0.0327076338652734,39,0.0327140128781863,72,0.0325516332243456
,38,0.479551978769631,73,0.67973915883685,38,0.49250579219816,73,0.697550232630839,38,0.457493877837548,73,0.655601299492152,38,0.472414911730593,73,0.677011802103011,38,0.458660750123011,73,0.654093067027942,38,0.475342193998253,73,0.678639303895538,38,0.494088795021639,73,0.633540970219928,38,0.511988899319511,73,0.655648506673722,38,0.029618499051291,73,0.0296038628695057,38,0.0295641475787058,73,0.029661464023467,38,0.00956355955262221,73,0.00947084036595422,38,0.00949411845166548,73,0.00954482863040233,38,0.00914484286954027,73,0.00923993605954334,38,0.00911005852465145,73,0.00914777423774298,38,0.0328057366052287,73,0.0327060062584398,38,0.0326948150626545,73,0.0325463404399258
,37,0.474850707929122,74,0.686542236363016,37,0.487576702064234,74,0.704506159715952,37,0.452639205398466,74,0.663745803201981,37,0.467372772272126,74,0.684585360186942,37,0.453898002696119,74,0.660845704509924,37,0.470392771504289,74,0.685273299814838,37,0.490514546789888,74,0.637984477257477,37,0.508225412594986,74,0.660327517094807,37,0.0296156633421935,74,0.0296009372456303,37,0.0296037636549554,74,0.0296186177993705,37,0.00955036443383729,74,0.00946926032090744,37,0.00949534303252191,74,0.00954617323435979,37,0.00912118850907388,74,0.00921737856019557,37,0.0091162052944479,74,0.00913051872398089,37,0.0328306591195235,74,0.0326982018579483,37,0.0327095836312043,74,0.0325469986724348
,36,0.470034520468837,75,0.692984118309151,36,0.482602217250621,75,0.711645780289104,36,0.447778710009989,75,0.670082599511131,36,0.462404101112426,75,0.691630862327554,36,0.449197768369844,75,0.667372228874405,36,0.46551619208383,75,0.692374093943525,36,0.487264684776973,75,0.642428085901445,36,0.504687391657275,75,0.66510422507415,36,0.0296233711758101,75,0.0295916975096819,36,0.0296055805742762,75,0.0295957841417558,36,0.00956366982086776,75,0.009487706409259,36,0.0095146981222088,75,0.0095426141853372,36,0.00910535823388091,75,0.00923104867925661,36,0.00915045572988078,75,0.00912942212162183,36,0.0328936552208135,75,0.0326945263316073,36,0.0327708037310736,75,0.0325312331059447
,35,0.465403702376261,76,0.699963504336736,35,0.477812712718632,76,0.718783987227697,35,0.443095908243503,76,0.677490725993113,35,0.457485611228145,76,0.699018928854261,35,0.444674267546082,76,0.674582141239055,35,0.460696002742426,76,0.699959564386342,35,0.483840384511684,76,0.646883468734792,35,0.501064875661512,76,0.670027077502168,35,0.0296136273796216,76,0.0295658591240668,35,0.029588738786017,76,0.029585129652784,35,0.00956494099283984,76,0.00947515629017043,35,0.00950608592125406,76,0.00948318026437428,35,0.00913663489078753,76,0.00922471501008734,35,0.00912459963466951,76,0.009137135997739,35,0.0328791385840118,76,0.0326614684238108,35,0.0327440473374887,76,0.0325057295943113
,34,0.460686896265319,77,0.706712144897124,34,0.47297171413419,77,0.725730939156737,34,0.438445838509127,77,0.684805877607632,34,0.452491849765356,77,0.706003946719028,34,0.440074258202388,77,0.681551582900065,34,0.455761568714316,77,0.706719076079211,34,0.480402170053663,77,0.651280245376415,34,0.49740930039621,77,0.674665523562125,34,0.029631373326043,77,0.0295807240268076,34,0.0295718728022996,77,0.0295368739892122,34,0.00955815910873656,77,0.00946450027897923,34,0.00949172780210588,77,0.00945819085909524,34,0.00913893938791334,77,0.00923244987326722,34,0.00910796600788622,77,0.00911790667979476,34,0.032848590367855,77,0.0326575899009197,34,0.0327284802017393,77,0.0324603279754645
,33,0.455921354536108,78,0.713236472761367,33,0.468214278366483,78,0.73324050917822,33,0.433743922058739,78,0.692222797100982,33,0.447706636230318,78,0.714073725223418,33,0.435440366232928,78,0.688436470255756,33,0.45106573958233,78,0.714343122282877,33,0.476966633507297,78,0.655776687581258,33,0.49389297813337,78,0.679637650832294,33,0.0296326492860732,78,0.0296017498563974,33,0.0295868085044995,78,0.029550306462072,33,0.00956073224931788,78,0.0094810446266685,33,0.00954223010070348,78,0.00948553837755871,33,0.009126387297844,78,0.00925398677978549,33,0.00913069245045436,78,0.00911874956639294,33,0.0328815457124501,78,0.0326706856118243,33,0.0327412735901643,78,0.0324581299872328
,32,0.451444462597365,79,0.720011407290478,32,0.463552496652947,79,0.740767412782781,32,0.428934850207615,79,0.70011312720931,32,0.44293824145812,79,0.722129951648334,32,0.43071733535679,79,0.695468587470418,32,0.446364616439817,79,0.721629467744684,32,0.473658508602198,79,0.660700290097987,32,0.490343876208676,79,0.684494139773878,32,0.0296309068038859,79,0.0295881212087494,32,0.0295516578313267,79,0.0295987111806305,32,0.00956307785887272,79,0.00946738293200047,32,0.00951806965499245,79,0.0094772111998341,32,0.00912679179748586,79,0.00925450871253636,32,0.00911191024420902,79,0.00914751648724436,32,0.0329040012422426,79,0.032669790967653,32,0.0327576892470338,79,0.0324828043857218
,31,0.446854568080331,80,0.726757536455982,31,0.45900536505922,80,0.747919476731927,31,0.424477802340429,80,0.708158314440838,31,0.438302960018117,80,0.729983226155388,31,0.426298904916608,80,0.702379206317179,31,0.441794729783584,80,0.728658032469948,31,0.470290453131668,80,0.665258699931752,31,0.486734383931561,80,0.689276899083449,31,0.0296252139674175,80,0.0295682283757142,31,0.0295658085008663,80,0.0296071881903603,31,0.0095802186200992,80,0.00945474128558374,31,0.00952286665203827,80,0.0094756274602822,31,0.00915831169950359,80,0.00923755787010304,31,0.00909377905555865,80,0.00915079124515236,31,0.0328938430694937,80,0.0326488500873792,31,0.0327447460328587,80,0.0324792386930468
,30,0.442490968543131,81,0.733628153822682,30,0.454498309490223,81,0.755682213233106,30,0.420142447904607,81,0.716306632946041,30,0.433754455504546,81,0.737577043873494,30,0.422131031255151,81,0.709391748217897,30,0.437278009925524,81,0.735614959466478,30,0.466921124348225,81,0.669982915713698,30,0.483382078780094,81,0.694222128141094,30,0.029618686038976,81,0.0295912345272311,30,0.0295694324717631,81,0.0295896289880528,30,0.00957965543126375,81,0.0094434998465152,30,0.00954201308091083,81,0.00947132868915606,30,0.00916367241906616,81,0.00922974524279801,30,0.00914651891164444,81,0.00914683879839164,30,0.0328943728122604,81,0.0326361214794139,30,0.032763481333882,81,0.0324870594300994
,29,0.438242722056062,82,0.740434984845396,29,0.449995706205198,82,0.763350043233128,29,0.415728673999843,82,0.72479803336846,29,0.429168300731063,82,0.745685461046138,29,0.417825979546851,82,0.716601608439773,29,0.432724801596085,82,0.743192828240982,29,0.463670492238555,82,0.674804616624175,29,0.479716681790692,82,0.699383594851969,29,0.0296446130000202,82,0.0296009787750518,29,0.0295619718937894,82,0.0296119856711552,29,0.00956723396643368,82,0.00944581509548814,29,0.00953084472749505,82,0.00947840204834758,29,0.0091649890471014,82,0.00921673716962663,29,0.00911386295567061,82,0.00918328827313093,29,0.0329214216900984,82,0.032627203300071,29,0.0327730761883759,82,0.0324872359661969
,28,0.434108900190133,83,0.747682849996825,28,0.445643688673085,83,0.770885763043832,28,0.411417553481819,83,0.732699667697157,28,0.424702281944582,83,0.754663839396184,28,0.413499100526631,83,0.724014583486942,28,0.428306320320431,83,0.750689233015896,28,0.460333603418913,83,0.679576373381519,28,0.476338034357259,83,0.704646399240832,28,0.0296462776607123,83,0.0296116570302131,28,0.0295580385570486,83,0.0296110180286829,28,0.00958094588250476,83,0.00943203751189661,28,0.00955882548932217,83,0.00946863046962614,28,0.00915585285079706,83,0.00923421469519098,28,0.00912184636519531,83,0.00918978631787657,28,0.0329251831186769,83,0.0326351093504029,28,0.0328141597940617,83,0.0324595009538806
,27,0.429788696534926,84,0.754611311413194,27,0.441784987640684,84,0.778735226724162,27,0.407562377265173,84,0.739956968211308,27,0.421003329417558,84,0.764022669604429,27,0.409697284834343,84,0.731325892570262,27,0.424601149250553,84,0.750047547915071,27,0.457338825538195,84,0.684419698057434,27,0.473482375763291,84,0.709603608786259,27,0.0296215943209176,84,0.0296355433915393,27,0.0295863944704922,84,0.0295911847805437,27,0.00957364763518709,84,0.00940742674848835,27,0.00955108962260813,84,0.00944783191546904,27,0.00914991162739491,84,0.00925149242892155,27,0.00912733025762348,84,0.00916951810913225,27,0.0329288636154192,84,0.0326287958221516,27,0.0328026475960441,84,0.0324686762163952
,26,0.426421735455151,85,0.762095463591494,26,0.43816291428868,85,0.787188406376822,26,0.403743149084158,85,0.74715416131944,26,0.416946114489625,85,0.771145514319697,26,0.405940871726622,85,0.738816000681964,26,0.420594592446407,85,0.745472506701316,26,0.454237236568464,85,0.689438045845473,26,0.470186936672938,85,0.714766316211816,26,0.0296116286867156,85,0.0295983165188566,26,0.0295555732713557,85,0.0296291591893483,26,0.00956706445354893,85,0.00942619440153915,26,0.00952384517356915,85,0.00943066207959389,26,0.00913664606282603,85,0.00922532288795988,26,0.00910227374680163,85,0.00920642518401604,26,0.0329578635914398,85,0.032585093589613,26,0.0327773814439633,85,0.0324992427901919
,25,0.422572307090117,86,0.769513422886259,25,0.434311939025235,86,0.795668551135998,25,0.399764077524876,86,0.753860303337181,25,0.413030180659642,86,0.779045523045369,25,0.401970783609093,86,0.7461973886953,25,0.416690690576754,86,0.753464007786533,25,0.451172138974948,86,0.694276836263098,25,0.466886449304228,86,0.719990888690124,25,0.0296049505001953,86,0.0295878927990814,25,0.029554246086524,86,0.0296582467999278,25,0.00958475353363079,86,0.00944226684831199,25,0.00952937827922416,86,0.00942946747065881,25,0.0091516904371723,86,0.00922828967113233,25,0.00910749710117545,86,0.0092052595769888,25,0.0329584285114411,86,0.0325783281922471,25,0.0327834299416733,86,0.0324810874532381
,24,0.41867083874064,87,0.777155640789606,24,0.429966462485593,87,0.803531042064947,24,0.395591132629165,87,0.760662389657205,24,0.408520235615331,87,0.786693963398101,24,0.397797732440673,87,0.753480263421054,24,0.412204556710695,87,0.75491440218951,24,0.447613774034407,87,0.6992319432589,24,0.463309782512168,87,0.725311204706935,24,0.0296251336178886,87,0.0296192468980338,24,0.0295673220551154,87,0.029673881684824,24,0.00958784319310597,87,0.00942174367514343,24,0.00954966870798163,87,0.00943299844101059,24,0.00917863929319906,87,0.00926084379822415,24,0.00913591857103401,87,0.00919152995992021,24,0.0329344381573864,87,0.0325682646868161,24,0.0328118026742789,87,0.0324758547553159
,23,0.414337572072244,88,0.78457293010405,23,0.425816979292095,88,0.811636473333509,23,0.391503881824595,88,0.767881681304388,23,0.404358954804495,88,0.794122371895835,23,0.393786074348206,88,0.761095851893789,23,0.408123563347549,88,0.763780416855719,23,0.444423585639311,88,0.704347862086337,23,0.460044461192409,88,0.730830870110345,23,0.0296099647560285,88,0.0296345305168603,23,0.0295722303935555,88,0.0296497977230178,23,0.00957544600154537,88,0.00940999019530874,23,0.00958499860994252,88,0.00941257862274606,23,0.00915580555618482,88,0.00926777519719755,23,0.00915845067981384,88,0.0091662285152809,23,0.0329485613803843,88,0.0325647239265872,23,0.0328338382302676,88,0.0324558278744625
,22,0.410740877618158,89,0.792203600312347,22,0.422079267018503,89,0.820221478804748,22,0.387835208883982,89,0.775282836333698,22,0.400673476671065,89,0.801906151984759,22,0.390209990433777,89,0.769196336079975,22,0.404467793991849,89,0.762497725442862,22,0.441584986166647,89,0.709687007586852,22,0.457033527269258,89,0.73632554081007,22,0.0295883404232585,89,0.0296605324448036,22,0.0295600421046898,89,0.0296454582600341,22,0.00956885661591033,89,0.00940700585438201,22,0.00956229110133572,89,0.00939094610850678,22,0.00914411850142744,89,0.00926816074309973,22,0.00914226486985504,89,0.00917832910699432,22,0.032992502994366,89,0.0325754298327659,22,0.0328229844000272,89,0.0324573081977049
,21.2999992370605,0.408506468098343,89.6999969482422,0.797747843360613,21.2999992370605,0.419824939787188,89.6999969482422,0.825913965572832,21.2999992370605,0.385576501655793,89.6999969482422,0.780442565056765,21.2999992370605,0.398331691990585,89.6999969482422,0.806978820979784,21.2999992370605,0.387960493755782,89.6999969482422,0.774990565287134,21.2999992370605,0.402125693999914,89.6999969482422,0.755915220724095,21.2999992370605,0.439729586333376,89.6999969482422,0.713739979184624,21.2999992370605,0.455090152496144,89.6999969482422,0.739851330376894,21.2999992370605,0.0295778801713514,89.6999969482422,0.0296786906719477,21.2999992370605,0.0295630375610785,89.6999969482422,0.0296478902303578,21.2999992370605,0.00956441512409601,89.6999969482422,0.00940712320740053,21.2999992370605,0.00955806917605719,89.6999969482422,0.00940999258574687,21.2999992370605,0.00913847900141483,89.6999969482422,0.00927666102072053,21.2999992370605,0.00913328939848085,89.6999969482422,0.00920605937088113,21.2999992370605,0.0330099442426635,89.6999969482422,0.0325655611710072,21.2999992370605,0.0328328151738535,89.6999969482422,0.0324600815393457
