CSV Report,2024-02-21_RNA_melting_MgCl2_Na_only_HEPES.csv
Worksheet Type,Thermal

METHOD
X mode,nm
Y mode,Abs
Collect mode,Wavelength
Wavelengths (nm),260.00,400.00
Averaging Time (s),.1
Spectral Bandwidth (nm),2
Detector module,Multicell Peltier UV-Vis
Zero,Off
Experiment Zones,1

Temperature Collection
Start (°C),90.0
Return (°C),21.0

Derivative
Lower limit (°C),-5
Upper limit (°C),110

Number of stages,4
Stage,Collect data,Data Interval (°C),Rate (°C/min),End (°C),Hold (min)
Stage 1,Yes,1.0,1.0,21.0,2.00
Stage 2,Yes,1.0,1.0,90.0,2.00
Stage 3,Yes,1.0,1.0,21.0,2.00
Stage 4,Yes,1.0,1.0,90.0,0.00

SAMPLES
Name,500 mM MgCl2_260.00nm_90.0-21.0C,,500 mM MgCl2_260.00nm_21.0-90.0C,,500 mM MgCl2_260.00nm_90.0-21.0C_R1,,500 mM MgCl2_260.00nm_21.0-90.0C_R1,,100 mM MgCl2_260.00nm_90.0-21.0C,,100 mM MgCl2_260.00nm_21.0-90.0C,,100 mM MgCl2_260.00nm_90.0-21.0C_R1,,100 mM MgCl2_260.00nm_21.0-90.0C_R1,,50 mM MgCl2_260.00nm_90.0-21.0C,,50 mM MgCl2_260.00nm_21.0-90.0C,,50 mM MgCl2_260.00nm_90.0-21.0C_R1,,50 mM MgCl2_260.00nm_21.0-90.0C_R1,,25 mM MgCl2_260.00nm_90.0-21.0C,,25 mM MgCl2_260.00nm_21.0-90.0C,,25 mM MgCl2_260.00nm_90.0-21.0C_R1,,25 mM MgCl2_260.00nm_21.0-90.0C_R1,,500 mM MgCl2_400.00nm_90.0-21.0C,,500 mM MgCl2_400.00nm_21.0-90.0C,,500 mM MgCl2_400.00nm_90.0-21.0C_R1,,500 mM MgCl2_400.00nm_21.0-90.0C_R1,,100 mM MgCl2_400.00nm_90.0-21.0C,,100 mM MgCl2_400.00nm_21.0-90.0C,,100 mM MgCl2_400.00nm_90.0-21.0C_R1,,100 mM MgCl2_400.00nm_21.0-90.0C_R1,,50 mM MgCl2_400.00nm_90.0-21.0C,,50 mM MgCl2_400.00nm_21.0-90.0C,,50 mM MgCl2_400.00nm_90.0-21.0C_R1,,50 mM MgCl2_400.00nm_21.0-90.0C_R1,,25 mM MgCl2_400.00nm_90.0-21.0C,,25 mM MgCl2_400.00nm_21.0-90.0C,,25 mM MgCl2_400.00nm_90.0-21.0C_R1,,25 mM MgCl2_400.00nm_21.0-90.0C_R1,
Collection Time,2024-02-21 09:54:12 (+01:00),,2024-02-21 09:54:12 (+01:00),,2024-02-21 09:54:12 (+01:00),,2024-02-21 09:54:12 (+01:00),,2024-02-21 09:54:12 (+01:00),,2024-02-21 09:54:12 (+01:00),,2024-02-21 09:54:12 (+01:00),,2024-02-21 09:54:12 (+01:00),,2024-02-21 09:54:12 (+01:00),,2024-02-21 09:54:12 (+01:00),,2024-02-21 09:54:12 (+01:00),,2024-02-21 09:54:12 (+01:00),,2024-02-21 09:54:12 (+01:00),,2024-02-21 09:54:12 (+01:00),,2024-02-21 09:54:12 (+01:00),,2024-02-21 09:54:12 (+01:00),,2024-02-21 09:54:12 (+01:00),,2024-02-21 09:54:12 (+01:00),,2024-02-21 09:54:12 (+01:00),,2024-02-21 09:54:12 (+01:00),,2024-02-21 09:54:12 (+01:00),,2024-02-21 09:54:12 (+01:00),,2024-02-21 09:54:12 (+01:00),,2024-02-21 09:54:12 (+01:00),,2024-02-21 09:54:12 (+01:00),,2024-02-21 09:54:12 (+01:00),,2024-02-21 09:54:12 (+01:00),,2024-02-21 09:54:12 (+01:00),,2024-02-21 09:54:12 (+01:00),,2024-02-21 09:54:12 (+01:00),,2024-02-21 09:54:12 (+01:00),,2024-02-21 09:54:12 (+01:00),
Cell Number,Cell 4,,Cell 4,,Cell 4,,Cell 4,,Cell 5,,Cell 5,,Cell 5,,Cell 5,,Cell 6,,Cell 6,,Cell 6,,Cell 6,,Cell 7,,Cell 7,,Cell 7,,Cell 7,,Cell 4,,Cell 4,,Cell 4,,Cell 4,,Cell 5,,Cell 5,,Cell 5,,Cell 5,,Cell 6,,Cell 6,,Cell 6,,Cell 6,,Cell 7,,Cell 7,,Cell 7,,Cell 7,
Module Serial Number,MY2226ZC01,,MY2226ZC01,,MY2226ZC01,,MY2226ZC01,,MY2226ZC01,,MY2226ZC01,,MY2226ZC01,,MY2226ZC01,,MY2226ZC01,,MY2226ZC01,,MY2226ZC01,,MY2226ZC01,,MY2226ZC01,,MY2226ZC01,,MY2226ZC01,,MY2226ZC01,,MY2226ZC01,,MY2226ZC01,,MY2226ZC01,,MY2226ZC01,,MY2226ZC01,,MY2226ZC01,,MY2226ZC01,,MY2226ZC01,,MY2226ZC01,,MY2226ZC01,,MY2226ZC01,,MY2226ZC01,,MY2226ZC01,,MY2226ZC01,,MY2226ZC01,,MY2226ZC01,
Instrument Serial Number,MY2228ZA03,,MY2228ZA03,,MY2228ZA03,,MY2228ZA03,,MY2228ZA03,,MY2228ZA03,,MY2228ZA03,,MY2228ZA03,,MY2228ZA03,,MY2228ZA03,,MY2228ZA03,,MY2228ZA03,,MY2228ZA03,,MY2228ZA03,,MY2228ZA03,,MY2228ZA03,,MY2228ZA03,,MY2228ZA03,,MY2228ZA03,,MY2228ZA03,,MY2228ZA03,,MY2228ZA03,,MY2228ZA03,,MY2228ZA03,,MY2228ZA03,,MY2228ZA03,,MY2228ZA03,,MY2228ZA03,,MY2228ZA03,,MY2228ZA03,,MY2228ZA03,,MY2228ZA03,
Instrument Name,MY2228ZA03,,MY2228ZA03,,MY2228ZA03,,MY2228ZA03,,MY2228ZA03,,MY2228ZA03,,MY2228ZA03,,MY2228ZA03,,MY2228ZA03,,MY2228ZA03,,MY2228ZA03,,MY2228ZA03,,MY2228ZA03,,MY2228ZA03,,MY2228ZA03,,MY2228ZA03,,MY2228ZA03,,MY2228ZA03,,MY2228ZA03,,MY2228ZA03,,MY2228ZA03,,MY2228ZA03,,MY2228ZA03,,MY2228ZA03,,MY2228ZA03,,MY2228ZA03,,MY2228ZA03,,MY2228ZA03,,MY2228ZA03,,MY2228ZA03,,MY2228ZA03,,MY2228ZA03,
,Temperature (°C),Abs,Temperature (°C),Abs,Temperature (°C),Abs,Temperature (°C),Abs,Temperature (°C),Abs,Temperature (°C),Abs,Temperature (°C),Abs,Temperature (°C),Abs,Temperature (°C),Abs,Temperature (°C),Abs,Temperature (°C),Abs,Temperature (°C),Abs,Temperature (°C),Abs,Temperature (°C),Abs,Temperature (°C),Abs,Temperature (°C),Abs,Temperature (°C),Abs,Temperature (°C),Abs,Temperature (°C),Abs,Temperature (°C),Abs,Temperature (°C),Abs,Temperature (°C),Abs,Temperature (°C),Abs,Temperature (°C),Abs,Temperature (°C),Abs,Temperature (°C),Abs,Temperature (°C),Abs,Temperature (°C),Abs,Temperature (°C),Abs,Temperature (°C),Abs,Temperature (°C),Abs,Temperature (°C),Abs
,90,0.350471579757615,21,0.327389610433161,90,0.394870133426329,21,0.378083695001113,90,0.305203024685265,21,0.268757862127831,90,0.339288249663102,21,0.297365289144886,90,0.277692973147749,21,0.273089973978989,90,0.341081595015203,21,0.296795382563387,90,0.30801646543409,21,0.29836637774311,90,0.370025114347331,21,0.321058062186378,90,0.0502231599248277,21,0.0239695606865303,90,0.0241488497156659,21,0.0239274930396444,90,0.0437320052073673,21,0.00695883441778919,90,0.00688541535902729,21,0.00698405157581049,90,0.0379831143890997,21,0.00588545634743633,90,0.00556326022354848,21,0.0058696369143677,90,0.0311072663286429,21,0.025618095053449,90,0.0256528698541235,21,0.0256067195864554
,89,0.3599132529308,22,0.327463912448371,89,0.396326152708395,22,0.378159565931451,89,0.31146308666914,22,0.26867462239997,89,0.340202086867751,22,0.297417302125674,89,0.294626998469836,22,0.27308653426559,89,0.34206072666432,22,0.296779046388265,89,0.320041794821676,22,0.298396002241541,89,0.37082451299775,22,0.32113573884383,89,0.0356550580025495,22,0.0239371961280572,89,0.0241171665764438,22,0.0239231993712906,89,0.035526852515967,22,0.00694354324667468,89,0.00686384102879433,22,0.00699263414493331,89,0.0315654001069051,22,0.00588485772327593,89,0.0055826809531486,22,0.00587308199893561,89,0.030305853428376,22,0.0256240309438219,89,0.0256663327973463,22,0.0256123727368617
,88,0.360182061427064,23,0.327760953714123,88,0.397101339580877,23,0.378479086960176,88,0.312578047855268,23,0.268888611809347,88,0.340524422960954,23,0.297766896740233,88,0.30564388818887,23,0.273367441354776,88,0.342627572420343,23,0.297069436357807,88,0.332386324161877,23,0.298547535245173,88,0.371277912446744,23,0.321415542324494,88,0.0292950702068048,23,0.0239364892682497,88,0.0241423768959329,23,0.0239043883639154,88,0.0287492042227716,23,0.00693870260003815,88,0.00682816692649662,23,0.00699231673591939,88,0.0269862528514992,23,0.0058855836907839,88,0.00558558055336868,23,0.00588016818660124,88,0.0291073339454189,23,0.0256245610038535,88,0.02563857909017,23,0.0256057929117753
,87,0.360299696417848,24,0.328429362434216,87,0.397757941606279,24,0.378904197095472,87,0.313254381028161,24,0.269549321698124,87,0.340628161217074,24,0.298475247899646,87,0.312916614533492,24,0.273994813433346,87,0.342882734852128,24,0.297745031148034,87,0.337188902333291,24,0.299051566684157,87,0.371139066548015,24,0.321996403524606,87,0.0262023142962173,24,0.0239505164267666,87,0.0241336903528377,24,0.0238897187437969,87,0.0233174776843776,24,0.00693932129158196,87,0.00682117072902579,24,0.00696399540028101,87,0.0230741121409742,24,0.00588789598936841,87,0.00555249768986487,24,0.00585741473543027,87,0.027704618718592,24,0.025627304876951,87,0.0256331741046915,24,0.0255963558916063
,86,0.360788047530599,25,0.329178197283913,86,0.398221625293855,25,0.379434065409266,86,0.313208810180357,25,0.270455300053769,86,0.340604921104164,25,0.299158831685053,86,0.314128578612739,25,0.274669221289868,86,0.342888296205409,25,0.298523734293497,86,0.341084623076013,25,0.299852318135725,86,0.370832560917001,25,0.322751463521335,86,0.0248960699539115,25,0.0240085856037511,86,0.0241150880860835,25,0.0238984727534398,86,0.0194246232058434,25,0.00695583950928231,86,0.00681597443075224,25,0.00697068757040855,86,0.0196182615210759,25,0.00593194412171051,86,0.0055459046519729,25,0.00583063001722465,86,0.0265715738203309,25,0.0256586115799164,86,0.0256516171289669,25,0.0255922778403591
,85,0.361384829671329,26,0.32987103340981,85,0.398444282461997,26,0.380000561662567,85,0.312931731080713,26,0.271206285714944,85,0.3405236185247,26,0.299924728426251,85,0.315379826798106,26,0.275167086352192,85,0.342749973657587,26,0.299254666665128,85,0.345198434773897,26,0.300452036514948,85,0.370529023081818,26,0.323447597377517,85,0.0244454803384891,26,0.0239878372084954,85,0.0241052099302925,26,0.0238828220704981,85,0.016635377216551,26,0.00695871071618855,85,0.00678283017703959,26,0.00697598172210841,85,0.017113881680832,26,0.00591289199699326,85,0.00556029741722359,26,0.0058382855420407,85,0.0260418015491408,26,0.0256537379034307,85,0.0256641353095169,26,0.0255950008313539
,84,0.361919674717232,27,0.330498079434563,84,0.398716753431096,27,0.380562019734953,84,0.313244732189649,27,0.271783822014778,84,0.340396673038889,27,0.300617536409538,84,0.316733607828531,27,0.27544641630818,84,0.342515402500879,27,0.29977459922179,84,0.345918610899742,27,0.30074359974683,84,0.370309928671426,27,0.324046299171221,84,0.0243261181236602,27,0.0239254787752819,84,0.0241340900700269,27,0.0238942706902839,84,0.0147033163530655,27,0.00694377308824088,84,0.00674374152505568,27,0.00699180626184237,84,0.0151086632256613,27,0.00584774566308264,84,0.00553885168338674,27,0.00585482442782714,84,0.0257859511849505,27,0.0255991142814526,84,0.0256356655267063,27,0.0256020718646288
,83,0.362504855211341,28,0.331237586755488,83,0.398976300329542,28,0.381089098691695,83,0.313492675680636,28,0.272072606822037,83,0.340203147550504,28,0.301337668447963,83,0.316686202469192,28,0.275838632919175,83,0.342218932428709,28,0.300346875499178,83,0.345368010956325,28,0.301057508199825,83,0.369920152912318,28,0.324679750994764,83,0.0242450698560752,28,0.0238977932787437,83,0.0240783101770236,28,0.0238507421092229,83,0.013204435718055,28,0.00694354541994041,83,0.00674841473843214,28,0.00699845972179618,83,0.0133987431345979,28,0.00582686594588802,83,0.00550580346530442,28,0.00582428521285206,83,0.0256739929650667,28,0.0255784481960926,83,0.0256230507751491,28,0.0255834305274198
,82,0.363003880346993,29,0.331967459499146,82,0.399098037311316,29,0.381610644778583,82,0.313318374152019,29,0.272523428722465,82,0.339961109676676,29,0.302064489636382,82,0.316294827085807,29,0.276464148484516,82,0.341827492451099,29,0.301119721394,82,0.344490678693028,29,0.301723914935494,82,0.369439257453891,29,0.325449062435072,82,0.0242237354563221,29,0.0239165218683104,82,0.0240123557099669,29,0.0238602685966404,82,0.0121118150774087,29,0.00695850197781038,82,0.00675415392004194,29,0.00699340590597756,82,0.0121164544744791,29,0.00585455240025119,82,0.00548079727328534,29,0.00583632814570324,82,0.0256769188641926,29,0.0255981354894674,82,0.02559653299971,29,0.0255918138030839
,81,0.363339097097611,30,0.332638175117391,81,0.399190715562871,30,0.382127189422646,81,0.313069183317493,30,0.273369570811616,81,0.339663220076431,30,0.302870416233935,81,0.315856921683665,30,0.277079889881293,81,0.341419667777688,30,0.301957830281045,81,0.343612205539729,30,0.30242464453535,81,0.368980821336737,30,0.326221667547646,81,0.0242859998854774,30,0.0239305253319796,81,0.0240195085812563,30,0.0238885598530458,81,0.0112494431721265,30,0.00696024293183045,81,0.00676184740233047,30,0.00698934636286959,81,0.0110271369363211,30,0.00588057351679222,81,0.00550961062995984,30,0.00584131178559091,81,0.0256914517718378,30,0.0256142077916975,81,0.0256129817678799,30,0.0256022140679332
,80,0.363501436360973,31,0.333340021246435,80,0.399235133703849,31,0.38262834353405,80,0.312726089646134,31,0.274059143347702,80,0.339439470609732,31,0.303656022812684,80,0.315478398990758,31,0.277574008391402,80,0.340938884190663,31,0.302657972660754,80,0.342950232729605,31,0.302818017969258,80,0.36842198592929,31,0.326958146956282,80,0.0242429324950396,31,0.0239345973989462,80,0.0240284113613438,31,0.023859444681757,80,0.0105813667634985,31,0.00694350014523192,80,0.00675055798467444,31,0.00698567603890176,80,0.0101276521067386,31,0.00588362804055166,80,0.0055269567310581,31,0.00580780294546542,80,0.0256548563151578,31,0.0256133717283569,80,0.025616093350942,31,0.0255837863890934
,79,0.363689125210771,32,0.334175579736418,79,0.399286186965606,32,0.383180316139045,79,0.312287802013748,32,0.274586248105524,79,0.339128213201925,32,0.304474193091124,79,0.314971988549784,32,0.278195419740155,79,0.340385555609691,32,0.303469824530452,79,0.342417761832729,32,0.303382694432006,79,0.367833406093413,32,0.327755611332515,79,0.0241999871513613,32,0.0239513347251891,79,0.0240290188259849,32,0.0238488232434489,79,0.0100318958367468,32,0.00693831311313389,79,0.00676002221318041,32,0.00699751477194769,79,0.00932790168982307,32,0.00588387545747989,79,0.00550905624552974,32,0.00582545898782284,79,0.0256357125901906,32,0.0256141014700405,79,0.0256003682869507,32,0.0255965405169458
,78,0.363749044075961,33,0.335011018598137,78,0.399327637420725,33,0.383759015967036,78,0.311857118982208,33,0.275344048929591,78,0.338716303488159,33,0.305261074086323,78,0.31438526383857,33,0.278827776117046,78,0.33985776409125,33,0.304274457147418,78,0.341908044875119,33,0.304060111032728,78,0.367149796603303,33,0.328573438732849,78,0.0242202784989183,33,0.0239563454067525,78,0.0240335447666764,33,0.0238628464127362,78,0.00955884199269606,33,0.00694468263860877,78,0.00677824702652677,33,0.00700728014923288,78,0.00861575418192798,33,0.00588806794785059,78,0.00552766854915228,33,0.00584891646464645,78,0.0256565711516007,33,0.02562689227683,78,0.0256093859898757,33,0.0256177816179263
,77,0.363503201814787,34,0.335805122930882,77,0.399293812991779,34,0.384292783371056,77,0.311260319955047,34,0.276085112972734,77,0.338221069533761,34,0.306049425834487,77,0.313823731949786,34,0.279422462708875,77,0.339246266579802,34,0.305042765467582,77,0.341223121031969,34,0.304611130637823,77,0.366412461146079,34,0.329367096882411,77,0.0242289937968962,34,0.023917461984745,77,0.0240370317761773,34,0.0238674759437432,77,0.00917343471886076,34,0.00693311774675906,77,0.00676207784532001,34,0.00700175594965406,77,0.00798641973698465,34,0.00587783587034738,77,0.00552297487470491,34,0.00582387415437867,77,0.0256581594052454,34,0.0256107624928857,77,0.0256169590647563,34,0.025598513695173
,76,0.363279041827017,35,0.336580183530826,76,0.39927083753086,35,0.384818958905686,76,0.31061731062899,35,0.2767745654197,76,0.337707643908849,35,0.306880868531978,76,0.313166365827018,35,0.280093877967729,76,0.338599034529593,35,0.305923894428952,76,0.340530567593764,35,0.305251231068546,76,0.36563917495531,35,0.330207688384519,76,0.0241921054450321,35,0.0238964994392316,76,0.024062618586351,35,0.0238696384531811,76,0.00882743808900951,35,0.00692572998600499,76,0.00674605280431139,35,0.00699234015141436,76,0.00735797624051959,35,0.00584494519822437,76,0.00552589480546359,35,0.00579496173513347,76,0.0256560413379421,35,0.025586461148926,76,0.0256179133846331,35,0.0256054638263756
,75,0.363133955090211,36,0.337430930984309,75,0.399132698631076,36,0.385336532456646,75,0.309747135499529,36,0.277620864364731,75,0.337122685812771,36,0.307665542379555,75,0.312507609967276,36,0.280738437862267,75,0.337883991430208,36,0.306732315098101,75,0.339728996688587,36,0.305898627455579,75,0.364782162516018,36,0.331049833627448,75,0.0242282092945388,36,0.023921986517206,75,0.0240535722938001,36,0.0238626278651462,75,0.00845330716048177,36,0.00694237016959456,75,0.00676023769977982,36,0.00699359658137201,75,0.00678751876734706,36,0.0058510438558824,75,0.00552773184094413,36,0.00578752730217366,75,0.0256671766246098,36,0.0255957667720524,75,0.025604974074978,36,0.0256099613819344
,74,0.362881776575523,37,0.338315505736875,74,0.39911375585673,37,0.385858988053069,74,0.308915589261476,37,0.278394041205091,74,0.336504981490868,37,0.308506170432827,74,0.3117043120062,37,0.28147034494234,74,0.337117142320713,37,0.307645650700095,74,0.338812049436907,37,0.306560537857601,74,0.36390547613122,37,0.33188127051885,74,0.0242235581836906,37,0.0239334915828424,74,0.0240514557510025,37,0.0238548427838485,74,0.00811806228872797,37,0.00695874901633639,74,0.00677513909389522,37,0.00700663167163489,74,0.00626378103735117,37,0.00585685983950768,74,0.00552804174340658,37,0.00581520719941438,74,0.0256438499095442,37,0.0256101327185889,74,0.0256276933150732,37,0.0256183567263039
,73,0.362388807347313,38,0.339075331730749,73,0.39895749783584,38,0.386364993013867,73,0.308121214039409,38,0.279161803604093,73,0.335890202961368,38,0.309350951278879,73,0.31077997322519,38,0.282148365395233,73,0.336377776890824,38,0.308479217596962,73,0.33789974018947,38,0.307260173555194,73,0.363047957347665,38,0.332758768612634,73,0.0241886069335974,38,0.0239122596194739,73,0.0240051189065158,38,0.0238745960683227,73,0.00781462478875053,38,0.00693959857700075,73,0.00676711053951429,38,0.00700008076126714,73,0.00588003158246824,38,0.00583681591424674,73,0.00549363048640366,38,0.00583325555733267,73,0.0256610736621284,38,0.0256076081090283,73,0.0255960006282014,38,0.025629099718389
,72,0.362002358617546,39,0.339856845973055,72,0.398709972138982,39,0.386933997775463,72,0.307245421080701,39,0.279968487909022,72,0.335287758039725,39,0.310243568279845,72,0.309967166158335,39,0.282842193970431,72,0.335699676408131,39,0.309373145103591,72,0.336988434580811,39,0.307923335895335,72,0.362188278764639,39,0.333616188508101,72,0.024212331959741,39,0.0238999948105013,72,0.0239920545959533,39,0.0239072151998017,72,0.00751477139995261,39,0.00692344933342325,72,0.00674930967764145,39,0.00698558316688125,72,0.00564841345497347,39,0.00582457754249671,72,0.00549123601262027,39,0.00580710329576822,72,0.0256681573406066,39,0.0255989134302406,72,0.0255835060722967,39,0.0256184222573756
,71,0.361511159309089,40,0.340700048794213,71,0.398535617325653,40,0.387452437489425,71,0.306279844268968,40,0.280744607880855,71,0.334682692748628,40,0.311132064607118,71,0.309173440175984,40,0.283586025804101,71,0.334999139533342,40,0.310248656382763,71,0.336060005782335,40,0.308676440259713,71,0.361377153750861,40,0.334522590555159,71,0.0241220320664195,40,0.0239051724345469,71,0.0239971441633911,40,0.0239332206595356,71,0.00723478663549041,40,0.00692196446675597,71,0.00673867712074865,40,0.00699101741541442,71,0.00552997155633548,40,0.00582323941774902,71,0.00550278746882773,40,0.00581637547840551,71,0.0256401157103681,40,0.025597809748636,71,0.0255772920957036,40,0.0256344443858042
,70,0.361093806008755,41,0.341607023717751,70,0.398347084691549,41,0.387846829468658,70,0.305384770691363,41,0.281564150026261,70,0.334077684424138,41,0.311962502084252,70,0.308487582689208,41,0.284404454528758,70,0.334324215387843,41,0.31106178182531,70,0.335166433961549,41,0.309447145946096,70,0.360592175247977,41,0.335400921909153,70,0.0241372120567559,41,0.0239422802961468,70,0.0239804781728116,41,0.0239213179441107,70,0.00703065631153729,41,0.00693766998103757,70,0.00673746667668491,41,0.00699455328271372,70,0.00550783608159185,41,0.00582384145461893,70,0.0055021369271382,41,0.00581296340639898,70,0.0256491703407033,41,0.0255985676710851,70,0.0255849301571942,41,0.0256437548143648
,69,0.36068446110527,42,0.342487424532287,69,0.398164218829646,42,0.388313991640804,69,0.304509240677765,42,0.282423543553411,69,0.333518548182316,42,0.312863417741174,69,0.307736007050348,42,0.285249687308369,69,0.333641826828401,42,0.311943806909689,69,0.334305470725116,42,0.310205982462116,69,0.359806956793192,42,0.336280893068639,69,0.0241723327684772,42,0.0239086440617858,69,0.0239718731201684,42,0.0239189656984657,69,0.0068519729071235,42,0.00694882547772526,69,0.00675222773875026,42,0.00699597871071571,69,0.00548199851511644,42,0.00580596769508668,69,0.00548631657530256,42,0.00580221535313259,69,0.0256290887984407,42,0.0256021740167459,69,0.0255761299815246,42,0.0256386069947457
,68,0.360232478234,43,0.343261506083019,68,0.397886934205761,43,0.388798250741291,68,0.303705074352762,43,0.28324249839433,68,0.333006380126633,43,0.313733345245461,68,0.307037455124792,43,0.286051280031253,68,0.332942487138488,43,0.312859982536916,68,0.333497985125372,43,0.311001166255301,68,0.358983535584988,43,0.337186125685169,68,0.0241797808650104,43,0.0238938881604025,68,0.0239701208095805,43,0.0238871396955617,68,0.00674309306360577,43,0.00694376664237949,68,0.00675789163499392,43,0.00698739851827298,68,0.0054670835426192,43,0.00580324176212117,68,0.00549293950350316,43,0.00575524899779956,68,0.025618213743302,43,0.0256123977297765,68,0.0255997235481142,43,0.0256191306445967
,67,0.359829561569506,44,0.344067239602951,67,0.397670709595059,44,0.389373343720691,67,0.302929569279706,44,0.284057769764983,67,0.332423694649221,44,0.314618709326491,67,0.306301916167547,44,0.28688555202728,67,0.332272670638441,44,0.313812984320675,67,0.332686505624733,44,0.311820620341724,67,0.358261200289315,44,0.338105065728513,67,0.0242462292473251,44,0.0239084854617859,67,0.0239558702726861,44,0.0238914698293737,67,0.00671987214487708,44,0.00692103317488013,67,0.00677234699807726,44,0.0069750608857139,67,0.00549450956405511,44,0.00580033923297168,67,0.00548585499030154,44,0.00576213818796776,67,0.0256379731520455,44,0.0256050612052586,67,0.0255851431821363,44,0.0256083375640595
,66,0.359172381148149,45,0.344916616445473,66,0.397441309050152,45,0.389865908911886,66,0.302176859084993,45,0.284913739402595,66,0.331808474735085,45,0.315497172779908,66,0.305544898364241,45,0.287735972902584,66,0.331644300048623,45,0.314730499457888,66,0.331878259934758,45,0.312671287693587,66,0.357529130495198,45,0.338988242809119,66,0.0241253160078272,45,0.0238940041032146,66,0.0239359988612282,45,0.023937769803144,66,0.00668395586393293,45,0.00692484504384041,66,0.00675634594575605,45,0.00697166172630129,66,0.00547073079829117,45,0.00579842812496862,66,0.00547152788528675,45,0.00578066834774198,66,0.0256171301540855,45,0.0255854331603394,66,0.0255549217641462,45,0.0256215731893611
,65,0.35866450613894,46,0.34571208229473,65,0.397237195050846,46,0.39028732832201,65,0.301453058123747,46,0.285791557638325,65,0.33117341695889,46,0.316309620169889,65,0.30476461633628,46,0.288599348286343,65,0.331007711450235,46,0.315561014298763,65,0.331092325172982,46,0.313488582837041,65,0.356800753298643,46,0.339841949205303,65,0.0240993342270172,46,0.0239099189244639,65,0.023970224228239,46,0.0239002973493045,65,0.00666784978673406,46,0.00693255527473732,65,0.0067507211593105,46,0.00697522277506519,65,0.00543012309684795,46,0.0057946502341517,65,0.00550540445010371,46,0.00575434561097554,65,0.0256080076844304,46,0.0256083717278594,65,0.0255701531111929,46,0.0256211691236845
,64,0.358147982272379,47,0.346488752455136,64,0.397008096752292,47,0.390745203434146,64,0.30075605355078,47,0.286638221738633,64,0.330558326907179,47,0.317132763916814,64,0.303976189102385,47,0.28945723271971,64,0.330365416101561,47,0.316409994309412,64,0.330309340276877,47,0.314330200104228,64,0.356130862392476,47,0.34072252396209,64,0.0241260602035871,47,0.0239164960120806,64,0.0239570295032142,47,0.0239143562796115,64,0.00667057204528742,47,0.00693616014819253,64,0.00673764863899255,47,0.00698494339323792,64,0.00545536309185016,47,0.00579221727587505,64,0.00548859917259951,47,0.00575923795630133,64,0.0256435017913954,47,0.0256291420894892,64,0.025562717660772,47,0.0256358246426828
,63,0.357662434849244,48,0.347259491813251,63,0.396674059818419,48,0.391191107848805,63,0.300099274310019,48,0.287489683496212,63,0.32996399941023,48,0.317938838427365,63,0.303271662286417,48,0.290357112097098,63,0.329676216010195,48,0.317235194827313,63,0.329528811218888,48,0.315259180079432,63,0.355367396970532,48,0.341608371492385,63,0.0241331346839633,48,0.0238958832336897,63,0.0239789076641571,48,0.0239255010163218,63,0.00667812318149579,48,0.00690733940996018,63,0.00675274455505955,48,0.00697597810882714,63,0.00546714733565049,48,0.00577756778322831,63,0.00549774876642123,48,0.00574030462286377,63,0.0256578039713449,48,0.025600010573098,63,0.0255775935714969,48,0.0256328233721705
,62,0.357073392065308,49,0.348071060514271,62,0.396371912990312,49,0.391624783453123,62,0.299414121363156,49,0.28839111092216,62,0.329320892931859,49,0.318740565656071,62,0.302516572330367,49,0.291371571127854,62,0.328952614252272,49,0.318066786878271,62,0.32871476882048,49,0.316223310800119,62,0.354608335765673,49,0.342464625411358,62,0.0241190136566859,49,0.0239354914897993,62,0.0239396480056607,49,0.0239103216159285,62,0.00667062827442762,49,0.00691010114740293,62,0.00674902238403324,49,0.00698213868093536,62,0.00546547649479893,49,0.00579144048356002,62,0.00547659320742031,49,0.00570645334739912,62,0.0256194230283228,49,0.0256316909104631,62,0.0255481176506621,49,0.0256144713681135
,61,0.356537709384333,50,0.348802734632461,61,0.396100458147142,50,0.392104208558771,61,0.298724777662756,50,0.289262277823111,61,0.328674485554719,50,0.319564903593927,61,0.301791497966783,50,0.292279550816641,61,0.328306112462373,50,0.318956019443265,61,0.327950227240567,50,0.317141432638363,61,0.353838947813892,50,0.343363864295929,61,0.0240982313349921,50,0.0239577512034872,61,0.0239059630472468,50,0.0238818374833814,61,0.00667244139997944,50,0.00692557158529847,61,0.00674107540531097,50,0.00697321746774893,61,0.00543750102533684,50,0.00579875234751262,61,0.00546922050836169,50,0.00568310410039676,61,0.0256287936824192,50,0.0256775025099796,61,0.0255271888423873,50,0.0255918978746162
,60,0.355992438727506,51,0.349625159976431,60,0.3958787125114,51,0.39258559305573,60,0.298053711706432,51,0.290199772547686,60,0.328031121960105,51,0.320355002867903,60,0.301071603104328,51,0.293260407554696,60,0.32763388972444,51,0.319798128804891,60,0.327148664832842,51,0.318111987316313,60,0.353079504140413,51,0.344289776815731,60,0.0241707667005172,51,0.0240253140043277,60,0.0239611633873635,51,0.0239494332596441,60,0.00667962709439507,51,0.00692217924383321,60,0.00675725236679019,51,0.00698192658877483,60,0.0054642820967094,51,0.00576141789468454,60,0.00546874238641638,51,0.00571379478892562,60,0.0256494218250046,51,0.025655427713064,60,0.0255414217068082,51,0.0256427697399706
,59,0.355396220687916,52,0.350458916413636,59,0.395533118593662,52,0.393024511727742,59,0.297366012928664,52,0.291083174913118,59,0.327394455041926,52,0.321094322604527,59,0.300374176306805,52,0.294234049070736,59,0.326925400936148,52,0.320600032660266,59,0.326351885063189,52,0.319065957908817,59,0.352236106725301,52,0.345168210716715,59,0.0241356375008098,52,0.0240932737801407,59,0.0239513803460358,52,0.023944572319566,59,0.00667723694034983,52,0.00691680342524532,59,0.00675113870748816,52,0.00694907894300727,59,0.00547725887126394,52,0.00576236028911693,59,0.00546546511692313,52,0.00567543482251436,59,0.0256304919899301,52,0.025658788596218,59,0.0255387070939152,52,0.025602373039055
,58,0.354751321472483,53,0.351118405714017,58,0.395149565539005,53,0.393472831945174,58,0.296615240029997,53,0.291963339891071,58,0.326695653396547,53,0.32188928699275,58,0.299608950005757,53,0.295200785012251,58,0.32619727549135,53,0.321448803940897,58,0.325496241797223,53,0.320090280361885,58,0.351504276695312,53,0.346045165040466,58,0.0240960332667417,53,0.0239864052293494,58,0.0238904847632705,53,0.0239029838526907,58,0.006678734047779,53,0.0068993791433502,58,0.00675367316867671,53,0.00693436695921695,58,0.00545110504407883,53,0.00573409284219155,58,0.00545625077903043,53,0.00563716089016194,58,0.0256208035508919,53,0.0256582512269648,58,0.0255461829658721,53,0.025554329465221
,57,0.354178612255777,54,0.351866987933951,57,0.394802215486335,54,0.393965937149544,57,0.295859785636812,54,0.292906946932343,57,0.326018865668463,54,0.322628816211754,57,0.298861282419922,54,0.296172373458969,57,0.325511467468284,54,0.322307820586893,57,0.324640288551693,54,0.32112330268537,57,0.350702086964794,54,0.346967957906109,57,0.0241010230987525,54,0.0239710821311735,57,0.0238795330611588,54,0.0238870040401832,57,0.00667333351121583,54,0.00689453609514574,57,0.00675804979840468,54,0.00690635297153203,57,0.00546051335550835,54,0.00570697063560993,57,0.00546131994115133,54,0.00562528131169864,57,0.0256169137564761,54,0.0256303079901453,57,0.0255494053478647,54,0.0255730436099067
,56,0.353659786344472,55,0.352623234708445,56,0.39447413968622,55,0.394411912642478,56,0.295089431879118,55,0.293859861853702,56,0.325323886940402,55,0.323375432551878,56,0.298075827149771,55,0.297162935200065,56,0.32477126076159,55,0.323130077691598,56,0.323800386908421,55,0.322150542853117,56,0.349894754828013,55,0.347818089446388,56,0.0241617201474473,55,0.0239574532434289,56,0.0239004807206719,55,0.0239410865037617,56,0.00667201060389563,55,0.00686948970749664,56,0.00675433069812756,55,0.00690564999897415,56,0.00546639726612874,55,0.00567849833106579,56,0.00546623571655684,55,0.00561695060086582,56,0.0256065710602101,55,0.0256144535117094,56,0.025546152401186,55,0.0255945138340963
,55,0.353068099451842,56,0.353395281346592,55,0.394096950009657,56,0.394895439646285,55,0.294337525936894,56,0.294791914381839,55,0.32462651529086,56,0.324140168864979,55,0.297343268724549,56,0.298139416829262,55,0.323980439802622,56,0.323959611303066,55,0.322907479995028,56,0.323249941870584,55,0.34903833735763,56,0.348743177587988,55,0.0241097273956115,56,0.0239732788845662,55,0.0238968702916135,56,0.0239430951550154,55,0.00668571573664872,56,0.00684107400368731,55,0.00678966119841889,56,0.00687077730923506,55,0.0054589700843104,56,0.00565885934151107,55,0.00548002583204927,56,0.00556495512012839,55,0.0255930751865819,56,0.0256174114815464,55,0.0255531021479864,56,0.0255680410636333
,54,0.35233869863964,57,0.354203151930386,54,0.393733932588138,57,0.395423110797995,54,0.293499723088494,57,0.295728224528618,54,0.323907407706012,57,0.324843531431257,54,0.296440606383034,57,0.299095192937423,54,0.323202915468331,57,0.3247554471147,54,0.322015063372843,57,0.324323990788848,54,0.348235097265912,57,0.349670984807101,54,0.0240411882757153,57,0.0239851886190944,54,0.0238883659265105,57,0.0239171773386395,54,0.00668765323622226,57,0.00682139335819357,54,0.00677758917804936,57,0.00683634451860014,54,0.00544500889919591,57,0.0056281296371349,54,0.00548307604168996,57,0.0055058352916009,54,0.0255889884976999,57,0.0255933016429494,54,0.0255415131894771,57,0.0255539209360892
,53,0.351717281427896,58,0.354873744250051,53,0.393353547288439,58,0.395885706811236,53,0.292756167223092,58,0.296638345085976,53,0.323239305477225,58,0.325568078575941,53,0.295619920369983,58,0.299960246126682,53,0.322467170966269,58,0.325563568222001,53,0.321106219521304,58,0.325445093695365,53,0.347397680609319,58,0.35055567703705,53,0.0240818207217015,58,0.0239662951114489,53,0.0238766274187535,58,0.0239281084181702,53,0.0067389522262218,58,0.00680115828779332,53,0.00679562364051178,58,0.00682304015058726,53,0.00547073500552027,58,0.00560082969873712,53,0.00547232056212528,58,0.00550560181090152,53,0.0256133093415542,58,0.0256060090727734,53,0.0255468111706027,58,0.0255651999846449
,52,0.351081230012052,59,0.355656606614552,52,0.393062331459866,59,0.396353136430678,52,0.291944543603578,59,0.297586542209563,52,0.322526323514505,59,0.326279596612746,52,0.294748774264305,59,0.300829752334266,52,0.321715909386441,59,0.32637389326452,52,0.320178141796802,59,0.326560551482388,52,0.34655695964887,59,0.351435691088466,52,0.0241196318029678,59,0.0239559778959135,52,0.0239190887179457,59,0.023946904971564,52,0.00679446647068437,59,0.00679053687151019,52,0.00680790522702328,59,0.00680746161580888,52,0.00547151998039943,59,0.00554813096574609,52,0.00549015180393437,59,0.00552615366830573,52,0.0256259209137044,59,0.0256183586837598,52,0.0255338680732031,59,0.0255748618001374
,51,0.350381840675814,60,0.356560708535745,51,0.392655074062399,60,0.396738131993525,51,0.291185466895421,60,0.298552702840995,51,0.32180341833391,60,0.327016492629958,51,0.293973734447159,60,0.301756462154247,51,0.32095092727879,60,0.327142753507715,51,0.319287788705793,60,0.327697327295152,51,0.345704814941587,60,0.352300502773337,51,0.0240479970917587,60,0.0239628503591667,51,0.0238896301119355,60,0.0239578782698264,51,0.00683290951626651,60,0.00678811445924879,51,0.00685515076011011,60,0.00680641388106659,51,0.00546968413689875,60,0.00552201598637611,51,0.00550774373294786,60,0.00556378721437643,51,0.0256128769922734,60,0.0255918719343633,51,0.0255213447303947,60,0.0255790167381178
,50,0.349753925571527,61,0.357449199295316,50,0.392176073631414,61,0.397347395260892,50,0.29035527958915,61,0.299514414380678,50,0.321066498173436,61,0.327764197788293,50,0.29314493083577,61,0.302874584200879,50,0.320094728489578,61,0.327954572276596,50,0.318369361771251,61,0.328834391204611,50,0.344808403299439,61,0.353177375616901,50,0.0240988275398656,61,0.0239814327770181,50,0.0238741026318164,61,0.0239509852879461,50,0.00686142016137453,61,0.00682285739835972,50,0.00688489360082298,61,0.00680934720679286,50,0.00552790981651345,61,0.00555245933039562,50,0.00551219031721231,61,0.00555979575028801,50,0.0256275718509645,61,0.0255739882486359,50,0.0255404408311393,61,0.0255729305264217
,49,0.349111370298565,62,0.358312804548082,49,0.391819015089066,62,0.398194176896564,49,0.289544152157071,62,0.300492411716021,49,0.32037894488894,62,0.328523005573871,49,0.292318385317876,62,0.303845693767358,49,0.319353055394081,62,0.328777721053313,49,0.317453958632204,62,0.329868133530976,49,0.344001349528482,62,0.354036257795538,49,0.0241030745447898,62,0.0239865353504611,49,0.0238638689092083,62,0.0239048369356281,49,0.00688675359932742,62,0.00685884391280591,49,0.00689670605290297,62,0.00684289056120516,49,0.00555506960188796,62,0.00558200698383564,49,0.00551088623966103,62,0.00550491048722986,49,0.0256394847836613,62,0.0255894183426697,49,0.0255219657079449,62,0.0255330308888071
,48,0.348378602381516,63,0.359171946101621,48,0.391414757404174,63,0.398820326472295,48,0.288712419366912,63,0.301463091052418,48,0.319627430561678,63,0.329229233096514,48,0.291477361383312,63,0.304558445202511,48,0.318549339266327,63,0.329482036436457,48,0.316550934118497,63,0.330901304539849,48,0.343113558159037,63,0.354842165980252,48,0.0240412850504467,63,0.0239870130443006,48,0.0238831992654645,63,0.0238979254232739,48,0.00689589207645492,63,0.00688627650312496,48,0.00691353301820647,63,0.00687558193813733,48,0.0055742718810675,63,0.00560804880304518,48,0.00555007334351325,63,0.00551207973486987,48,0.0256208586062814,63,0.0255870192942388,48,0.0255428171741008,63,0.0255333280262212
,47,0.347655683428094,64,0.359974105468246,47,0.391035423062993,64,0.399379537087427,47,0.287891284863479,64,0.302376345384638,47,0.318880596644122,64,0.329956595977802,47,0.290640087260313,64,0.305515480336167,47,0.317813857011217,64,0.330340624407057,47,0.315803063814597,64,0.331900927359122,47,0.342295029811375,64,0.355731305743849,47,0.0240255058359612,64,0.0239876857136453,47,0.0238744505377951,64,0.0239254405588841,47,0.00690309230347256,64,0.0069141366206062,47,0.00693194881681127,64,0.00688856917618629,47,0.00559075337584379,64,0.00560703071644144,47,0.00555798656667677,64,0.00552802635134865,47,0.0256085257998706,64,0.0255784220035358,47,0.0255623714765069,64,0.0255250343656935
,46,0.346994407492933,65,0.360872533093955,46,0.390625011809653,65,0.400317587189165,46,0.28708215467166,65,0.303293456516702,46,0.318120020711955,65,0.330676184730198,46,0.289845941849064,65,0.30648860485187,46,0.317026073984071,65,0.331212680133081,46,0.315024092138084,65,0.332872431776393,46,0.341412430477823,65,0.356570002418185,46,0.024048895324476,65,0.0240347134735188,46,0.023831020632347,65,0.023926886360848,46,0.00692202344033063,65,0.00692878942169655,46,0.00692862381494193,65,0.00688598130127428,46,0.00561395884336347,65,0.00560945523140908,46,0.00555550270513562,65,0.00551650740899413,46,0.0256190210465787,65,0.0255919586813142,46,0.0255235977891381,65,0.0255430521811322
,45,0.346281757108117,66,0.361772541951701,45,0.390239302077931,66,0.401263466098313,45,0.286259782318122,66,0.304261296474651,45,0.317328369342911,66,0.331411181426302,45,0.289039571166745,66,0.307444168547756,45,0.316223757516054,66,0.331988508692797,45,0.314119823018064,66,0.333829939459479,45,0.340576775238366,66,0.357446944894301,45,0.0240998956566953,66,0.02405725644218,45,0.0238548766632174,66,0.0239343591082705,45,0.00693088901167772,66,0.00694236030744664,45,0.00693314129734721,66,0.00689584689135536,45,0.0056428343553553,66,0.00561879762696524,45,0.00560106119954821,66,0.00552074780567966,45,0.0256288901593568,66,0.0256081959101024,45,0.0255374295591669,66,0.0255656496338043
,44,0.34555522594233,67,0.363073915780715,44,0.389835091080728,67,0.40126051765636,44,0.285432515503122,67,0.305245727976449,44,0.316571094092016,67,0.332150707144789,44,0.288225994845608,67,0.308378125126998,44,0.315443876007169,67,0.332798431479805,44,0.313242732315679,67,0.334856955585411,44,0.33970879065594,67,0.358288522215515,44,0.024087146269658,67,0.0240028832546129,44,0.0238976687527166,67,0.0239428882167964,44,0.00693475802548772,67,0.00692574969861474,44,0.00693648216121133,67,0.00689150687449777,44,0.00566547032317796,67,0.00556620946737272,44,0.00563787755482744,67,0.00550035938261974,44,0.0256244304136618,67,0.0255917946474937,44,0.0255629117168598,67,0.0255516474884088
,43,0.344744293694254,68,0.364585299429579,43,0.389380614000187,68,0.401733658420419,43,0.28456705142508,68,0.306193396870114,43,0.315774989463431,68,0.332874042585589,43,0.287408074268468,68,0.309350034688996,43,0.314602790251528,68,0.333606801036463,43,0.312375066868334,68,0.335876417765252,43,0.338846298211455,68,0.359162001959379,43,0.0240246206237759,68,0.0239915328867435,43,0.0238549812675957,68,0.0239102989858823,43,0.00692518266934281,68,0.00692780163140291,43,0.00694441829322354,68,0.00688492417087347,43,0.00566738127690068,68,0.00557707391657079,43,0.00561970553696628,68,0.00549102408820213,43,0.0256102464990141,68,0.0255990305755746,43,0.0255412749894494,68,0.0255435112380736
,42,0.344017548556521,69,0.365315621679951,42,0.388951914328322,69,0.402179889342584,42,0.283760052221995,69,0.307335882169886,42,0.314923817898459,69,0.333648900590987,42,0.286643194380062,69,0.31044962477597,42,0.313718511505834,69,0.334451317161134,42,0.311555010471596,69,0.337030522453372,42,0.337990806162218,69,0.360181450565863,42,0.0240434150378427,69,0.024026657467917,42,0.0238968780798097,69,0.0239255686481426,42,0.00695274161029351,69,0.00694093190717276,42,0.0069512220635508,69,0.00689286736439378,42,0.00568223297110126,69,0.00560496518243473,42,0.00565823438409597,69,0.0055114048770628,42,0.0256060018265857,69,0.0256153363317656,42,0.0255568784165916,69,0.0255433496580873
,41,0.343317582687364,70,0.365975491764254,41,0.388519081458537,70,0.402734379594549,41,0.282940422335561,70,0.308435104271754,41,0.314101846479978,70,0.334455472111772,41,0.285896411964907,70,0.311701327803386,41,0.312884876311231,70,0.335397959112359,41,0.310747722698432,70,0.338220831564997,41,0.337113141928158,70,0.36145700757375,41,0.0240650527108657,70,0.0240330871805395,41,0.0238975904224367,70,0.0239579591373365,41,0.00696268163644664,70,0.00695292348631934,41,0.00693414277047336,70,0.00690313350126601,41,0.00571153592823438,70,0.00560136286306338,41,0.00564486279210424,70,0.00552745580349129,41,0.0255930067773123,70,0.025608848418098,41,0.0255364291877083,70,0.0255723416670201
,40,0.342538787580456,71,0.366917637309548,40,0.388105590552366,71,0.403216683573467,40,0.282158757849879,71,0.30953860344436,40,0.313263183580424,71,0.335258418862431,40,0.285160176447888,71,0.31303161723274,40,0.312061870572332,71,0.336396961734162,40,0.310025172993863,71,0.339360817118866,40,0.336226637111567,71,0.362638200598425,40,0.0240336858515728,71,0.0240539410115838,40,0.0238741248598008,71,0.0239566297637964,40,0.00695093658272657,71,0.00697290088591598,40,0.00697115921654273,71,0.00691682205217476,40,0.00574156860151127,71,0.00560386365107617,40,0.00565729442313608,71,0.00552219766682244,40,0.0255954363153008,71,0.0256234079392464,40,0.025554025284426,71,0.0255724457296776
,39,0.341748309229147,72,0.367890016427779,39,0.387631357614893,72,0.403747259861402,39,0.281372047612076,72,0.310715815357405,39,0.312395180417149,72,0.336079379067717,39,0.284383113034375,72,0.314287139777515,39,0.311174065501312,72,0.337333984489789,39,0.309304776880062,72,0.340713604199381,39,0.335368250470008,72,0.363635084709102,39,0.0240171104377011,72,0.0240336097110729,39,0.023813454884031,72,0.0239237002711682,39,0.00695627543996636,72,0.00696187184936357,39,0.00694103865776736,72,0.00689785655422389,39,0.00575111247666007,72,0.00558694509399726,39,0.00565084628033742,72,0.00548063850280295,39,0.0256202345304803,72,0.0256520144219831,39,0.0255209632643403,72,0.0255477512421792
,38,0.340917119190288,73,0.368824179076341,38,0.387177264332161,73,0.404316931387059,38,0.280556044870445,73,0.311836577809585,38,0.311576465617766,73,0.336999982705474,38,0.283582257131388,73,0.31553246223824,38,0.310347695169611,73,0.33842961479959,38,0.308545068772786,73,0.34205211292523,38,0.334520368851357,73,0.364696529826256,38,0.0240518510653188,73,0.0240238623224155,38,0.0238637187324805,73,0.0238991014156811,38,0.00694978386428866,73,0.00696017347601762,38,0.00696454114378891,73,0.00688670807139162,38,0.00577793396036148,73,0.00557435244121491,38,0.00571119326108547,73,0.00547289672177571,38,0.0256379343396617,73,0.0256514369639274,38,0.025553095773088,73,0.0255499051824898
,37,0.340074120511992,74,0.369858525797194,37,0.386713057343863,74,0.404907172744876,37,0.279787252344105,74,0.313426897262525,37,0.310705895764783,74,0.337989362755445,37,0.282845864959831,74,0.316820821446763,37,0.309491565122594,74,0.339605254396734,37,0.307790540972646,74,0.343364232011568,37,0.333614407200228,74,0.366096897853319,37,0.0240780201895623,74,0.0240809267959921,37,0.0238708065379428,74,0.0239199150723338,37,0.00694648652326754,74,0.00698432718235384,37,0.00695658142706135,74,0.00690869387101137,37,0.00578115175797154,74,0.00558533102106285,37,0.00569228606827278,74,0.0054921354624021,37,0.0256307742754725,74,0.0256175433871322,37,0.0255343287570963,74,0.0255706781966999
,36,0.339270509747202,75,0.37092037405914,36,0.38628071362559,75,0.405586657082519,36,0.279040074343511,75,0.315340266965056,36,0.309837800425715,75,0.339063990352475,36,0.282169411377127,75,0.318173997352852,36,0.308649977877399,75,0.34075413479791,36,0.307098563006014,75,0.344933014071824,36,0.332761884713839,75,0.36748968856314,36,0.0240168944455829,75,0.0240715223874394,36,0.0238828005132334,75,0.023949404316782,36,0.00696441700037482,75,0.00699880003043039,36,0.00694328970476173,75,0.00692445623184598,36,0.00575622666837834,75,0.00558869196259002,36,0.00572874783486063,75,0.005483650378158,36,0.0256171520422467,75,0.0256025395284422,36,0.025553818903829,75,0.0255687484058498
,35,0.338480361133548,76,0.372235718709327,35,0.385816233294981,76,0.406306337550028,35,0.278281199007116,76,0.31713020539898,35,0.308986469834646,76,0.340163826469218,35,0.281479567055057,76,0.319556782144006,35,0.307835155455626,76,0.342057239601811,35,0.306436150401359,76,0.34651014674293,35,0.331944897675656,76,0.36884375647606,35,0.0240192582022373,76,0.0240461998694799,35,0.023859624583272,76,0.0238954000438773,35,0.00697763739968311,76,0.00699474770195517,35,0.00697646966144676,76,0.00693040617533876,35,0.00577595354738339,76,0.00558372094614475,35,0.00573135298269069,76,0.00547620202379395,35,0.0256148538232695,76,0.025610434716831,35,0.0255440679630509,76,0.0255673108113774
,34,0.337649643912281,77,0.373837803468666,34,0.385297366091803,77,0.406995555717725,34,0.277526527116347,77,0.318851625163203,34,0.308129222984585,77,0.341386739559139,34,0.2807745011864,77,0.320966076405592,34,0.306989478455713,77,0.343415144741664,34,0.305765470518541,77,0.348076689294497,34,0.331089334158454,77,0.370134131110183,34,0.0240127037876477,77,0.024057656891389,34,0.0238383305200978,77,0.0238879154422395,34,0.00697287425559882,77,0.00697937839251852,34,0.00699281029060235,77,0.00692937934702858,34,0.00579775346005733,77,0.00558845943750213,34,0.00574398394354148,77,0.00547285753165869,34,0.0255974850001021,77,0.0256189656800926,34,0.0255327999893806,77,0.0255574338983759
,33,0.336922866135429,78,0.375084748586748,33,0.384808668236317,78,0.407725516063633,33,0.276826014452424,78,0.320294104154301,33,0.307261940087796,78,0.342990604481449,33,0.280159210662509,78,0.322353964021779,33,0.306140808761585,78,0.344690914398821,33,0.305160395082751,78,0.349697170853317,33,0.330270047556742,78,0.371547263986059,33,0.024028139237073,78,0.0240731998575407,33,0.0238820182129976,78,0.0239154248761679,33,0.00696701288245533,78,0.00697968258194315,33,0.00698851603089653,78,0.00693439087770546,33,0.0058028446351726,78,0.00559996644088465,33,0.00576377179200312,78,0.00549791820640607,33,0.025583535930652,78,0.0256327986623301,33,0.0255685251637988,78,0.0255652970337104
,32,0.336101924264182,79,0.376162257696963,32,0.384352967482779,79,0.408500338325419,32,0.276140850329724,79,0.32167416742625,32,0.306456133525075,79,0.344517559155073,32,0.279542372097667,79,0.323825298958048,32,0.3053938043113,79,0.345860288083023,32,0.304554817469739,79,0.351294313421561,32,0.32947590236301,79,0.372968378925531,32,0.0240463525556486,79,0.0240675099228064,32,0.0238875180562526,79,0.0239159135715832,32,0.00697714499849231,79,0.00698321575062097,32,0.00700891204715265,79,0.00694563860014541,32,0.00582533159045774,79,0.00558189441094578,32,0.00577770647953547,79,0.00550146691777318,32,0.025609877088502,79,0.0256249330802643,32,0.0255587153167786,79,0.0255759957369131
,31,0.335309901391508,80,0.377316420569981,31,0.383832235548214,80,0.409397975463423,31,0.275452866074527,80,0.322965979056109,31,0.30562174503598,80,0.345601152347618,31,0.278924093499933,80,0.325171224360091,31,0.304541409734145,80,0.347002401089617,31,0.303934540497393,80,0.352798496496723,31,0.328641879095899,80,0.374444164161743,31,0.024034946439223,80,0.0240594061960706,31,0.0238832794474197,80,0.0239634172046326,31,0.00696931314486626,80,0.00699459753627962,31,0.00698581363940457,80,0.00696041471096471,31,0.00585094079596929,80,0.00558032885361277,31,0.00578163813466719,80,0.00549569775492394,31,0.0256274785734014,80,0.0256214224503135,31,0.0255600028191427,80,0.0255817081520957
,30,0.334574870328848,81,0.378531815267935,30,0.383317698664931,81,0.410191848911202,30,0.274774670626608,81,0.324293427240922,30,0.304815318903525,81,0.346789360044423,30,0.278312301159114,81,0.326593321745465,30,0.303813914406775,81,0.348139878485265,30,0.303352731600054,81,0.354420499036056,30,0.327880722302127,81,0.375851793363429,30,0.0240331173896704,81,0.0240856291528024,30,0.0238840409888336,81,0.0239445814530576,30,0.00695810235074323,81,0.00700680587377694,30,0.00700907974357934,81,0.00695015879217478,30,0.00583842993756408,81,0.00558672620167793,30,0.00579494497002664,81,0.00551394530843406,30,0.0256080194933064,81,0.0256273899422541,30,0.0255566187612457,81,0.0255891781800797
,29,0.333797679063268,82,0.379958629441936,29,0.382797753843172,82,0.410904711573873,29,0.274134277431734,82,0.325602873974273,29,0.303960066908125,82,0.347900537073868,29,0.277723067676225,82,0.32802002134229,29,0.302998435123955,82,0.349305491408461,29,0.302776067392483,82,0.356052991694892,29,0.32705097470403,82,0.377288539124815,29,0.0240095202010533,82,0.0241281667959688,29,0.0238766181867408,82,0.0239018726747761,29,0.00697844220387552,82,0.00700476341783091,29,0.00696882805876124,82,0.00693619541704682,29,0.00583171167109889,82,0.00559410100181297,29,0.00578730756473053,82,0.005487309462208,29,0.0256001956236629,82,0.0256461297608218,29,0.025554230213515,82,0.0255673319896271
,28,0.332981162870472,83,0.381462072770265,28,0.382292482396742,83,0.411822479456657,28,0.273479375518238,83,0.326900149581585,28,0.303146832013598,83,0.348872854415388,28,0.277159212355713,83,0.329399949614252,28,0.302201493770588,83,0.350451286287833,28,0.302233320971067,83,0.357564337854111,28,0.326391792478375,83,0.378606785029121,28,0.0239966137005579,83,0.0241512907312904,28,0.0239190349725281,83,0.0239107252067833,28,0.00698177095566803,83,0.00700411240250206,28,0.00698273280636364,83,0.00692561547263047,28,0.00585526092888213,83,0.00560113199412947,28,0.005799484090611,83,0.00547317461748983,28,0.0255911131206815,83,0.025655226314419,28,0.0255669101595544,83,0.025564807100372
,27,0.332284568762353,84,0.382826297955877,27,0.381801050015668,84,0.412998066623514,27,0.27293023048336,84,0.328318309505867,27,0.30248745125546,84,0.349821617878887,27,0.276672362358105,84,0.33074163246262,27,0.301568230849467,84,0.351576685007528,27,0.301774330975003,84,0.359082003512567,27,0.325679301310872,84,0.379842103174475,27,0.023975409453204,84,0.0241150848399714,27,0.023883521377489,84,0.0239485461830443,27,0.00697405339487913,84,0.0069996289446006,27,0.00698095821501397,84,0.0069298558137983,27,0.00584613873683404,84,0.00558981251275338,27,0.00581374093794521,84,0.00550537005103079,27,0.0255816339886684,84,0.0256349336221178,27,0.0255515947552714,84,0.0255667429784453
,26,0.331604288848536,85,0.384220547968316,26,0.381380472643687,85,0.413942381813837,26,0.272359937361328,85,0.329711650072785,26,0.301770062478809,85,0.350855191986866,26,0.2761601289007,85,0.332080710054631,26,0.300912921953275,85,0.352736215072004,26,0.301276509018597,85,0.360533575491326,26,0.325014906645308,85,0.381060843847642,26,0.0239863234961222,85,0.0241312086962329,26,0.0239072481845511,85,0.0239608882767815,26,0.00696886409665386,85,0.00698752672888457,26,0.00700350850497604,85,0.00694616453373778,26,0.0058316509146146,85,0.00557758002816977,26,0.00581704017968761,85,0.00551025578006394,26,0.0255983482686828,85,0.0256378230301493,26,0.0255602137134887,85,0.0255722024642396
,25,0.33092843072942,86,0.385569740431143,25,0.380844158365119,86,0.414861844138644,25,0.27177154421196,86,0.330993010152074,25,0.301020817697442,86,0.352181061290485,25,0.275658364362115,86,0.333445634773309,25,0.300187866245663,86,0.353933025117051,25,0.300793947672841,86,0.361920907828595,25,0.324246293170218,86,0.382352740317022,25,0.0240296626141956,86,0.0241526776680652,25,0.0239159263790859,86,0.02396927010441,25,0.00697465001720965,86,0.00696928320360956,25,0.00700787671912571,86,0.00695360279246557,25,0.00585692679717072,86,0.00556775653385198,25,0.00582540862227469,86,0.00551860495593262,25,0.0256098929790298,86,0.0256342645367726,25,0.0255773175954169,86,0.025617159859842
,24,0.330164734432387,87,0.386810618873738,24,0.380208589099822,87,0.415948788955354,24,0.271147580390703,87,0.332223917369312,24,0.300148930685272,87,0.353760239071024,24,0.275102041822103,87,0.334656595726456,24,0.299377161591115,87,0.355222679144178,24,0.300246854233962,87,0.363180997908814,24,0.323495217749981,87,0.383638989946507,24,0.0239571296082343,87,0.0241026169388462,24,0.023901296707524,87,0.0240061746404826,24,0.00697979642569467,87,0.006963947848991,24,0.00700678219447679,87,0.00696181298099059,24,0.00586155957487876,87,0.00556430193673727,24,0.00585506230887086,87,0.00553163833776946,24,0.0255945167406814,87,0.0256166350692836,24,0.0255914784827983,87,0.0256343258607284
,23,0.329429985311702,88,0.388203151698485,23,0.379574748048728,88,0.417069617166324,23,0.270525564982567,88,0.333477624346238,23,0.299391125696401,88,0.355047914992373,23,0.274526714119923,88,0.335864598528283,23,0.298641346213349,88,0.356576398017367,23,0.299730328641387,88,0.364472209512634,23,0.322830415070958,88,0.385002027493457,23,0.0239610277677894,88,0.0241264034859996,23,0.0239007362175643,88,0.0240227097054363,23,0.00697357168528227,88,0.00697048245449801,23,0.00701724679972026,88,0.00697589390227557,23,0.00586592441262119,88,0.00556678492545067,23,0.00584964256479841,88,0.00553230094942516,23,0.025607289957541,88,0.0256233361486522,23,0.0255729471709328,88,0.0256123427780079
,22,0.328787758886391,89,0.38968945091556,22,0.379093716109186,89,0.418341912449461,22,0.270005626963839,89,0.334795141814467,22,0.298752640144265,89,0.35611518596083,22,0.274079964975201,89,0.337136437849453,22,0.298084224439567,89,0.357865319672256,22,0.299316603889238,89,0.365799750494541,22,0.322231585333439,89,0.386213165060653,22,0.0239661873122772,89,0.0241234095441599,22,0.0238578084679171,89,0.0240006271104007,22,0.00700166416587936,89,0.0069781623128714,22,0.00703436616999147,89,0.00695576812637658,22,0.00588229105381261,89,0.00556492157331309,22,0.00583556292876512,89,0.00552496399651152,22,0.0256187664707774,89,0.0256159924677842,22,0.0255611315853539,89,0.0256102897972157
,21.2999992370605,0.32839768820727,89.6999969482422,0.390736565655395,21.2999992370605,0.378737567895726,89.6999969482422,0.419227284730377,21.2999992370605,0.269672221436605,89.6999969482422,0.335786401373158,21.2999992370605,0.29830921133054,89.6999969482422,0.356795846562484,21.2999992370605,0.273814108664964,89.6999969482422,0.338060173372928,21.2999992370605,0.297672674826616,89.6999969482422,0.358770266211354,21.2999992370605,0.299056428939221,89.6999969482422,0.366721134499252,21.2999992370605,0.321822306140397,89.6999969482422,0.387080392139402,21.2999992370605,0.0239806314254341,89.6999969482422,0.0240969968862513,21.2999992370605,0.0238489312222723,89.6999969482422,0.0239990784649283,21.2999992370605,0.00700628876436327,89.6999969482422,0.00697129367367181,21.2999992370605,0.00702058785531933,89.6999969482422,0.00695304673070522,21.2999992370605,0.00587840939898909,89.6999969482422,0.00557111592944875,21.2999992370605,0.00583885487206874,89.6999969482422,0.00550924994415724,21.2999992370605,0.0256243561957684,89.6999969482422,0.0256224766644456,21.2999992370605,0.0255615034353118,89.6999969482422,0.0256063467952975
