Wavelength(nm)	F_20_uM 1(Abs)	F_20_uM 2(Abs)	F_20_uM 3(Abs)	F_17_uM 1(Abs)	F_17_uM 2(Abs)	F_17_uM 3(Abs)	F_15_uM 1(Abs)	F_15_uM 2(Abs)	F_15_uM 3(Abs)	F_12_uM 1(Abs)	F_12_uM 2(Abs)	F_12_uM 3(Abs)	F_10_uM 1(Abs)	F_10_uM 2(Abs)	F_10_uM 3(Abs)	F_8_uM 1(Abs)	F_8_uM 2(Abs)	F_8_uM 3(Abs)	F_5_uM 1(Abs)	F_5_uM 2(Abs)	F_5_uM 3(Abs)	F_2,5_uM 1(Abs)	F_2,5_uM 2(Abs)	F_2,5_uM 3(Abs)	F_1_uM 1(Abs)	F_1_uM 2(Abs)	F_1_uM 3(Abs)	F_17_uM 1(Abs)	
600.0	-0.01030	-0.01099	-0.01068	-0.01034	-0.01076	-0.00921	-0.00587	-0.00621	-0.00625	-0.00629	-0.00577	-0.00664	-0.00955	-0.01016	-0.00906	-0.00606	-0.00610	-0.00639	-0.01158	-0.01125	-0.01130	-0.00595	-0.00614	-0.00602	0.00222	0.00330	0.00311	-0.00923	
599.0	-0.01166	-0.01133	-0.01102	-0.01093	-0.01153	-0.01148	-0.00666	-0.00718	-0.00662	-0.00663	-0.00756	-0.00701	-0.01053	-0.01037	-0.01040	-0.00686	-0.00731	-0.00716	-0.01278	-0.01210	-0.01314	-0.00673	-0.00626	-0.00659	0.00184	0.00199	0.00193	-0.01042	
598.0	-0.01038	-0.00968	-0.00996	-0.00919	-0.00998	-0.00962	-0.00623	-0.00548	-0.00572	-0.00622	-0.00570	-0.00574	-0.00875	-0.00909	-0.00877	-0.00549	-0.00525	-0.00542	-0.01148	-0.01120	-0.01101	-0.00582	-0.00575	-0.00524	0.00255	0.00328	0.00306	-0.00859	
597.0	-0.01065	-0.01057	-0.01072	-0.01037	-0.00990	-0.01061	-0.00636	-0.00571	-0.00598	-0.00663	-0.00595	-0.00654	-0.00976	-0.00984	-0.01001	-0.00638	-0.00692	-0.00607	-0.01182	-0.01114	-0.01181	-0.00641	-0.00605	-0.00605	0.00229	0.00200	0.00237	-0.00934	
596.0	-0.01050	-0.01067	-0.01043	-0.00963	-0.01001	-0.00965	-0.00544	-0.00609	-0.00474	-0.00598	-0.00622	-0.00541	-0.00940	-0.00922	-0.00859	-0.00607	-0.00574	-0.00588	-0.01068	-0.01047	-0.01154	-0.00492	-0.00534	-0.00540	0.00370	0.00234	0.00283	-0.00898	
595.0	-0.01007	-0.01032	-0.00998	-0.00901	-0.00977	-0.01007	-0.00567	-0.00507	-0.00632	-0.00578	-0.00630	-0.00632	-0.00927	-0.00960	-0.00917	-0.00575	-0.00595	-0.00595	-0.01106	-0.01140	-0.01164	-0.00513	-0.00483	-0.00571	0.00318	0.00227	0.00297	-0.00878	
594.0	-0.01040	-0.01015	-0.00989	-0.01014	-0.00970	-0.01006	-0.00548	-0.00599	-0.00509	-0.00561	-0.00584	-0.00638	-0.00940	-0.00895	-0.00904	-0.00595	-0.00520	-0.00629	-0.01117	-0.01106	-0.01116	-0.00584	-0.00547	-0.00498	0.00262	0.00348	0.00270	-0.00864	
593.0	-0.01096	-0.01028	-0.01114	-0.01014	-0.01021	-0.01038	-0.00589	-0.00599	-0.00584	-0.00642	-0.00641	-0.00659	-0.00942	-0.01014	-0.00930	-0.00630	-0.00584	-0.00616	-0.01141	-0.01142	-0.01218	-0.00618	-0.00561	-0.00676	0.00264	0.00227	0.00263	-0.00942	
592.0	-0.01078	-0.01008	-0.01057	-0.00914	-0.01021	-0.01023	-0.00641	-0.00610	-0.00602	-0.00602	-0.00596	-0.00618	-0.00974	-0.00896	-0.00859	-0.00601	-0.00554	-0.00652	-0.01161	-0.01103	-0.01117	-0.00580	-0.00468	-0.00569	0.00335	0.00285	0.00295	-0.00925	
591.0	-0.01047	-0.01013	-0.01010	-0.00960	-0.01056	-0.01001	-0.00516	-0.00515	-0.00518	-0.00576	-0.00642	-0.00640	-0.00965	-0.00866	-0.00991	-0.00506	-0.00586	-0.00537	-0.01116	-0.01149	-0.01185	-0.00539	-0.00560	-0.00656	0.00265	0.00252	0.00267	-0.00893	
590.0	-0.00970	-0.01015	-0.01042	-0.01073	-0.00912	-0.01012	-0.00608	-0.00517	-0.00554	-0.00532	-0.00618	-0.00680	-0.00971	-0.00978	-0.00928	-0.00532	-0.00657	-0.00662	-0.01148	-0.01152	-0.01215	-0.00553	-0.00651	-0.00609	0.00290	0.00333	0.00282	-0.00903	
589.0	-0.01044	-0.00990	-0.01087	-0.01081	-0.00981	-0.00922	-0.00588	-0.00627	-0.00572	-0.00596	-0.00681	-0.00591	-0.00936	-0.00911	-0.00924	-0.00674	-0.00622	-0.00622	-0.01129	-0.01100	-0.01121	-0.00651	-0.00616	-0.00639	0.00233	0.00259	0.00160	-0.00979	
588.0	-0.01019	-0.01015	-0.01042	-0.00935	-0.00920	-0.00928	-0.00504	-0.00535	-0.00445	-0.00537	-0.00606	-0.00622	-0.00923	-0.00949	-0.00884	-0.00682	-0.00631	-0.00552	-0.01087	-0.01125	-0.01103	-0.00509	-0.00543	-0.00566	0.00376	0.00326	0.00351	-0.00886	
587.0	-0.00981	-0.01004	-0.01001	-0.01007	-0.00988	-0.00980	-0.00622	-0.00566	-0.00685	-0.00596	-0.00638	-0.00651	-0.00886	-0.00838	-0.00958	-0.00613	-0.00625	-0.00614	-0.01117	-0.01104	-0.01139	-0.00569	-0.00598	-0.00498	0.00338	0.00218	0.00358	-0.00915	
586.0	-0.01105	-0.01058	-0.01160	-0.01032	-0.01015	-0.01008	-0.00661	-0.00649	-0.00647	-0.00673	-0.00667	-0.00743	-0.00945	-0.00992	-0.00936	-0.00642	-0.00686	-0.00681	-0.01191	-0.01208	-0.01206	-0.00620	-0.00559	-0.00651	0.00223	0.00199	0.00240	-0.00864	
585.0	-0.01023	-0.00919	-0.00980	-0.01026	-0.00988	-0.00895	-0.00556	-0.00584	-0.00453	-0.00616	-0.00548	-0.00555	-0.00899	-0.00894	-0.00935	-0.00610	-0.00561	-0.00533	-0.01163	-0.01189	-0.01116	-0.00580	-0.00584	-0.00537	0.00304	0.00372	0.00312	-0.00888	
584.0	-0.00960	-0.00945	-0.01024	-0.01000	-0.01047	-0.00937	-0.00589	-0.00578	-0.00588	-0.00579	-0.00532	-0.00571	-0.00962	-0.00987	-0.00946	-0.00559	-0.00598	-0.00559	-0.01097	-0.00967	-0.01123	-0.00595	-0.00504	-0.00551	0.00377	0.00336	0.00280	-0.00863	
583.0	-0.01011	-0.01034	-0.01018	-0.00969	-0.01009	-0.01109	-0.00488	-0.00634	-0.00637	-0.00633	-0.00646	-0.00621	-0.00886	-0.00996	-0.00923	-0.00653	-0.00587	-0.00687	-0.01203	-0.01142	-0.01079	-0.00615	-0.00656	-0.00565	0.00308	0.00295	0.00187	-0.00876	
582.0	-0.00946	-0.01068	-0.01089	-0.01041	-0.00979	-0.01056	-0.00653	-0.00672	-0.00660	-0.00642	-0.00609	-0.00634	-0.01004	-0.00986	-0.00981	-0.00678	-0.00671	-0.00547	-0.01216	-0.01140	-0.01172	-0.00631	-0.00643	-0.00589	0.00219	0.00222	0.00282	-0.00959	
581.0	-0.01024	-0.01093	-0.01066	-0.01074	-0.01076	-0.01142	-0.00562	-0.00614	-0.00700	-0.00690	-0.00670	-0.00709	-0.00961	-0.01061	-0.00908	-0.00699	-0.00637	-0.00773	-0.01165	-0.01155	-0.01169	-0.00631	-0.00652	-0.00636	0.00292	0.00175	0.00199	-0.00970	
580.0	-0.01019	-0.01046	-0.01010	-0.00958	-0.00917	-0.01011	-0.00532	-0.00576	-0.00596	-0.00579	-0.00562	-0.00656	-0.00918	-0.00935	-0.00898	-0.00629	-0.00641	-0.00570	-0.01035	-0.01177	-0.01145	-0.00546	-0.00486	-0.00559	0.00257	0.00322	0.00238	-0.00947	
579.0	-0.00943	-0.01030	-0.01004	-0.01021	-0.01130	-0.01014	-0.00596	-0.00584	-0.00586	-0.00595	-0.00658	-0.00593	-0.00883	-0.00979	-0.00993	-0.00576	-0.00663	-0.00563	-0.01122	-0.01186	-0.01138	-0.00631	-0.00650	-0.00590	0.00263	0.00289	0.00242	-0.00905	
578.0	-0.01021	-0.01028	-0.00972	-0.01034	-0.01008	-0.00976	-0.00573	-0.00529	-0.00571	-0.00571	-0.00619	-0.00593	-0.00913	-0.00926	-0.00866	-0.00647	-0.00676	-0.00638	-0.01108	-0.01126	-0.01032	-0.00564	-0.00609	-0.00561	0.00337	0.00263	0.00261	-0.00931	
577.0	-0.00963	-0.01016	-0.00963	-0.00916	-0.00964	-0.00936	-0.00427	-0.00470	-0.00566	-0.00599	-0.00559	-0.00562	-0.00829	-0.00871	-0.00861	-0.00601	-0.00586	-0.00612	-0.01055	-0.01062	-0.01099	-0.00561	-0.00602	-0.00512	0.00324	0.00342	0.00271	-0.00905	
576.0	-0.00997	-0.01020	-0.01028	-0.00994	-0.00992	-0.00971	-0.00498	-0.00552	-0.00638	-0.00642	-0.00586	-0.00681	-0.00931	-0.00903	-0.00942	-0.00578	-0.00623	-0.00657	-0.01122	-0.01133	-0.01183	-0.00573	-0.00601	-0.00598	0.00262	0.00293	0.00322	-0.00927	
575.0	-0.00969	-0.01014	-0.01002	-0.00978	-0.01022	-0.00971	-0.00511	-0.00573	-0.00551	-0.00578	-0.00601	-0.00574	-0.00935	-0.00948	-0.00876	-0.00612	-0.00589	-0.00610	-0.01059	-0.01157	-0.01029	-0.00549	-0.00576	-0.00504	0.00252	0.00302	0.00315	-0.00889	
574.0	-0.01026	-0.01025	-0.01050	-0.00988	-0.01102	-0.01015	-0.00565	-0.00574	-0.00603	-0.00597	-0.00654	-0.00601	-0.00939	-0.00919	-0.00931	-0.00640	-0.00596	-0.00677	-0.01172	-0.01116	-0.01080	-0.00640	-0.00580	-0.00659	0.00249	0.00273	0.00302	-0.00970	
573.0	-0.00991	-0.01003	-0.00998	-0.00953	-0.00983	-0.00925	-0.00550	-0.00567	-0.00536	-0.00581	-0.00545	-0.00599	-0.00896	-0.00876	-0.00867	-0.00630	-0.00576	-0.00590	-0.01107	-0.01063	-0.01098	-0.00617	-0.00558	-0.00524	0.00322	0.00298	0.00283	-0.00840	
572.0	-0.00925	-0.01013	-0.00963	-0.00949	-0.00927	-0.00978	-0.00509	-0.00529	-0.00469	-0.00562	-0.00616	-0.00557	-0.00932	-0.00896	-0.00890	-0.00631	-0.00608	-0.00649	-0.01090	-0.01139	-0.01138	-0.00536	-0.00573	-0.00504	0.00290	0.00293	0.00345	-0.00883	
571.0	-0.00958	-0.00957	-0.00937	-0.00923	-0.00946	-0.00977	-0.00510	-0.00516	-0.00539	-0.00573	-0.00578	-0.00590	-0.00795	-0.00903	-0.00865	-0.00578	-0.00648	-0.00548	-0.01116	-0.01103	-0.01078	-0.00610	-0.00564	-0.00590	0.00356	0.00346	0.00310	-0.00850	
570.0	-0.01011	-0.00993	-0.01021	-0.01044	-0.01072	-0.00979	-0.00593	-0.00568	-0.00518	-0.00578	-0.00624	-0.00539	-0.00953	-0.00999	-0.00860	-0.00619	-0.00673	-0.00663	-0.01148	-0.01160	-0.01118	-0.00587	-0.00582	-0.00589	0.00307	0.00292	0.00265	-0.00932	
569.0	-0.00881	-0.00945	-0.00939	-0.00958	-0.00952	-0.00940	-0.00493	-0.00506	-0.00462	-0.00548	-0.00582	-0.00557	-0.00795	-0.00887	-0.00885	-0.00574	-0.00549	-0.00561	-0.01079	-0.01114	-0.01072	-0.00530	-0.00496	-0.00514	0.00364	0.00383	0.00420	-0.00803	
568.0	-0.00954	-0.00925	-0.00960	-0.00977	-0.00962	-0.00938	-0.00516	-0.00496	-0.00514	-0.00566	-0.00526	-0.00609	-0.00876	-0.00914	-0.00874	-0.00605	-0.00537	-0.00607	-0.01083	-0.00994	-0.01104	-0.00576	-0.00573	-0.00549	0.00347	0.00314	0.00313	-0.00907	
567.0	-0.00950	-0.00894	-0.00952	-0.00941	-0.00956	-0.00992	-0.00484	-0.00505	-0.00437	-0.00539	-0.00593	-0.00498	-0.00903	-0.00854	-0.00800	-0.00600	-0.00622	-0.00557	-0.01041	-0.01110	-0.01122	-0.00546	-0.00633	-0.00530	0.00333	0.00287	0.00287	-0.00875	
566.0	-0.01001	-0.01002	-0.00917	-0.01007	-0.01012	-0.00999	-0.00543	-0.00513	-0.00492	-0.00574	-0.00605	-0.00577	-0.00938	-0.00901	-0.00896	-0.00491	-0.00572	-0.00639	-0.01147	-0.01089	-0.01064	-0.00589	-0.00618	-0.00522	0.00302	0.00304	0.00262	-0.00851	
565.0	-0.01014	-0.01120	-0.00950	-0.00947	-0.00992	-0.01025	-0.00519	-0.00524	-0.00536	-0.00569	-0.00605	-0.00580	-0.00899	-0.00926	-0.00906	-0.00639	-0.00635	-0.00662	-0.01130	-0.01190	-0.01162	-0.00619	-0.00635	-0.00592	0.00302	0.00265	0.00204	-0.00928	
564.0	-0.00941	-0.00956	-0.00934	-0.00902	-0.00909	-0.00954	-0.00441	-0.00468	-0.00400	-0.00489	-0.00543	-0.00586	-0.00869	-0.00855	-0.00793	-0.00595	-0.00530	-0.00534	-0.01016	-0.01089	-0.00988	-0.00471	-0.00541	-0.00480	0.00369	0.00389	0.00472	-0.00795	
563.0	-0.00967	-0.00971	-0.00950	-0.01022	-0.00983	-0.00947	-0.00518	-0.00591	-0.00512	-0.00622	-0.00616	-0.00575	-0.00883	-0.00920	-0.00796	-0.00657	-0.00618	-0.00582	-0.01019	-0.01030	-0.01178	-0.00547	-0.00593	-0.00661	0.00318	0.00234	0.00298	-0.00930	
562.0	-0.00945	-0.00939	-0.00885	-0.00862	-0.00935	-0.00970	-0.00456	-0.00426	-0.00497	-0.00573	-0.00477	-0.00480	-0.00819	-0.00826	-0.00841	-0.00620	-0.00562	-0.00557	-0.00991	-0.01061	-0.01006	-0.00535	-0.00484	-0.00537	0.00417	0.00346	0.00397	-0.00792	
561.0	-0.01011	-0.00940	-0.00934	-0.00964	-0.00934	-0.00997	-0.00533	-0.00506	-0.00533	-0.00575	-0.00565	-0.00537	-0.00874	-0.00849	-0.00833	-0.00631	-0.00639	-0.00568	-0.01073	-0.01088	-0.01043	-0.00589	-0.00558	-0.00575	0.00324	0.00342	0.00303	-0.00869	
560.0	-0.00995	-0.00913	-0.00922	-0.00990	-0.00978	-0.00945	-0.00602	-0.00542	-0.00560	-0.00573	-0.00584	-0.00568	-0.00888	-0.00834	-0.00915	-0.00592	-0.00591	-0.00578	-0.01204	-0.01069	-0.01214	-0.00562	-0.00597	-0.00588	0.00363	0.00343	0.00315	-0.00873	
559.0	-0.00941	-0.00941	-0.00905	-0.00933	-0.00947	-0.00960	-0.00547	-0.00485	-0.00505	-0.00578	-0.00571	-0.00584	-0.00847	-0.00907	-0.00836	-0.00594	-0.00607	-0.00614	-0.01108	-0.01136	-0.01048	-0.00570	-0.00661	-0.00540	0.00362	0.00307	0.00247	-0.00818	
558.0	-0.01002	-0.01027	-0.00939	-0.01012	-0.00979	-0.00958	-0.00516	-0.00568	-0.00534	-0.00519	-0.00567	-0.00552	-0.00870	-0.00908	-0.00887	-0.00641	-0.00649	-0.00596	-0.01081	-0.01142	-0.01172	-0.00550	-0.00668	-0.00541	0.00236	0.00306	0.00355	-0.00958	
557.0	-0.00964	-0.00960	-0.00994	-0.00984	-0.00907	-0.00986	-0.00515	-0.00510	-0.00514	-0.00599	-0.00603	-0.00680	-0.00879	-0.00917	-0.00855	-0.00705	-0.00665	-0.00653	-0.01158	-0.01060	-0.01065	-0.00681	-0.00638	-0.00619	0.00396	0.00225	0.00301	-0.00927	
556.0	-0.00882	-0.00906	-0.00934	-0.00981	-0.00914	-0.00953	-0.00520	-0.00433	-0.00496	-0.00518	-0.00546	-0.00534	-0.00798	-0.00856	-0.00808	-0.00635	-0.00543	-0.00620	-0.01049	-0.01035	-0.01092	-0.00546	-0.00550	-0.00530	0.00368	0.00322	0.00375	-0.00835	
555.0	-0.00935	-0.00869	-0.00948	-0.00939	-0.00900	-0.00947	-0.00482	-0.00504	-0.00389	-0.00514	-0.00551	-0.00562	-0.00788	-0.00846	-0.00892	-0.00602	-0.00573	-0.00598	-0.01050	-0.01060	-0.01069	-0.00587	-0.00545	-0.00560	0.00329	0.00333	0.00364	-0.00847	
554.0	-0.00935	-0.00908	-0.00911	-0.00957	-0.00992	-0.00932	-0.00426	-0.00468	-0.00478	-0.00511	-0.00537	-0.00572	-0.00814	-0.00850	-0.00797	-0.00555	-0.00579	-0.00600	-0.01057	-0.01066	-0.01049	-0.00552	-0.00542	-0.00542	0.00339	0.00317	0.00310	-0.00820	
553.0	-0.00934	-0.00900	-0.00935	-0.00941	-0.00963	-0.00952	-0.00487	-0.00491	-0.00496	-0.00511	-0.00644	-0.00542	-0.00875	-0.00889	-0.00891	-0.00575	-0.00537	-0.00563	-0.01065	-0.01160	-0.01073	-0.00617	-0.00582	-0.00531	0.00316	0.00287	0.00314	-0.00860	
552.0	-0.00935	-0.00924	-0.00915	-0.00963	-0.00995	-0.00976	-0.00440	-0.00456	-0.00513	-0.00559	-0.00591	-0.00550	-0.00909	-0.00827	-0.00812	-0.00612	-0.00597	-0.00581	-0.01061	-0.01074	-0.01125	-0.00545	-0.00600	-0.00594	0.00353	0.00321	0.00324	-0.00851	
551.0	-0.00942	-0.00855	-0.00926	-0.00893	-0.00943	-0.00897	-0.00465	-0.00487	-0.00418	-0.00439	-0.00530	-0.00503	-0.00830	-0.00820	-0.00827	-0.00630	-0.00538	-0.00570	-0.01075	-0.01044	-0.01028	-0.00510	-0.00529	-0.00563	0.00366	0.00335	0.00370	-0.00876	
550.0	-0.00918	-0.00866	-0.00855	-0.00949	-0.00897	-0.00955	-0.00478	-0.00435	-0.00455	-0.00506	-0.00475	-0.00551	-0.00800	-0.00818	-0.00780	-0.00548	-0.00546	-0.00578	-0.01026	-0.01047	-0.01046	-0.00515	-0.00564	-0.00525	0.00320	0.00327	0.00301	-0.00852	
549.0	-0.00924	-0.00931	-0.00921	-0.00990	-0.00964	-0.00994	-0.00522	-0.00575	-0.00569	-0.00599	-0.00501	-0.00538	-0.00864	-0.00856	-0.00859	-0.00646	-0.00576	-0.00582	-0.01070	-0.01052	-0.01128	-0.00572	-0.00626	-0.00591	0.00296	0.00303	0.00296	-0.00882	
548.0	-0.00917	-0.00927	-0.00929	-0.00977	-0.00976	-0.00995	-0.00499	-0.00471	-0.00479	-0.00526	-0.00533	-0.00566	-0.00844	-0.00877	-0.00839	-0.00550	-0.00601	-0.00627	-0.01114	-0.01108	-0.01039	-0.00562	-0.00594	-0.00565	0.00318	0.00346	0.00293	-0.00914	
547.0	-0.00906	-0.00932	-0.00963	-0.00935	-0.00976	-0.00997	-0.00506	-0.00490	-0.00486	-0.00569	-0.00571	-0.00573	-0.00853	-0.00897	-0.00854	-0.00608	-0.00670	-0.00646	-0.01117	-0.01141	-0.01092	-0.00597	-0.00612	-0.00579	0.00305	0.00269	0.00308	-0.00824	
546.0	-0.00890	-0.00865	-0.00835	-0.00908	-0.00961	-0.00904	-0.00401	-0.00376	-0.00459	-0.00477	-0.00481	-0.00470	-0.00805	-0.00839	-0.00813	-0.00561	-0.00568	-0.00522	-0.01026	-0.01012	-0.01025	-0.00551	-0.00505	-0.00576	0.00404	0.00326	0.00356	-0.00807	
545.0	-0.00894	-0.00897	-0.00921	-0.00978	-0.00986	-0.01002	-0.00458	-0.00451	-0.00484	-0.00568	-0.00569	-0.00604	-0.00849	-0.00878	-0.00893	-0.00637	-0.00656	-0.00636	-0.01082	-0.01135	-0.01077	-0.00612	-0.00540	-0.00620	0.00235	0.00306	0.00302	-0.00934	
544.0	-0.00894	-0.00867	-0.00916	-0.00963	-0.00969	-0.00985	-0.00434	-0.00439	-0.00444	-0.00518	-0.00489	-0.00537	-0.00871	-0.00865	-0.00871	-0.00587	-0.00599	-0.00592	-0.01077	-0.01120	-0.01080	-0.00530	-0.00575	-0.00596	0.00359	0.00335	0.00339	-0.00889	
543.0	-0.00885	-0.00871	-0.00874	-0.00987	-0.00981	-0.00978	-0.00449	-0.00449	-0.00465	-0.00513	-0.00532	-0.00530	-0.00832	-0.00840	-0.00848	-0.00592	-0.00598	-0.00600	-0.01072	-0.01074	-0.01073	-0.00575	-0.00593	-0.00583	0.00328	0.00318	0.00317	-0.00893	
542.0	-0.00878	-0.00896	-0.00869	-0.00963	-0.00956	-0.00966	-0.00422	-0.00429	-0.00448	-0.00508	-0.00503	-0.00511	-0.00857	-0.00849	-0.00843	-0.00583	-0.00586	-0.00596	-0.01078	-0.01080	-0.01081	-0.00574	-0.00567	-0.00566	0.00334	0.00328	0.00337	-0.00867	
541.0	-0.00876	-0.00875	-0.00890	-0.00956	-0.00968	-0.00963	-0.00408	-0.00424	-0.00429	-0.00506	-0.00512	-0.00515	-0.00859	-0.00859	-0.00865	-0.00599	-0.00603	-0.00599	-0.01092	-0.01086	-0.01082	-0.00584	-0.00589	-0.00574	0.00313	0.00308	0.00319	-0.00868	
540.0	-0.00818	-0.00834	-0.00798	-0.00938	-0.00920	-0.00944	-0.00338	-0.00419	-0.00399	-0.00471	-0.00460	-0.00503	-0.00836	-0.00817	-0.00777	-0.00562	-0.00579	-0.00591	-0.01070	-0.01040	-0.01054	-0.00525	-0.00553	-0.00493	0.00332	0.00335	0.00323	-0.00811	
539.0	-0.00792	-0.00829	-0.00808	-0.00946	-0.00977	-0.00928	-0.00403	-0.00406	-0.00448	-0.00465	-0.00492	-0.00490	-0.00851	-0.00831	-0.00842	-0.00594	-0.00588	-0.00626	-0.01034	-0.01075	-0.01062	-0.00619	-0.00595	-0.00596	0.00327	0.00296	0.00316	-0.00855	
538.0	-0.00783	-0.00770	-0.00765	-0.00941	-0.00981	-0.00921	-0.00347	-0.00383	-0.00369	-0.00445	-0.00455	-0.00442	-0.00778	-0.00821	-0.00813	-0.00557	-0.00621	-0.00563	-0.01043	-0.01093	-0.01081	-0.00599	-0.00568	-0.00610	0.00325	0.00278	0.00335	-0.00824	
537.0	-0.00793	-0.00799	-0.00757	-0.00939	-0.00942	-0.00929	-0.00371	-0.00374	-0.00361	-0.00433	-0.00498	-0.00463	-0.00870	-0.00818	-0.00833	-0.00575	-0.00610	-0.00561	-0.01117	-0.01093	-0.01085	-0.00612	-0.00574	-0.00620	0.00315	0.00284	0.00313	-0.00882	
536.0	-0.00683	-0.00690	-0.00689	-0.00893	-0.00885	-0.00908	-0.00250	-0.00260	-0.00307	-0.00390	-0.00383	-0.00380	-0.00778	-0.00741	-0.00761	-0.00569	-0.00518	-0.00537	-0.01018	-0.01017	-0.01010	-0.00564	-0.00538	-0.00557	0.00363	0.00311	0.00344	-0.00797	
535.0	-0.00657	-0.00665	-0.00655	-0.00906	-0.00919	-0.00906	-0.00249	-0.00286	-0.00278	-0.00381	-0.00374	-0.00394	-0.00756	-0.00746	-0.00754	-0.00511	-0.00518	-0.00508	-0.01014	-0.01008	-0.01014	-0.00563	-0.00566	-0.00556	0.00330	0.00342	0.00327	-0.00798	
534.0	-0.00643	-0.00647	-0.00651	-0.00894	-0.00893	-0.00899	-0.00218	-0.00213	-0.00242	-0.00340	-0.00349	-0.00371	-0.00769	-0.00772	-0.00771	-0.00499	-0.00504	-0.00507	-0.01033	-0.01034	-0.01040	-0.00560	-0.00559	-0.00564	0.00323	0.00322	0.00318	-0.00810	
533.0	-0.00575	-0.00570	-0.00598	-0.00863	-0.00868	-0.00851	-0.00139	-0.00174	-0.00190	-0.00294	-0.00308	-0.00315	-0.00741	-0.00735	-0.00747	-0.00489	-0.00488	-0.00487	-0.01003	-0.01002	-0.01015	-0.00535	-0.00549	-0.00545	0.00324	0.00341	0.00341	-0.00772	
532.0	-0.00499	-0.00497	-0.00494	-0.00848	-0.00848	-0.00828	-0.00077	-0.00095	-0.00121	-0.00246	-0.00268	-0.00271	-0.00678	-0.00688	-0.00687	-0.00446	-0.00466	-0.00457	-0.00982	-0.00973	-0.00978	-0.00551	-0.00539	-0.00528	0.00335	0.00329	0.00335	-0.00745	
531.0	-0.00393	-0.00391	-0.00405	-0.00818	-0.00835	-0.00824	-0.00002	-0.00022	-0.00039	-0.00177	-0.00208	-0.00223	-0.00648	-0.00649	-0.00646	-0.00405	-0.00411	-0.00419	-0.00955	-0.00960	-0.00958	-0.00538	-0.00531	-0.00540	0.00345	0.00327	0.00330	-0.00734	
530.0	-0.00265	-0.00263	-0.00285	-0.00791	-0.00796	-0.00784	0.00096	0.00071	0.00056	-0.00109	-0.00123	-0.00122	-0.00609	-0.00608	-0.00607	-0.00348	-0.00349	-0.00377	-0.00931	-0.00936	-0.00932	-0.00524	-0.00537	-0.00530	0.00350	0.00346	0.00340	-0.00699	
529.0	-0.00206	-0.00211	-0.00201	-0.00764	-0.00752	-0.00745	0.00197	0.00191	0.00158	-0.00029	-0.00058	-0.00064	-0.00598	-0.00594	-0.00602	-0.00317	-0.00322	-0.00338	-0.00927	-0.00924	-0.00940	-0.00520	-0.00519	-0.00510	0.00333	0.00330	0.00330	-0.00670	
528.0	-0.00040	-0.00053	-0.00073	-0.00706	-0.00711	-0.00697	0.00331	0.00309	0.00269	0.00061	0.00058	0.00028	-0.00528	-0.00532	-0.00537	-0.00268	-0.00269	-0.00297	-0.00864	-0.00873	-0.00892	-0.00494	-0.00496	-0.00498	0.00324	0.00312	0.00327	-0.00604	
527.0	0.00191	0.00182	0.00150	-0.00641	-0.00644	-0.00632	0.00535	0.00501	0.00450	0.00212	0.00194	0.00177	-0.00431	-0.00422	-0.00437	-0.00168	-0.00174	-0.00197	-0.00792	-0.00813	-0.00809	-0.00465	-0.00462	-0.00462	0.00345	0.00346	0.00346	-0.00533	
526.0	0.00378	0.00370	0.00363	-0.00585	-0.00586	-0.00580	0.00698	0.00674	0.00618	0.00359	0.00334	0.00306	-0.00357	-0.00364	-0.00363	-0.00087	-0.00084	-0.00127	-0.00774	-0.00783	-0.00781	-0.00451	-0.00450	-0.00466	0.00338	0.00331	0.00321	-0.00487	
525.0	0.00685	0.00683	0.00612	-0.00513	-0.00452	-0.00480	0.00969	0.00957	0.00846	0.00541	0.00487	0.00512	-0.00212	-0.00239	-0.00274	0.00040	0.00041	-0.00024	-0.00699	-0.00674	-0.00721	-0.00415	-0.00430	-0.00393	0.00341	0.00340	0.00366	-0.00339	
524.0	0.01075	0.01048	0.00986	-0.00363	-0.00343	-0.00324	0.01285	0.01238	0.01161	0.00867	0.00769	0.00741	-0.00065	-0.00090	-0.00073	0.00181	0.00178	0.00167	-0.00580	-0.00600	-0.00628	-0.00344	-0.00343	-0.00383	0.00381	0.00363	0.00336	-0.00288	
523.0	0.01424	0.01371	0.01338	-0.00304	-0.00299	-0.00262	0.01613	0.01515	0.01449	0.01000	0.01001	0.00964	0.00034	-0.00001	-0.00018	0.00318	0.00283	0.00222	-0.00549	-0.00559	-0.00592	-0.00354	-0.00385	-0.00420	0.00269	0.00310	0.00274	-0.00190	
522.0	0.02063	0.01971	0.01925	-0.00119	-0.00084	-0.00076	0.02118	0.02048	0.01946	0.01453	0.01410	0.01327	0.00326	0.00289	0.00267	0.00599	0.00577	0.00533	-0.00364	-0.00348	-0.00408	-0.00296	-0.00283	-0.00311	0.00330	0.00350	0.00355	0.00003	
521.0	0.02575	0.02562	0.02460	0.00149	0.00057	0.00073	0.02651	0.02568	0.02378	0.01864	0.01820	0.01730	0.00538	0.00530	0.00510	0.00833	0.00785	0.00732	-0.00200	-0.00204	-0.00246	-0.00221	-0.00213	-0.00257	0.00361	0.00370	0.00338	0.00174	
520.0	0.03340	0.03295	0.03195	0.00345	0.00294	0.00317	0.03298	0.03168	0.02988	0.02384	0.02327	0.02249	0.00821	0.00835	0.00828	0.01214	0.01144	0.01055	0.00018	-0.00023	-0.00049	-0.00132	-0.00154	-0.00164	0.00378	0.00362	0.00381	0.00413	
519.0	0.04219	0.04109	0.03962	0.00606	0.00596	0.00600	0.04063	0.03947	0.03727	0.02991	0.02875	0.02819	0.01167	0.01173	0.01134	0.01533	0.01552	0.01384	0.00227	0.00220	0.00129	0.00001	0.00009	-0.00027	0.00443	0.00406	0.00387	0.00683	
518.0	0.05144	0.05092	0.04928	0.00897	0.00906	0.00865	0.04912	0.04791	0.04534	0.03664	0.03556	0.03443	0.01580	0.01564	0.01536	0.01971	0.01908	0.01765	0.00476	0.00438	0.00391	0.00091	0.00121	0.00100	0.00349	0.00388	0.00397	0.01000	
517.0	0.06339	0.06212	0.06063	0.01210	0.01252	0.01227	0.05926	0.05756	0.05493	0.04445	0.04343	0.04124	0.01988	0.02025	0.01969	0.02451	0.02392	0.02220	0.00761	0.00734	0.00656	0.00213	0.00237	0.00140	0.00421	0.00359	0.00360	0.01326	
516.0	0.07723	0.07596	0.07364	0.01676	0.01611	0.01667	0.07218	0.06990	0.06574	0.05430	0.05305	0.05124	0.02608	0.02584	0.02559	0.03054	0.03008	0.02781	0.01072	0.01093	0.00975	0.00414	0.00401	0.00301	0.00402	0.00363	0.00374	0.01740	
515.0	0.09537	0.09418	0.09129	0.02210	0.02210	0.02216	0.08733	0.08440	0.08092	0.06625	0.06516	0.06195	0.03351	0.03302	0.03240	0.03852	0.03758	0.03472	0.01571	0.01499	0.01422	0.00577	0.00567	0.00447	0.00411	0.00400	0.00402	0.02285	
514.0	0.11379	0.11180	0.10890	0.02751	0.02747	0.02774	0.10386	0.10088	0.09572	0.07959	0.07752	0.07427	0.04009	0.04001	0.03914	0.04635	0.04520	0.04220	0.02007	0.01948	0.01799	0.00802	0.00778	0.00714	0.00401	0.00372	0.00402	0.02825	
513.0	0.13829	0.13594	0.13259	0.03534	0.03538	0.03587	0.12561	0.12161	0.11596	0.09635	0.09399	0.09010	0.05003	0.05064	0.04922	0.05728	0.05599	0.05201	0.02642	0.02592	0.02425	0.01105	0.01036	0.00985	0.00440	0.00451	0.00419	0.03631	
512.0	0.16595	0.16330	0.15871	0.04391	0.04375	0.04485	0.15044	0.14531	0.13878	0.11548	0.11259	0.10811	0.06133	0.06175	0.06084	0.06901	0.06714	0.06286	0.03394	0.03289	0.03106	0.01427	0.01352	0.01223	0.00412	0.00413	0.00441	0.04476	
511.0	0.19608	0.19276	0.18736	0.05336	0.05354	0.05349	0.17717	0.17114	0.16354	0.13652	0.13350	0.12856	0.07384	0.07382	0.07275	0.08243	0.08053	0.07539	0.04207	0.04090	0.03833	0.01749	0.01773	0.01627	0.00436	0.00514	0.00485	0.05496	
510.0	0.23143	0.22791	0.22170	0.06513	0.06527	0.06570	0.20887	0.20197	0.19196	0.16193	0.15755	0.15231	0.08854	0.08874	0.08701	0.09845	0.09629	0.09043	0.05166	0.05016	0.04734	0.02273	0.02229	0.02041	0.00542	0.00523	0.00504	0.06605	
509.0	0.26721	0.26374	0.25643	0.07710	0.07707	0.07676	0.24157	0.23355	0.22210	0.18724	0.18253	0.17523	0.10347	0.10317	0.10121	0.11418	0.11145	0.10464	0.06104	0.05971	0.05635	0.02662	0.02621	0.02444	0.00563	0.00536	0.00538	0.07776	
508.0	0.31028	0.30572	0.29776	0.09080	0.09094	0.09108	0.28039	0.27118	0.25771	0.21769	0.21166	0.20384	0.12104	0.12026	0.11925	0.13353	0.13064	0.12181	0.07238	0.07059	0.06676	0.03160	0.03091	0.02894	0.00559	0.00580	0.00527	0.09178	
507.0	0.35954	0.35508	0.34473	0.10734	0.10721	0.10746	0.32484	0.31422	0.29873	0.25293	0.24629	0.23622	0.14202	0.14109	0.13954	0.15577	0.15182	0.14233	0.08544	0.08340	0.07932	0.03748	0.03714	0.03451	0.00604	0.00543	0.00630	0.10842	
506.0	0.41214	0.40630	0.39525	0.12460	0.12549	0.12590	0.37304	0.36035	0.34223	0.29053	0.28318	0.27220	0.16370	0.16342	0.16088	0.17993	0.17537	0.16402	0.09997	0.09747	0.09316	0.04432	0.04352	0.04104	0.00613	0.00618	0.00635	0.12602	
505.0	0.46636	0.45918	0.44754	0.14378	0.14414	0.14414	0.42271	0.40786	0.38696	0.32958	0.32063	0.30772	0.18649	0.18664	0.18280	0.20455	0.19934	0.18686	0.11459	0.11188	0.10637	0.05127	0.04984	0.04713	0.00644	0.00687	0.00692	0.14527	
504.0	0.52482	0.51652	0.50414	0.16506	0.16475	0.16511	0.47727	0.45940	0.43604	0.37244	0.36180	0.34772	0.21135	0.21029	0.20729	0.23129	0.22513	0.21087	0.13056	0.12744	0.12140	0.05847	0.05704	0.05322	0.00692	0.00645	0.00666	0.16595	
503.0	0.58538	0.57645	0.56212	0.18683	0.18705	0.18774	0.53260	0.51244	0.48651	0.41598	0.40446	0.38838	0.23740	0.23733	0.23350	0.25891	0.25272	0.23583	0.14760	0.14408	0.13688	0.06624	0.06519	0.06037	0.00795	0.00743	0.00770	0.18808	
502.0	0.65087	0.64106	0.62539	0.21139	0.21233	0.21237	0.59317	0.57050	0.54173	0.46416	0.45171	0.43259	0.26594	0.26553	0.26155	0.28977	0.28224	0.26463	0.16621	0.16235	0.15434	0.07472	0.07348	0.06877	0.00905	0.00826	0.00837	0.21278	
501.0	0.72010	0.70913	0.69301	0.23860	0.23928	0.23934	0.65772	0.63270	0.60053	0.51517	0.50023	0.47969	0.29662	0.29524	0.29063	0.32261	0.31420	0.29418	0.18593	0.18112	0.17238	0.08295	0.08153	0.07704	0.00886	0.00892	0.00844	0.23933	
500.0	0.78204	0.77167	0.75378	0.26439	0.26506	0.26541	0.71720	0.68879	0.65322	0.56181	0.54558	0.52304	0.32412	0.32378	0.31887	0.35228	0.34309	0.32137	0.20423	0.19909	0.18955	0.09222	0.09038	0.08505	0.00978	0.00943	0.00982	0.26520	
499.0	0.84608	0.83488	0.81646	0.29136	0.29171	0.29209	0.77638	0.74541	0.70750	0.60885	0.59143	0.56720	0.35243	0.35172	0.34608	0.38263	0.37237	0.34920	0.22149	0.21661	0.20633	0.09974	0.09778	0.09231	0.01018	0.00967	0.01001	0.29222	
498.0	0.90609	0.89360	0.87614	0.31837	0.31858	0.31877	0.83224	0.79892	0.75758	0.65290	0.63335	0.60874	0.38009	0.37911	0.37323	0.41144	0.40020	0.37558	0.23930	0.23383	0.22270	0.10833	0.10594	0.09990	0.01120	0.01095	0.01115	0.31881	
497.0	0.95792	0.94551	0.92725	0.34405	0.34418	0.34447	0.88149	0.84551	0.80222	0.69248	0.67191	0.64495	0.40433	0.40364	0.39672	0.43650	0.42510	0.39879	0.25458	0.24876	0.23686	0.11526	0.11287	0.10651	0.01181	0.01173	0.01168	0.34461	
496.0	1.00988	0.99802	0.97785	0.37055	0.37082	0.37101	0.92869	0.89142	0.84633	0.73055	0.70860	0.68080	0.42833	0.42761	0.42045	0.46145	0.44898	0.42139	0.26967	0.26317	0.25063	0.12222	0.11958	0.11319	0.01249	0.01235	0.01261	0.37107	
495.0	1.06041	1.04655	1.02839	0.39864	0.39875	0.39905	0.97543	0.93584	0.88893	0.76806	0.74549	0.71543	0.45273	0.45202	0.44468	0.48629	0.47346	0.44488	0.28445	0.27747	0.26436	0.12909	0.12636	0.11943	0.01338	0.01322	0.01335	0.39908	
494.0	1.10330	1.08933	1.07022	0.42318	0.42346	0.42355	1.01182	0.97204	0.92345	0.79818	0.77489	0.74426	0.47308	0.47150	0.46386	0.50595	0.49277	0.46330	0.29588	0.28910	0.27565	0.13484	0.13194	0.12469	0.01434	0.01419	0.01414	0.42351	
493.0	1.14138	1.12603	1.10682	0.44726	0.44729	0.44752	1.04295	1.00237	0.95338	0.82315	0.79945	0.76941	0.49080	0.48912	0.48163	0.52378	0.50982	0.47946	0.30566	0.29869	0.28538	0.13986	0.13684	0.12931	0.01532	0.01515	0.01518	0.44737	
492.0	1.15890	1.14557	1.12708	0.46694	0.46683	0.46704	1.05808	1.01824	0.96803	0.83550	0.81141	0.78096	0.50000	0.49853	0.49087	0.53152	0.51798	0.48814	0.31017	0.30306	0.28983	0.14183	0.13878	0.13147	0.01588	0.01582	0.01577	0.46686	
491.0	1.17033	1.15658	1.13878	0.48370	0.48375	0.48396	1.06591	1.02499	0.97647	0.84166	0.81765	0.78756	0.50544	0.50423	0.49633	0.53574	0.52218	0.49275	0.31274	0.30577	0.29228	0.14287	0.14006	0.13258	0.01648	0.01635	0.01632	0.48373	
490.0	1.18609	1.17217	1.15330	0.50403	0.50403	0.50416	1.07321	1.03371	0.98602	0.84809	0.82497	0.79557	0.51367	0.51178	0.50401	0.54104	0.52766	0.49882	0.31496	0.30811	0.29470	0.14445	0.14146	0.13438	0.01751	0.01741	0.01744	0.50387	
489.0	1.19244	1.17771	1.15930	0.51974	0.51978	0.51982	1.07128	1.03298	0.98662	0.84708	0.82421	0.79580	0.51647	0.51460	0.50750	0.54146	0.52833	0.50007	0.31411	0.30739	0.29463	0.14454	0.14166	0.13465	0.01851	0.01843	0.01837	0.51949	
488.0	1.18451	1.17014	1.15268	0.53188	0.53177	0.53175	1.05829	1.02106	0.97734	0.83689	0.81525	0.78737	0.51338	0.51162	0.50426	0.53520	0.52264	0.49564	0.30966	0.30308	0.29066	0.14255	0.13991	0.13326	0.01898	0.01904	0.01897	0.53165	
487.0	1.17162	1.15889	1.14207	0.54124	0.54112	0.54117	1.04089	1.00548	0.96372	0.82274	0.80208	0.77547	0.50811	0.50636	0.49905	0.52628	0.51497	0.48917	0.30393	0.29746	0.28590	0.14001	0.13744	0.13113	0.01955	0.01951	0.01959	0.54095	
486.0	1.15817	1.14540	1.12902	0.55014	0.55001	0.54994	1.01984	0.98688	0.94750	0.80647	0.78712	0.76183	0.50240	0.50084	0.49371	0.51753	0.50604	0.48176	0.29724	0.29134	0.28002	0.13782	0.13517	0.12928	0.02046	0.02057	0.02045	0.54978	
485.0	1.13732	1.12608	1.10946	0.55687	0.55675	0.55680	0.99168	0.96176	0.92483	0.78450	0.76670	0.74369	0.49269	0.49157	0.48516	0.50441	0.49384	0.47139	0.28810	0.28258	0.27237	0.13409	0.13165	0.12622	0.02117	0.02124	0.02118	0.55651	
484.0	1.10781	1.09797	1.08333	0.56081	0.56057	0.56057	0.95972	0.93150	0.89755	0.75858	0.74178	0.72087	0.47968	0.47893	0.47219	0.48789	0.47832	0.45735	0.27768	0.27229	0.26295	0.12923	0.12709	0.12193	0.02143	0.02143	0.02141	0.56042	
483.0	1.07937	1.06943	1.05620	0.56293	0.56282	0.56266	0.92819	0.90123	0.87099	0.73348	0.71787	0.69865	0.46756	0.46610	0.46028	0.47216	0.46323	0.44400	0.26778	0.26294	0.25413	0.12486	0.12263	0.11810	0.02174	0.02173	0.02179	0.56249	
482.0	1.04621	1.03680	1.02463	0.56401	0.56388	0.56378	0.89061	0.86705	0.83897	0.70413	0.69003	0.67179	0.45339	0.45219	0.44636	0.45421	0.44606	0.42828	0.25629	0.25178	0.24381	0.11971	0.11797	0.11376	0.02227	0.02236	0.02224	0.56365	
481.0	1.01194	1.00345	0.99094	0.56359	0.56344	0.56327	0.85201	0.83136	0.80612	0.67368	0.66116	0.64482	0.43848	0.43712	0.43187	0.43577	0.42850	0.41270	0.24452	0.24035	0.23336	0.11468	0.11304	0.10916	0.02280	0.02277	0.02288	0.56304	
480.0	0.97673	0.96882	0.95738	0.56159	0.56139	0.56108	0.81397	0.79536	0.77358	0.64394	0.63294	0.61832	0.42328	0.42227	0.41793	0.41763	0.41107	0.39666	0.23284	0.22920	0.22283	0.10969	0.10825	0.10450	0.02308	0.02312	0.02302	0.56109	
479.0	0.93972	0.93331	0.92341	0.55831	0.55802	0.55790	0.77551	0.75953	0.74046	0.61413	0.60379	0.59115	0.40807	0.40652	0.40277	0.39888	0.39300	0.38070	0.22104	0.21780	0.21220	0.10468	0.10327	0.10019	0.02346	0.02342	0.02355	0.55786	
478.0	0.90127	0.89558	0.88714	0.55382	0.55356	0.55330	0.73575	0.72209	0.70576	0.58297	0.57428	0.56367	0.39175	0.39063	0.38692	0.37963	0.37479	0.36392	0.20907	0.20622	0.20135	0.09928	0.09816	0.09555	0.02373	0.02371	0.02372	0.55330	
477.0	0.86731	0.86232	0.85512	0.54870	0.54847	0.54825	0.70172	0.68994	0.67623	0.55620	0.54851	0.53953	0.37753	0.37671	0.37292	0.36303	0.35889	0.34964	0.19861	0.19618	0.19217	0.09484	0.09378	0.09142	0.02378	0.02385	0.02378	0.54814	
476.0	0.83281	0.82812	0.82223	0.54253	0.54217	0.54203	0.66773	0.65791	0.64594	0.52944	0.52328	0.51481	0.36323	0.36232	0.35900	0.34612	0.34273	0.33504	0.18838	0.18624	0.18271	0.09033	0.08935	0.08736	0.02377	0.02385	0.02362	0.54187	
475.0	0.80210	0.79796	0.79322	0.53623	0.53600	0.53582	0.63786	0.62975	0.61954	0.50600	0.50058	0.49353	0.35037	0.34960	0.34661	0.33175	0.32872	0.32200	0.17950	0.17761	0.17461	0.08636	0.08545	0.08393	0.02391	0.02389	0.02387	0.53578	
474.0	0.77124	0.76815	0.76458	0.52901	0.52897	0.52882	0.60866	0.60172	0.59374	0.48287	0.47839	0.47274	0.33780	0.33685	0.33441	0.31732	0.31477	0.30949	0.17067	0.16930	0.16668	0.08243	0.08171	0.08027	0.02373	0.02386	0.02379	0.52859	
473.0	0.74234	0.74005	0.73709	0.52166	0.52167	0.52137	0.58171	0.57604	0.56914	0.46176	0.45792	0.45301	0.32574	0.32502	0.32288	0.30405	0.30188	0.29718	0.16255	0.16129	0.15915	0.07854	0.07815	0.07695	0.02359	0.02376	0.02361	0.52133	
472.0	0.71636	0.71415	0.71230	0.51440	0.51414	0.51394	0.55753	0.55330	0.54741	0.44297	0.43958	0.43568	0.31508	0.31453	0.31233	0.29212	0.29061	0.28669	0.15546	0.15442	0.15257	0.07573	0.07505	0.07399	0.02366	0.02361	0.02370	0.51388	
471.0	0.69390	0.69216	0.69066	0.50748	0.50721	0.50705	0.53704	0.53320	0.52892	0.42661	0.42394	0.42058	0.30571	0.30499	0.30317	0.28193	0.28064	0.27755	0.14939	0.14837	0.14705	0.07291	0.07228	0.07151	0.02359	0.02362	0.02358	0.50692	
470.0	0.67209	0.67089	0.66990	0.50030	0.50002	0.49990	0.51739	0.51417	0.51056	0.41116	0.40889	0.40607	0.29676	0.29609	0.29432	0.27215	0.27118	0.26849	0.14354	0.14266	0.14147	0.07016	0.06974	0.06913	0.02353	0.02340	0.02352	0.49969	
469.0	0.65426	0.65336	0.65283	0.49380	0.49362	0.49330	0.50162	0.49893	0.49617	0.39867	0.39677	0.39420	0.28914	0.28867	0.28698	0.26429	0.26319	0.26138	0.13874	0.13814	0.13718	0.06800	0.06761	0.06703	0.02332	0.02327	0.02323	0.49334	
468.0	0.63656	0.63583	0.63588	0.48725	0.48709	0.48697	0.48566	0.48364	0.48138	0.38605	0.38455	0.38271	0.28173	0.28107	0.27974	0.25623	0.25569	0.25409	0.13396	0.13333	0.13261	0.06585	0.06560	0.06495	0.02309	0.02312	0.02320	0.48689	
467.0	0.62093	0.62047	0.62116	0.48145	0.48133	0.48126	0.47187	0.47043	0.46889	0.37538	0.37394	0.37255	0.27513	0.27455	0.27324	0.24920	0.24888	0.24756	0.12978	0.12941	0.12885	0.06385	0.06361	0.06321	0.02284	0.02292	0.02296	0.48115	
466.0	0.60675	0.60673	0.60744	0.47627	0.47601	0.47588	0.45923	0.45856	0.45754	0.36559	0.36472	0.36318	0.26931	0.26864	0.26750	0.24292	0.24292	0.24185	0.12607	0.12578	0.12542	0.06218	0.06189	0.06171	0.02278	0.02274	0.02269	0.47586	
465.0	0.59409	0.59426	0.59546	0.47195	0.47183	0.47166	0.44836	0.44777	0.44741	0.35684	0.35603	0.35511	0.26417	0.26363	0.26244	0.23757	0.23749	0.23682	0.12294	0.12272	0.12236	0.06056	0.06060	0.06037	0.02282	0.02274	0.02274	0.47163	
464.0	0.58216	0.58246	0.58399	0.46806	0.46796	0.46780	0.43756	0.43742	0.43742	0.34844	0.34779	0.34729	0.25921	0.25870	0.25760	0.23228	0.23245	0.23188	0.11983	0.11959	0.11942	0.05927	0.05909	0.05904	0.02257	0.02275	0.02272	0.46767	
463.0	0.57124	0.57172	0.57347	0.46484	0.46468	0.46462	0.42771	0.42787	0.42852	0.34062	0.34052	0.34012	0.25483	0.25426	0.25332	0.22736	0.22756	0.22750	0.11675	0.11665	0.11670	0.05790	0.05773	0.05772	0.02261	0.02255	0.02256	0.46456	
462.0	0.55970	0.56046	0.56271	0.46211	0.46195	0.46189	0.41737	0.41789	0.41906	0.33268	0.33249	0.33250	0.25025	0.24971	0.24881	0.22224	0.22268	0.22313	0.11377	0.11376	0.11382	0.05659	0.05651	0.05657	0.02263	0.02263	0.02257	0.46167	
461.0	0.54715	0.54820	0.55088	0.45957	0.45938	0.45936	0.40596	0.40688	0.40874	0.32359	0.32381	0.32427	0.24524	0.24460	0.24399	0.21663	0.21738	0.21806	0.11030	0.11039	0.11071	0.05501	0.05499	0.05519	0.02254	0.02249	0.02253	0.45927	
460.0	0.53631	0.53757	0.54078	0.45777	0.45763	0.45746	0.39601	0.39758	0.39998	0.31577	0.31620	0.31711	0.24067	0.24021	0.23950	0.21183	0.21250	0.21373	0.10708	0.10731	0.10768	0.05360	0.05362	0.05383	0.02239	0.02239	0.02231	0.45746	
459.0	0.52409	0.52566	0.52928	0.45613	0.45592	0.45583	0.38457	0.38672	0.38962	0.30700	0.30784	0.30906	0.23596	0.23544	0.23494	0.20636	0.20727	0.20892	0.10385	0.10413	0.10474	0.05212	0.05210	0.05261	0.02234	0.02236	0.02233	0.45573	
458.0	0.51084	0.51276	0.51697	0.45438	0.45432	0.45406	0.37240	0.37494	0.37859	0.29735	0.29847	0.30027	0.23090	0.23047	0.23009	0.20054	0.20169	0.20371	0.10027	0.10074	0.10158	0.05061	0.05068	0.05113	0.02244	0.02232	0.02233	0.45398	
457.0	0.49651	0.49890	0.50370	0.45247	0.45252	0.45231	0.35908	0.36235	0.36677	0.28694	0.28868	0.29072	0.22553	0.22500	0.22474	0.19412	0.19553	0.19816	0.09639	0.09698	0.09798	0.04887	0.04912	0.04973	0.02257	0.02245	0.02244	0.45216	
456.0	0.48077	0.48361	0.48907	0.45054	0.45032	0.45024	0.34461	0.34843	0.35388	0.27583	0.27781	0.28053	0.21959	0.21917	0.21903	0.18718	0.18905	0.19224	0.09226	0.09297	0.09424	0.04704	0.04728	0.04815	0.02267	0.02262	0.02260	0.45008	
455.0	0.46461	0.46783	0.47409	0.44787	0.44788	0.44769	0.32990	0.33437	0.34051	0.26430	0.26657	0.26992	0.21330	0.21287	0.21291	0.18014	0.18213	0.18580	0.08785	0.08881	0.09033	0.04508	0.04535	0.04625	0.02249	0.02261	0.02259	0.44748	
454.0	0.44758	0.45122	0.45823	0.44489	0.44481	0.44456	0.31449	0.31981	0.32667	0.25229	0.25505	0.25887	0.20674	0.20639	0.20650	0.17261	0.17506	0.17932	0.08346	0.08441	0.08622	0.04311	0.04350	0.04453	0.02254	0.02258	0.02258	0.44440	
453.0	0.43136	0.43513	0.44286	0.44148	0.44134	0.44110	0.29995	0.30572	0.31337	0.24093	0.24406	0.24832	0.20034	0.19993	0.20039	0.16549	0.16811	0.17297	0.07920	0.08034	0.08236	0.04130	0.04169	0.04285	0.02270	0.02270	0.02260	0.44107	
452.0	0.41518	0.41927	0.42748	0.43732	0.43717	0.43701	0.28533	0.29184	0.30030	0.22973	0.23318	0.23791	0.19408	0.19355	0.19418	0.15852	0.16137	0.16671	0.07500	0.07627	0.07848	0.03947	0.03987	0.04122	0.02264	0.02259	0.02259	0.43690	
451.0	0.39737	0.40202	0.41095	0.43195	0.43185	0.43158	0.26996	0.27716	0.28608	0.21760	0.22146	0.22674	0.18706	0.18661	0.18737	0.15086	0.15401	0.15985	0.07039	0.07184	0.07433	0.03735	0.03785	0.03929	0.02236	0.02246	0.02238	0.43162	
450.0	0.37973	0.38467	0.39402	0.42591	0.42576	0.42556	0.25486	0.26239	0.27198	0.20579	0.20998	0.21547	0.17993	0.17963	0.18050	0.14349	0.14680	0.15303	0.06632	0.06777	0.07041	0.03556	0.03618	0.03771	0.02266	0.02260	0.02256	0.42558	
449.0	0.36225	0.36733	0.37745	0.41870	0.41860	0.41834	0.24027	0.24820	0.25839	0.19426	0.19866	0.20465	0.17274	0.17240	0.17344	0.13603	0.13951	0.14610	0.06185	0.06351	0.06638	0.03342	0.03414	0.03571	0.02228	0.02226	0.02231	0.41830	
448.0	0.34563	0.35123	0.36140	0.41089	0.41063	0.41047	0.22663	0.23491	0.24544	0.18354	0.18816	0.19440	0.16592	0.16546	0.16660	0.12900	0.13271	0.13954	0.05786	0.05945	0.06251	0.03149	0.03221	0.03397	0.02204	0.02203	0.02199	0.41051	
447.0	0.32969	0.33522	0.34584	0.40216	0.40196	0.40182	0.21355	0.22216	0.23306	0.17326	0.17816	0.18448	0.15902	0.15852	0.15989	0.12237	0.12615	0.13333	0.05402	0.05577	0.05882	0.02986	0.03050	0.03223	0.02172	0.02171	0.02166	0.40191	
446.0	0.31544	0.32054	0.33167	0.39344	0.39330	0.39308	0.20214	0.21090	0.22208	0.16414	0.16909	0.17582	0.15291	0.15246	0.15385	0.11642	0.12025	0.12768	0.05074	0.05246	0.05564	0.02821	0.02891	0.03072	0.02149	0.02151	0.02138	0.39332	
445.0	0.29989	0.30556	0.31655	0.38296	0.38284	0.38267	0.18978	0.19879	0.21000	0.15442	0.15945	0.16622	0.14598	0.14578	0.14719	0.10984	0.11398	0.12136	0.04710	0.04894	0.05217	0.02641	0.02715	0.02914	0.02119	0.02107	0.02105	0.38277	
444.0	0.28354	0.28937	0.30049	0.37121	0.37106	0.37097	0.17766	0.18671	0.19791	0.14468	0.14984	0.15656	0.13897	0.13876	0.14017	0.10346	0.10743	0.11487	0.04351	0.04538	0.04867	0.02474	0.02540	0.02730	0.02075	0.02085	0.02071	0.37106	
443.0	0.26993	0.27589	0.28678	0.36032	0.36011	0.35988	0.16753	0.17663	0.18781	0.13663	0.14169	0.14854	0.13282	0.13257	0.13401	0.09792	0.10195	0.10958	0.04047	0.04239	0.04567	0.02316	0.02396	0.02586	0.02035	0.02036	0.02031	0.36014	
442.0	0.25761	0.26322	0.27390	0.34938	0.34932	0.34912	0.15834	0.16735	0.17851	0.12925	0.13454	0.14123	0.12717	0.12685	0.12834	0.09298	0.09701	0.10449	0.03790	0.03983	0.04308	0.02188	0.02270	0.02460	0.02004	0.02003	0.02000	0.34940	
441.0	0.24562	0.25113	0.26206	0.33784	0.33782	0.33771	0.14963	0.15867	0.16981	0.12243	0.12760	0.13427	0.12156	0.12125	0.12271	0.08805	0.09215	0.09969	0.03531	0.03727	0.04044	0.02058	0.02136	0.02320	0.01952	0.01950	0.01948	0.33792	
440.0	0.23521	0.24060	0.25117	0.32739	0.32729	0.32706	0.14220	0.15109	0.16212	0.11635	0.12146	0.12822	0.11648	0.11629	0.11771	0.08399	0.08788	0.09519	0.03323	0.03491	0.03820	0.01946	0.02017	0.02203	0.01907	0.01910	0.01899	0.32732	
439.0	0.22338	0.22887	0.23940	0.31534	0.31513	0.31508	0.13411	0.14284	0.15355	0.10974	0.11489	0.12137	0.11090	0.11060	0.11225	0.07926	0.08325	0.09042	0.03064	0.03246	0.03567	0.01811	0.01886	0.02069	0.01848	0.01852	0.01849	0.31537	
438.0	0.21315	0.21887	0.22910	0.30424	0.30422	0.30395	0.12707	0.13566	0.14642	0.10414	0.10907	0.11551	0.10615	0.10587	0.10749	0.07534	0.07917	0.08632	0.02863	0.03038	0.03350	0.01701	0.01775	0.01946	0.01815	0.01805	0.01805	0.30441	
437.0	0.20389	0.20957	0.21954	0.29412	0.29400	0.29398	0.12086	0.12929	0.13983	0.09897	0.10390	0.11018	0.10152	0.10140	0.10280	0.07171	0.07555	0.08231	0.02667	0.02838	0.03147	0.01594	0.01658	0.01831	0.01761	0.01771	0.01752	0.29425	
436.0	0.19452	0.19996	0.20980	0.28377	0.28366	0.28363	0.11464	0.12314	0.13310	0.09398	0.09891	0.10499	0.09722	0.09699	0.09840	0.06813	0.07183	0.07866	0.02479	0.02656	0.02958	0.01501	0.01564	0.01741	0.01727	0.01718	0.01722	0.28409	
435.0	0.18672	0.19162	0.20193	0.27483	0.27464	0.27451	0.10932	0.11753	0.12753	0.08963	0.09437	0.10049	0.09316	0.09296	0.09453	0.06497	0.06868	0.07537	0.02322	0.02492	0.02783	0.01406	0.01470	0.01648	0.01691	0.01688	0.01681	0.27501	
434.0	0.17944	0.18448	0.19403	0.26631	0.26629	0.26614	0.10441	0.11252	0.12229	0.08563	0.09026	0.09636	0.08953	0.08938	0.09084	0.06219	0.06567	0.07232	0.02177	0.02344	0.02628	0.01331	0.01395	0.01565	0.01643	0.01634	0.01648	0.26663	
433.0	0.17146	0.17664	0.18591	0.25743	0.25739	0.25733	0.09908	0.10708	0.11677	0.08147	0.08595	0.09189	0.08585	0.08563	0.08712	0.05919	0.06269	0.06907	0.02031	0.02192	0.02465	0.01246	0.01311	0.01488	0.01627	0.01619	0.01616	0.25776	
432.0	0.16425	0.16934	0.17867	0.24972	0.24971	0.24962	0.09433	0.10218	0.11159	0.07751	0.08209	0.08783	0.08242	0.08238	0.08355	0.05648	0.05983	0.06610	0.01884	0.02036	0.02320	0.01171	0.01239	0.01406	0.01587	0.01593	0.01595	0.25006	
431.0	0.15786	0.16276	0.17176	0.24264	0.24255	0.24246	0.08980	0.09755	0.10682	0.07383	0.07829	0.08417	0.07930	0.07912	0.08042	0.05383	0.05718	0.06347	0.01746	0.01904	0.02173	0.01093	0.01161	0.01315	0.01550	0.01556	0.01545	0.24304	
430.0	0.15106	0.15591	0.16497	0.23570	0.23564	0.23555	0.08521	0.09291	0.10207	0.07005	0.07452	0.08024	0.07603	0.07597	0.07726	0.05111	0.05450	0.06067	0.01603	0.01764	0.02024	0.01014	0.01084	0.01246	0.01516	0.01511	0.01510	0.23607	
429.0	0.14502	0.14972	0.15858	0.22957	0.22948	0.22951	0.08126	0.08876	0.09788	0.06683	0.07127	0.07689	0.07298	0.07298	0.07429	0.04878	0.05210	0.05823	0.01472	0.01628	0.01895	0.00952	0.01017	0.01169	0.01486	0.01495	0.01493	0.23003	
428.0	0.13917	0.14385	0.15257	0.22364	0.22367	0.22339	0.07733	0.08495	0.09374	0.06371	0.06807	0.07347	0.07031	0.07034	0.07163	0.04650	0.04996	0.05594	0.01359	0.01521	0.01781	0.00888	0.00959	0.01104	0.01472	0.01479	0.01478	0.22400	
427.0	0.13387	0.13868	0.14733	0.21773	0.21772	0.21762	0.07356	0.08100	0.08968	0.06069	0.06498	0.07037	0.06781	0.06776	0.06916	0.04454	0.04780	0.05380	0.01260	0.01416	0.01671	0.00846	0.00907	0.01062	0.01459	0.01466	0.01458	0.21811	
426.0	0.12828	0.13297	0.14137	0.21194	0.21180	0.21172	0.06979	0.07718	0.08594	0.05759	0.06191	0.06733	0.06515	0.06514	0.06656	0.04239	0.04558	0.05141	0.01141	0.01290	0.01556	0.00778	0.00844	0.00992	0.01431	0.01434	0.01431	0.21231	
425.0	0.12301	0.12765	0.13602	0.20594	0.20593	0.20579	0.06601	0.07345	0.08197	0.05456	0.05887	0.06404	0.06244	0.06233	0.06376	0.04006	0.04334	0.04915	0.01013	0.01164	0.01423	0.00696	0.00765	0.00915	0.01386	0.01379	0.01387	0.20647	
424.0	0.11821	0.12308	0.13105	0.20063	0.20052	0.20042	0.06291	0.07027	0.07886	0.05215	0.05634	0.06166	0.06028	0.06019	0.06153	0.03843	0.04168	0.04739	0.00937	0.01087	0.01340	0.00667	0.00734	0.00877	0.01383	0.01378	0.01379	0.20117	
423.0	0.11309	0.11736	0.12580	0.19461	0.19455	0.19447	0.05951	0.06673	0.07503	0.04936	0.05354	0.05868	0.05774	0.05775	0.05913	0.03634	0.03954	0.04516	0.00836	0.00985	0.01228	0.00609	0.00667	0.00815	0.01356	0.01352	0.01353	0.19519	
422.0	0.10790	0.11246	0.12049	0.18838	0.18838	0.18834	0.05624	0.06332	0.07143	0.04665	0.05075	0.05580	0.05521	0.05517	0.05644	0.03443	0.03751	0.04301	0.00725	0.00871	0.01109	0.00550	0.00608	0.00751	0.01318	0.01322	0.01323	0.18897	
421.0	0.10341	0.10782	0.11556	0.18219	0.18217	0.18214	0.05339	0.06035	0.06831	0.04433	0.04841	0.05330	0.05281	0.05277	0.05411	0.03273	0.03573	0.04113	0.00637	0.00789	0.01016	0.00510	0.00567	0.00707	0.01303	0.01290	0.01296	0.18273	
420.0	0.09905	0.10314	0.11075	0.17599	0.17599	0.17593	0.05058	0.05751	0.06521	0.04197	0.04596	0.05078	0.05054	0.05055	0.05183	0.03098	0.03390	0.03919	0.00545	0.00701	0.00927	0.00452	0.00509	0.00647	0.01263	0.01264	0.01263	0.17659	
419.0	0.09429	0.09839	0.10589	0.16931	0.16923	0.16932	0.04782	0.05439	0.06203	0.03957	0.04349	0.04825	0.04813	0.04815	0.04934	0.02922	0.03208	0.03723	0.00459	0.00608	0.00831	0.00391	0.00462	0.00590	0.01237	0.01236	0.01230	0.16991	
418.0	0.08997	0.09403	0.10117	0.16283	0.16281	0.16272	0.04523	0.05170	0.05901	0.03745	0.04128	0.04581	0.04582	0.04586	0.04704	0.02755	0.03049	0.03536	0.00385	0.00524	0.00734	0.00351	0.00409	0.00539	0.01204	0.01202	0.01200	0.16352	
417.0	0.08600	0.08988	0.09679	0.15671	0.15665	0.15662	0.04299	0.04921	0.05622	0.03561	0.03911	0.04374	0.04360	0.04372	0.04481	0.02601	0.02881	0.03359	0.00309	0.00433	0.00651	0.00308	0.00361	0.00480	0.01170	0.01181	0.01174	0.15739	
416.0	0.08138	0.08498	0.09183	0.14964	0.14966	0.14955	0.04050	0.04653	0.05329	0.03342	0.03689	0.04129	0.04115	0.04129	0.04244	0.02447	0.02702	0.03173	0.00225	0.00357	0.00561	0.00256	0.00314	0.00417	0.01140	0.01130	0.01133	0.15030	
415.0	0.07726	0.08091	0.08730	0.14333	0.14317	0.14313	0.03811	0.04411	0.05064	0.03152	0.03485	0.03901	0.03897	0.03892	0.03999	0.02278	0.02537	0.02989	0.00144	0.00257	0.00464	0.00197	0.00244	0.00370	0.01093	0.01094	0.01094	0.14396	
414.0	0.07389	0.07746	0.08383	0.13748	0.13742	0.13743	0.03665	0.04207	0.04838	0.02997	0.03336	0.03718	0.03705	0.03706	0.03820	0.02169	0.02404	0.02839	0.00090	0.00205	0.00398	0.00160	0.00206	0.00327	0.01059	0.01065	0.01064	0.13812	
413.0	0.07057	0.07405	0.07978	0.13174	0.13161	0.13163	0.03474	0.04027	0.04619	0.02866	0.03175	0.03555	0.03533	0.03537	0.03642	0.02046	0.02289	0.02697	0.00042	0.00161	0.00335	0.00126	0.00193	0.00282	0.01041	0.01042	0.01054	0.13248	
412.0	0.06725	0.07043	0.07628	0.12598	0.12595	0.12584	0.03311	0.03828	0.04408	0.02722	0.03026	0.03390	0.03356	0.03356	0.03453	0.01940	0.02154	0.02555	-0.00005	0.00106	0.00284	0.00102	0.00148	0.00242	0.01020	0.01029	0.01021	0.12666	
411.0	0.06452	0.06763	0.07326	0.12112	0.12127	0.12112	0.03200	0.03696	0.04251	0.02616	0.02920	0.03268	0.03213	0.03205	0.03299	0.01855	0.02075	0.02453	-0.00030	0.00066	0.00225	0.00089	0.00135	0.00230	0.01019	0.01013	0.01014	0.12191	
410.0	0.06204	0.06532	0.07042	0.11634	0.11621	0.11635	0.03084	0.03554	0.04099	0.02507	0.02807	0.03126	0.03057	0.03069	0.03158	0.01765	0.01972	0.02344	-0.00066	0.00019	0.00189	0.00064	0.00098	0.00187	0.00991	0.00976	0.00991	0.11714	
409.0	0.06001	0.06320	0.06815	0.11210	0.11210	0.11217	0.02987	0.03460	0.03974	0.02437	0.02710	0.03032	0.02954	0.02963	0.03059	0.01705	0.01919	0.02260	-0.00092	0.00010	0.00163	0.00048	0.00088	0.00180	0.00976	0.00977	0.00989	0.11298	
408.0	0.05818	0.06067	0.06573	0.10810	0.10813	0.10816	0.02879	0.03326	0.03831	0.02334	0.02601	0.02903	0.02829	0.02831	0.02923	0.01617	0.01813	0.02150	-0.00142	-0.00034	0.00111	0.00008	0.00052	0.00137	0.00950	0.00946	0.00949	0.10908	
407.0	0.05624	0.05911	0.06380	0.10487	0.10502	0.10495	0.02816	0.03244	0.03724	0.02291	0.02540	0.02829	0.02750	0.02749	0.02836	0.01563	0.01757	0.02093	-0.00147	-0.00050	0.00095	0.00020	0.00035	0.00142	0.00960	0.00956	0.00962	0.10583	
406.0	0.05458	0.05736	0.06218	0.10219	0.10223	0.10210	0.02734	0.03158	0.03630	0.02202	0.02469	0.02760	0.02651	0.02648	0.02733	0.01506	0.01701	0.02020	-0.00191	-0.00084	0.00055	-0.00021	0.00021	0.00112	0.00934	0.00941	0.00927	0.10299	
405.0	0.05352	0.05612	0.06078	0.09984	0.09984	0.09988	0.02682	0.03102	0.03559	0.02163	0.02410	0.02698	0.02579	0.02579	0.02656	0.01466	0.01662	0.01965	-0.00200	-0.00116	0.00025	-0.00030	0.00011	0.00082	0.00901	0.00912	0.00915	0.10074	
404.0	0.05298	0.05562	0.05999	0.09814	0.09809	0.09804	0.02661	0.03077	0.03526	0.02144	0.02393	0.02676	0.02548	0.02550	0.02624	0.01448	0.01634	0.01942	-0.00201	-0.00115	0.00024	-0.00027	0.00014	0.00087	0.00916	0.00918	0.00918	0.09899	
403.0	0.05226	0.05485	0.05945	0.09659	0.09657	0.09659	0.02619	0.03029	0.03492	0.02112	0.02354	0.02642	0.02515	0.02511	0.02585	0.01417	0.01603	0.01909	-0.00204	-0.00121	0.00013	-0.00031	-0.00005	0.00076	0.00905	0.00899	0.00905	0.09740	
402.0	0.05175	0.05413	0.05887	0.09540	0.09545	0.09534	0.02585	0.02994	0.03451	0.02085	0.02336	0.02599	0.02485	0.02491	0.02565	0.01409	0.01583	0.01885	-0.00199	-0.00117	0.00017	-0.00035	-0.00009	0.00075	0.00915	0.00911	0.00909	0.09628	
401.0	0.05109	0.05367	0.05799	0.09433	0.09444	0.09429	0.02548	0.02966	0.03394	0.02054	0.02289	0.02568	0.02451	0.02449	0.02532	0.01381	0.01557	0.01858	-0.00218	-0.00132	0.00001	-0.00051	-0.00020	0.00067	0.00899	0.00899	0.00912	0.09524	
400.0	0.05087	0.05331	0.05776	0.09391	0.09399	0.09389	0.02551	0.02931	0.03399	0.02056	0.02294	0.02559	0.02447	0.02446	0.02518	0.01382	0.01571	0.01857	-0.00208	-0.00126	-0.00001	-0.00036	0.00002	0.00074	0.00925	0.00919	0.00919	0.09480	
